Number,TimeStamp,North,East,Down,Range,Azmimuth(horizontal - Theta),Zenith(Vertical-Phi)
1,51:38.5,20.18148,-14.6433,-8.92795,26.48446,-35.96392,70.29962
2,51:38.5,20.18148,-14.6433,-8.92795,26.48446,-35.96392,70.29962
3,51:38.5,20.18148,-14.6433,-8.92895,26.4848,-35.96392,70.29758
4,51:38.6,20.18148,-14.6433,-8.92895,26.4848,-35.96392,70.29758
5,51:38.6,20.18148,-14.6433,-8.93295,26.48615,-35.96392,70.28944
6,51:38.6,20.18148,-14.6433,-8.93295,26.48615,-35.96392,70.28944
7,51:38.7,20.18148,-14.6433,-8.93295,26.48615,-35.96392,70.28944
8,51:38.7,20.18148,-14.6433,-8.93295,26.48615,-35.96392,70.28944
9,51:38.7,20.18148,-14.6433,-8.93295,26.48615,-35.96392,70.28944
10,51:38.8,20.18148,-14.6433,-8.93295,26.48615,-35.96392,70.28944
11,51:38.8,20.18148,-14.6433,-8.93295,26.48615,-35.96392,70.28944
12,51:38.8,20.18148,-14.6433,-8.93395,26.48648,-35.96392,70.2874
13,51:38.9,20.18148,-14.6433,-8.93395,26.48648,-35.96392,70.2874
14,51:38.9,20.18148,-14.6433,-8.93395,26.48648,-35.96392,70.2874
15,51:38.9,20.18148,-14.6433,-8.93395,26.48648,-35.96392,70.2874
16,51:39.0,20.18148,-14.6433,-8.93395,26.48648,-35.96392,70.2874
17,51:39.0,20.18148,-14.6433,-8.93395,26.48648,-35.96392,70.2874
18,51:39.0,20.18148,-14.54882,-8.93095,26.43336,-35.78782,70.25304
19,51:39.1,20.18148,-14.54882,-8.93095,26.43336,-35.78782,70.25304
20,51:39.1,20.18148,-14.54882,-8.93095,26.43336,-35.78782,70.25304
21,51:39.1,20.18148,-14.54882,-8.92895,26.43268,-35.78782,70.25712
22,51:39.2,20.18148,-14.54882,-8.92895,26.43268,-35.78782,70.25712
23,51:39.2,20.18148,-14.54882,-8.92595,26.43167,-35.78782,70.26325
24,51:39.2,20.18148,-14.54882,-8.92595,26.43167,-35.78782,70.26325
25,51:39.3,20.18148,-14.54882,-8.92595,26.43167,-35.78782,70.26325
26,51:39.3,20.18148,-14.54882,-8.92595,26.43167,-35.78782,70.26325
27,51:39.3,20.18148,-14.6433,-8.92495,26.48345,-35.96392,70.30573
28,51:39.4,20.18148,-14.6433,-8.92495,26.48345,-35.96392,70.30573
29,51:39.4,20.18148,-14.6433,-8.92495,26.48345,-35.96392,70.30573
30,51:39.4,20.18148,-14.6433,-8.92995,26.48513,-35.96392,70.29555
31,51:39.5,20.18148,-14.6433,-8.92995,26.48513,-35.96392,70.29555
32,51:39.5,20.18148,-14.6433,-8.92995,26.48513,-35.96392,70.29555
33,51:39.5,20.18148,-14.6433,-8.93295,26.48615,-35.96392,70.28944
34,51:39.6,20.18148,-14.6433,-8.93295,26.48615,-35.96392,70.28944
35,51:39.6,20.18148,-14.6433,-8.93395,26.48648,-35.96392,70.2874
36,51:39.6,20.18148,-14.6433,-8.93395,26.48648,-35.96392,70.2874
37,51:39.7,20.18148,-14.6433,-8.93395,26.48648,-35.96392,70.2874
38,51:39.7,20.18148,-14.6433,-8.93395,26.48648,-35.96392,70.2874
39,51:39.7,20.18148,-14.6433,-8.93495,26.48682,-35.96392,70.28536
40,51:39.8,20.18148,-14.6433,-8.93495,26.48682,-35.96392,70.28536
41,51:39.8,20.18148,-14.6433,-8.93495,26.48682,-35.96392,70.28536
42,51:39.8,20.29237,-14.6433,-8.93895,26.57275,-35.81482,70.34259
43,51:39.9,20.29237,-14.6433,-8.93895,26.57275,-35.81482,70.34259
44,51:39.9,20.29237,-14.6433,-8.93895,26.57275,-35.81482,70.34259
45,51:39.9,20.29237,-14.6433,-8.93995,26.57309,-35.81482,70.34056
46,51:40.0,20.29237,-14.6433,-8.93995,26.57309,-35.81482,70.34056
47,51:40.0,20.29237,-14.6433,-8.93995,26.57309,-35.81482,70.34056
48,51:40.0,20.29237,-14.6433,-8.94195,26.57376,-35.81482,70.3365
49,51:40.1,20.29237,-14.6433,-8.94195,26.57376,-35.81482,70.3365
50,51:40.1,20.29237,-14.6433,-8.94195,26.57376,-35.81482,70.3365
51,51:40.1,20.29237,-14.6433,-8.94395,26.57444,-35.81482,70.33244
52,51:40.2,20.29237,-14.6433,-8.94395,26.57444,-35.81482,70.33244
53,51:40.2,20.29237,-14.6433,-8.94395,26.57444,-35.81482,70.33244
54,51:40.2,20.29237,-14.6433,-8.94595,26.57511,-35.81482,70.32838
55,51:40.3,20.29237,-14.6433,-8.94595,26.57511,-35.81482,70.32838
56,51:40.3,20.29237,-14.6433,-8.94595,26.57511,-35.81482,70.32838
57,51:40.3,20.29237,-14.6433,-8.94795,26.57578,-35.81482,70.32432
58,51:40.4,20.29237,-14.6433,-8.94795,26.57578,-35.81482,70.32432
59,51:40.4,20.29237,-14.6433,-8.94795,26.57578,-35.81482,70.32432
60,51:40.4,20.29237,-14.6433,-8.95095,26.57679,-35.81482,70.31823
61,51:40.5,20.29237,-14.6433,-8.95095,26.57679,-35.81482,70.31823
62,51:40.5,20.29237,-14.6433,-8.95595,26.57848,-35.81482,70.30808
63,51:40.5,20.29237,-14.6433,-8.95595,26.57848,-35.81482,70.30808
64,51:40.6,20.29237,-14.6433,-8.95595,26.57848,-35.81482,70.30808
65,51:40.6,20.29237,-14.6433,-8.95595,26.57848,-35.81482,70.30808
66,51:40.6,20.29237,-14.6433,-8.95595,26.57848,-35.81482,70.30808
67,51:40.7,20.29237,-14.6433,-8.95595,26.57848,-35.81482,70.30808
68,51:40.7,20.29237,-14.6433,-8.93795,26.57242,-35.81482,70.34462
69,51:40.7,20.29237,-14.6433,-8.93795,26.57242,-35.81482,70.34462
70,51:40.8,20.29237,-14.6433,-8.93795,26.57242,-35.81482,70.34462
71,51:40.8,20.29237,-14.6433,-8.93795,26.57242,-35.81482,70.34462
72,51:40.8,20.29237,-14.6433,-8.86695,26.54862,-35.81482,70.48892
73,51:40.9,20.29237,-14.6433,-8.86695,26.54862,-35.81482,70.48892
74,51:40.9,20.29237,-14.6433,-8.86695,26.54862,-35.81482,70.48892
75,51:40.9,20.29237,-14.6433,-8.77295,26.51737,-35.81482,70.68036
76,51:41.0,20.29237,-14.6433,-8.77295,26.51737,-35.81482,70.68036
77,51:41.0,20.29237,-14.6433,-8.59095,26.45772,-35.81482,71.0523
78,51:41.0,20.29237,-14.6433,-8.59095,26.45772,-35.81482,71.0523
79,51:41.1,20.29237,-14.6433,-8.59095,26.45772,-35.81482,71.0523
80,51:41.1,20.29237,-14.6433,-8.59095,26.45772,-35.81482,71.0523
81,51:41.1,20.29237,-14.6433,-8.37595,26.38869,-35.81482,71.49382
82,51:41.2,20.29237,-14.6433,-8.37595,26.38869,-35.81482,71.49382
83,51:41.2,20.29237,-14.6433,-8.18195,26.32775,-35.81482,71.89419
84,51:41.2,20.29237,-14.6433,-8.18195,26.32775,-35.81482,71.89419
85,51:41.3,20.29237,-14.6433,-8.18195,26.32775,-35.81482,71.89419
86,51:41.3,20.29237,-14.6433,-8.18195,26.32775,-35.81482,71.89419
87,51:41.3,20.29236,-14.6433,-7.94795,26.25597,-35.81482,72.37954
88,51:41.4,20.29236,-14.6433,-7.94795,26.25597,-35.81482,72.37954
89,51:41.4,20.29236,-14.64329,-7.71295,26.18579,-35.81482,72.86962
90,51:41.4,20.29236,-14.64329,-7.71295,26.18579,-35.81482,72.86962
91,51:41.5,20.29236,-14.64329,-7.71295,26.18579,-35.81482,72.86962
92,51:41.5,20.29236,-14.64329,-7.52095,26.12988,-35.81482,73.27194
93,51:41.5,20.29236,-14.64329,-7.52095,26.12988,-35.81482,73.27194
94,51:41.6,20.29236,-14.64329,-7.52095,26.12988,-35.81482,73.27194
95,51:41.6,20.29236,-14.64329,-7.28795,26.06377,-35.81482,73.76248
96,51:41.6,20.29236,-14.64329,-7.28795,26.06377,-35.81482,73.76248
97,51:41.7,20.29236,-14.64329,-7.28795,26.06377,-35.81482,73.76248
98,51:41.7,20.29236,-14.64329,-7.28795,26.06377,-35.81482,73.76248
99,51:41.7,20.29236,-14.73777,-7.08695,26.06159,-35.98984,74.2208
100,51:41.8,20.29236,-14.73777,-7.08695,26.06159,-35.98984,74.2208
101,51:41.8,20.29236,-14.73777,-6.90695,26.01322,-35.98984,74.60233
102,51:41.8,20.29236,-14.73777,-6.90695,26.01322,-35.98984,74.60233
103,51:41.9,20.29236,-14.73777,-6.90695,26.01322,-35.98984,74.60233
104,51:41.9,20.29236,-14.73777,-6.90695,26.01322,-35.98984,74.60233
105,51:41.9,20.29236,-14.73777,-6.74395,25.97042,-35.98984,74.94903
106,51:42.0,20.29236,-14.73777,-6.74395,25.97042,-35.98984,74.94903
107,51:42.0,20.29236,-14.73777,-6.74395,25.97042,-35.98984,74.94903
108,51:42.0,20.29236,-14.73776,-6.58595,25.92984,-35.98984,75.28618
109,51:42.1,20.29236,-14.73776,-6.58595,25.92984,-35.98984,75.28618
110,51:42.1,20.29236,-14.73776,-6.46195,25.89862,-35.98984,75.55151
111,51:42.1,20.29236,-14.73776,-6.46195,25.89862,-35.98984,75.55151
112,51:42.2,20.29236,-14.73776,-6.46195,25.89862,-35.98984,75.55151
113,51:42.2,20.18147,-14.73776,-6.33695,25.78082,-36.13924,75.77082
114,51:42.2,20.18147,-14.73776,-6.33695,25.78082,-36.13924,75.77082
115,51:42.3,20.18147,-14.73776,-6.33695,25.78082,-36.13924,75.77082
116,51:42.3,20.18147,-14.73776,-6.24795,25.75908,-36.13924,75.96271
117,51:42.3,20.18147,-14.73776,-6.24695,25.75884,-36.13924,75.96487
118,51:42.4,20.18147,-14.73776,-6.24695,25.75884,-36.13924,75.96487
119,51:42.4,20.18147,-14.73776,-6.19095,25.74532,-36.13924,76.08578
120,51:42.4,20.18147,-14.73776,-6.19095,25.74532,-36.13924,76.08578
121,51:42.5,20.18147,-14.73776,-6.19095,25.74532,-36.13924,76.08578
122,51:42.5,20.18147,-14.73776,-6.16395,25.73884,-36.13924,76.14412
123,51:42.5,20.18147,-14.73776,-6.16495,25.73908,-36.13924,76.14196
124,51:42.6,20.18147,-14.73776,-6.16495,25.73908,-36.13924,76.14196
125,51:42.6,20.18147,-14.73776,-6.16395,25.73884,-36.13924,76.14412
126,51:42.6,20.18147,-14.73776,-6.16395,25.73884,-36.13924,76.14412
127,51:42.7,20.18147,-14.73776,-6.16395,25.73884,-36.13924,76.14412
128,51:42.7,20.18147,-14.73776,-6.17695,25.74195,-36.13924,76.11602
129,51:42.7,20.18147,-14.73776,-6.17695,25.74195,-36.13924,76.11602
130,51:42.8,20.18147,-14.73776,-6.17695,25.74195,-36.13924,76.11602
131,51:42.8,20.18147,-14.73776,-6.19795,25.747,-36.13924,76.07066
132,51:42.8,20.18147,-14.73776,-6.19795,25.747,-36.13924,76.07066
133,51:42.9,20.18147,-14.73776,-6.19795,25.747,-36.13924,76.07066
134,51:42.9,20.18147,-14.73776,-6.19795,25.747,-36.13924,76.07066
135,51:42.9,20.18147,-14.73776,-6.21495,25.7511,-36.13924,76.03394
136,51:43.0,20.18147,-14.73776,-6.21495,25.7511,-36.13924,76.03394
137,51:43.0,20.18147,-14.73776,-6.27395,25.7654,-36.13924,75.90662
138,51:43.0,20.18147,-14.73776,-6.27395,25.7654,-36.13924,75.90662
139,51:43.1,20.18147,-14.73776,-6.27395,25.7654,-36.13924,75.90662
140,51:43.1,20.18147,-14.73776,-6.29295,25.77004,-36.13924,75.86565
141,51:43.1,20.18147,-14.73776,-6.29295,25.77004,-36.13924,75.86565
142,51:43.2,20.18147,-14.73776,-6.29295,25.77004,-36.13924,75.86565
143,51:43.2,20.18147,-14.73776,-6.30195,25.77224,-36.13924,75.84625
144,51:43.2,20.18147,-14.73776,-6.30195,25.77224,-36.13924,75.84625
145,51:43.3,20.18147,-14.73776,-6.30195,25.77224,-36.13924,75.84625
146,51:43.3,20.07059,-14.73776,-6.30595,25.68648,-36.28971,75.7888
147,51:43.3,20.07059,-14.73776,-6.30595,25.68648,-36.28971,75.7888
148,51:43.4,20.07059,-14.73776,-6.30595,25.68648,-36.28971,75.7888
149,51:43.4,20.07059,-14.73776,-6.30895,25.68721,-36.28971,75.78231
150,51:43.4,20.07059,-14.73776,-6.30895,25.68721,-36.28971,75.78231
151,51:43.5,20.07059,-14.73776,-6.30895,25.68721,-36.28971,75.78231
152,51:43.5,20.07059,-14.73776,-6.30595,25.68648,-36.28971,75.7888
153,51:43.5,20.07059,-14.73776,-6.30595,25.68648,-36.28971,75.7888
154,51:43.6,20.07059,-14.73776,-6.30595,25.68648,-36.28971,75.7888
155,51:43.6,20.07059,-14.73776,-6.29995,25.685,-36.28971,75.80177
156,51:43.6,20.07059,-14.73776,-6.29995,25.685,-36.28971,75.80177
157,51:43.7,20.07059,-14.73776,-6.29995,25.685,-36.28971,75.80177
158,51:43.7,20.07059,-14.73776,-6.29995,25.685,-36.28971,75.80177
159,51:43.7,19.9597,-14.73776,-6.28895,25.59574,-36.44127,75.77662
160,51:43.8,19.9597,-14.73776,-6.28895,25.59574,-36.44127,75.77662
161,51:43.8,19.9597,-14.73776,-6.25095,25.58643,-36.44127,75.8591
162,51:43.8,19.9597,-14.73776,-6.25095,25.58643,-36.44127,75.8591
163,51:43.9,19.9597,-14.73776,-6.25095,25.58643,-36.44127,75.8591
164,51:43.9,19.9597,-14.73776,-6.23695,25.58302,-36.44127,75.88951
165,51:43.9,19.9597,-14.73776,-6.23695,25.58302,-36.44127,75.88951
166,51:44.0,19.9597,-14.73776,-6.23695,25.58302,-36.44127,75.88951
167,51:44.0,19.84881,-14.73776,-6.22195,25.49293,-36.59393,75.87337
168,51:44.0,19.84881,-14.73776,-6.22195,25.49293,-36.59393,75.87337
169,51:44.1,19.84881,-14.73776,-6.22195,25.49293,-36.59393,75.87337
170,51:44.1,19.84881,-14.73776,-6.22195,25.49293,-36.59393,75.87337
171,51:44.1,19.84881,-14.64329,-6.20595,25.43453,-36.41773,75.87742
172,51:44.2,19.84881,-14.64329,-6.20595,25.43453,-36.41773,75.87742
173,51:44.2,19.73792,-14.64329,-6.18095,25.34198,-36.57121,75.88306
174,51:44.2,19.73792,-14.64329,-6.18095,25.34198,-36.57121,75.88306
175,51:44.3,19.73792,-14.64329,-6.18095,25.34198,-36.57121,75.88306
176,51:44.3,19.62704,-14.64329,-6.17595,25.25448,-36.72579,75.84483
177,51:44.3,19.62704,-14.64329,-6.17495,25.25424,-36.72579,75.84703
178,51:44.4,19.62704,-14.64329,-6.17495,25.25424,-36.72579,75.84703
179,51:44.4,19.51615,-14.64329,-6.16895,25.16668,-36.88151,75.81085
180,51:44.4,19.51615,-14.64329,-6.16895,25.16668,-36.88151,75.81085
181,51:44.5,19.51615,-14.64329,-6.16895,25.16668,-36.88151,75.81085
182,51:44.5,19.40526,-14.54882,-6.16395,25.02452,-36.8602,75.74035
183,51:44.5,19.40526,-14.54882,-6.16495,25.02477,-36.8602,75.73813
184,51:44.6,19.40526,-14.54882,-6.16495,25.02477,-36.8602,75.73813
185,51:44.6,19.29437,-14.54882,-6.15695,24.9369,-37.01792,75.70578
186,51:44.6,19.29437,-14.54882,-6.15695,24.9369,-37.01792,75.70578
187,51:44.7,19.29437,-14.54882,-6.15695,24.9369,-37.01792,75.70578
188,51:44.7,19.0726,-14.54882,-6.15595,24.76546,-37.33684,75.60708
189,51:44.7,19.0726,-14.54882,-6.15495,24.76521,-37.33684,75.60932
190,51:44.8,19.0726,-14.54882,-6.15495,24.76521,-37.33684,75.60932
191,51:44.8,18.96171,-14.45434,-6.15496,24.62434,-37.31795,75.5252
192,51:44.8,18.96171,-14.45434,-6.15496,24.62434,-37.31795,75.5252
193,51:44.9,18.96171,-14.45434,-6.15496,24.62434,-37.31795,75.5252
194,51:44.9,18.73994,-14.45434,-6.15896,24.45498,-37.64344,75.41306
195,51:44.9,18.73994,-14.45434,-6.15996,24.45523,-37.64344,75.41079
196,51:45.0,18.73994,-14.45434,-6.15996,24.45523,-37.64344,75.41079
197,51:45.0,18.62905,-14.35987,-6.16596,24.31597,-37.62619,75.31075
198,51:45.0,18.62905,-14.35987,-6.16596,24.31597,-37.62619,75.31075
199,51:45.1,18.62905,-14.35987,-6.16596,24.31597,-37.62619,75.31075
200,51:45.1,18.51816,-14.2654,-6.16896,24.17602,-37.60872,75.21643
201,51:45.1,18.51816,-14.2654,-6.16896,24.17602,-37.60872,75.21643
202,51:45.2,18.51816,-14.2654,-6.16896,24.17602,-37.60872,75.21643
203,51:45.2,18.29639,-14.17092,-6.16996,23.95081,-37.75851,75.07173
204,51:45.2,18.29639,-14.17092,-6.16996,23.95081,-37.75851,75.07173
205,51:45.3,18.29639,-14.17092,-6.16996,23.95081,-37.75851,75.07173
206,51:45.3,18.07461,-14.07645,-6.17296,23.72643,-37.91134,74.91972
207,51:45.3,18.07461,-14.07645,-6.17296,23.72643,-37.91134,74.91972
208,51:45.4,18.07461,-14.07645,-6.17296,23.72643,-37.91134,74.91972
209,51:45.4,17.96373,-13.98198,-6.18096,23.58804,-37.89523,74.80898
210,51:45.4,17.96373,-13.98198,-6.18096,23.58804,-37.89523,74.80898
211,51:45.5,17.96373,-13.98198,-6.18096,23.58804,-37.89523,74.80898
212,51:45.5,17.74195,-13.79303,-6.18496,23.30833,-37.86238,74.61201
213,51:45.5,17.74195,-13.79303,-6.18496,23.30833,-37.86238,74.61201
214,51:45.6,17.74195,-13.79303,-6.18496,23.30833,-37.86238,74.61201
215,51:45.6,17.63107,-13.69856,-6.18796,23.16886,-37.84563,74.50936
216,51:45.6,17.63107,-13.69856,-6.18796,23.16886,-37.84563,74.50936
217,51:45.7,17.63107,-13.69856,-6.18796,23.16886,-37.84563,74.50936
218,51:45.7,17.40929,-13.50961,-6.19196,22.88959,-37.81147,74.30513
219,51:45.7,17.40929,-13.50961,-6.19196,22.88959,-37.81147,74.30513
220,51:45.8,17.40929,-13.50961,-6.19196,22.88959,-37.81147,74.30513
221,51:45.8,17.29841,-13.32067,-6.20396,22.69723,-37.59813,74.13714
222,51:45.8,17.29841,-13.32067,-6.20496,22.6975,-37.59813,74.13471
223,51:45.9,17.29841,-13.32067,-6.20496,22.6975,-37.59813,74.13471
224,51:45.9,17.07663,-13.13172,-6.20796,22.41857,-37.55985,73.92403
225,51:45.9,17.07663,-13.13172,-6.20696,22.41829,-37.55985,73.92649
226,51:46.0,17.07663,-13.13172,-6.20696,22.41829,-37.55985,73.92649
227,51:46.0,16.96574,-13.03725,-6.21196,22.27992,-37.54031,73.81054
228,51:46.0,16.96574,-13.03725,-6.21196,22.27992,-37.54031,73.81054
229,51:46.1,16.96574,-13.03725,-6.21196,22.27992,-37.54031,73.81054
230,51:46.1,16.85486,-12.8483,-6.21296,22.08543,-37.31794,73.66129
231,51:46.1,16.85486,-12.8483,-6.21296,22.08543,-37.31794,73.66129
232,51:46.2,16.85486,-12.8483,-6.21296,22.08543,-37.31794,73.66129
233,51:46.2,16.63308,-12.56488,-6.20697,21.74999,-37.06796,73.41856
234,51:46.2,16.63308,-12.56488,-6.20697,21.74999,-37.06796,73.41856
235,51:46.3,16.63308,-12.56488,-6.20697,21.74999,-37.06796,73.41856
236,51:46.3,16.41131,-12.37594,-6.20197,21.46996,-37.02033,73.20985
237,51:46.3,16.41131,-12.37594,-6.20197,21.46996,-37.02033,73.20985
238,51:46.4,16.41131,-12.37594,-6.20197,21.46996,-37.02033,73.20985
239,51:46.4,16.30042,-12.18699,-6.19797,21.27537,-36.78359,73.06292
240,51:46.4,16.30042,-12.18699,-6.19797,21.27537,-36.78359,73.06292
241,51:46.5,16.30042,-12.18699,-6.19797,21.27537,-36.78359,73.06292
242,51:46.5,16.07865,-11.90357,-6.19297,20.94208,-36.51382,72.79935
243,51:46.5,16.07865,-11.90357,-6.19297,20.94208,-36.51382,72.79935
244,51:46.6,16.07865,-11.90357,-6.19297,20.94208,-36.51382,72.79935
245,51:46.6,15.85687,-11.71463,-6.18397,20.66191,-36.45598,72.58484
246,51:46.6,15.85687,-11.71463,-6.18397,20.66191,-36.45598,72.58484
247,51:46.7,15.85687,-11.71463,-6.18397,20.66191,-36.45598,72.58484
248,51:46.7,15.6351,-11.43121,-6.18197,20.3309,-36.17147,72.29792
249,51:46.7,15.6351,-11.43121,-6.18197,20.3309,-36.17147,72.29792
250,51:46.8,15.6351,-11.43121,-6.18197,20.3309,-36.17147,72.29792
251,51:46.8,15.41332,-11.14779,-6.18297,20.00182,-35.87659,71.99377
252,51:46.8,15.41332,-11.14779,-6.18297,20.00182,-35.87659,71.99377
253,51:46.9,15.41332,-11.14779,-6.18297,20.00182,-35.87659,71.99377
254,51:46.9,15.19155,-10.86437,-6.18197,19.67319,-35.57079,71.68546
255,51:46.9,15.19155,-10.86437,-6.18197,19.67319,-35.57079,71.68546
256,51:47.0,15.19155,-10.86437,-6.18197,19.67319,-35.57079,71.68546
257,51:47.0,15.08066,-10.58095,-6.18297,19.43224,-35.05442,71.44704
258,51:47.0,15.08066,-10.58095,-6.18297,19.43224,-35.05442,71.44704
259,51:47.1,15.08066,-10.58095,-6.18297,19.43224,-35.05442,71.44704
260,51:47.1,14.85889,-10.29753,-6.18497,19.10706,-34.72281,71.11311
261,51:47.1,14.85889,-10.29753,-6.18497,19.10706,-34.72281,71.11311
262,51:47.2,14.85889,-10.29753,-6.18497,19.10706,-34.72281,71.11311
263,51:47.2,14.748,-10.01412,-6.18598,18.86935,-34.1771,70.86277
264,51:47.2,14.748,-10.01412,-6.18598,18.86935,-34.1771,70.86277
265,51:47.3,14.748,-10.01412,-6.18598,18.86935,-34.1771,70.86277
266,51:47.3,14.52623,-9.63622,-6.18898,18.49788,-33.559,70.45315
267,51:47.3,14.52623,-9.63622,-6.18898,18.49788,-33.559,70.45315
268,51:47.4,14.52623,-9.63622,-6.18898,18.49788,-33.559,70.45315
269,51:47.4,14.41534,-9.25833,-6.19298,18.21735,-32.71083,70.12621
270,51:47.4,14.41534,-9.25833,-6.19298,18.21735,-32.71083,70.12621
271,51:47.5,14.41534,-9.25833,-6.19298,18.21735,-32.71083,70.12621
272,51:47.5,14.30445,-8.88044,-6.19798,17.94142,-31.8327,69.79034
273,51:47.5,14.30445,-8.88044,-6.19798,17.94142,-31.8327,69.79034
274,51:47.6,14.30445,-8.88044,-6.19798,17.94142,-31.8327,69.79034
275,51:47.6,14.19357,-8.50255,-6.20398,17.67032,-30.92341,69.44563
276,51:47.6,14.19357,-8.50255,-6.20398,17.67032,-30.92341,69.44563
277,51:47.7,14.19357,-8.50255,-6.20398,17.67032,-30.92341,69.44563
278,51:47.7,14.19357,-8.12466,-6.20598,17.49233,-29.78762,69.21986
279,51:47.7,14.19357,-8.12466,-6.20598,17.49233,-29.78762,69.21986
280,51:47.8,14.19357,-8.12466,-6.20598,17.49233,-29.78762,69.21986
281,51:47.8,14.08268,-7.74677,-6.21098,17.23109,-28.81484,68.87205
282,51:47.8,14.08268,-7.74677,-6.21098,17.23109,-28.81484,68.87205
283,51:47.9,14.08268,-7.74677,-6.21098,17.23109,-28.81484,68.87205
284,51:47.9,14.08268,-7.36888,-6.21098,17.06454,-27.62118,68.65579
285,51:47.9,14.08268,-7.36888,-6.21098,17.06454,-27.62118,68.65579
286,51:48.0,14.08268,-7.36888,-6.21098,17.06454,-27.62118,68.65579
287,51:48.0,14.08268,-7.08546,-6.21198,16.94445,-26.70847,68.49339
288,51:48.0,14.08268,-7.08546,-6.21198,16.94445,-26.70847,68.49339
289,51:48.1,14.08268,-7.08546,-6.21198,16.94445,-26.70847,68.49339
290,51:48.1,14.19357,-6.70757,-6.21298,16.88342,-25.29439,68.40811
291,51:48.1,14.19357,-6.70757,-6.21298,16.88342,-25.29439,68.40811
292,51:48.2,14.19357,-6.70757,-6.21298,16.88342,-25.29439,68.40811
293,51:48.2,14.19357,-6.32968,-6.21598,16.738,-24.03467,68.1999
294,51:48.2,14.19357,-6.32968,-6.21598,16.738,-24.03467,68.1999
295,51:48.3,14.19357,-6.32968,-6.21598,16.738,-24.03467,68.1999
296,51:48.3,14.30446,-5.95179,-6.21398,16.69296,-22.59118,68.14545
297,51:48.3,14.30446,-5.95179,-6.21398,16.69296,-22.59118,68.14545
298,51:48.4,14.30446,-5.95179,-6.21398,16.69296,-22.59118,68.14545
299,51:48.4,14.30446,-5.66837,-6.20898,16.59215,-21.61673,68.02438
300,51:48.4,14.30446,-5.66837,-6.20898,16.59215,-21.61673,68.02438
301,51:48.5,14.30446,-5.66837,-6.20898,16.59215,-21.61673,68.02438
302,51:48.5,14.41534,-5.29048,-6.20398,16.56142,-20.1533,68.00013
303,51:48.5,14.41534,-5.29048,-6.20498,16.5618,-20.1533,67.99693
304,51:48.6,14.41534,-5.29048,-6.20498,16.5618,-20.1533,67.99693
305,51:48.6,14.63712,-4.91259,-6.19398,16.63563,-18.55305,68.14047
306,51:48.6,14.63712,-4.91259,-6.19398,16.63563,-18.55305,68.14047
307,51:48.7,14.63712,-4.91259,-6.19398,16.63563,-18.55305,68.14047
308,51:48.7,14.74801,-4.53469,-6.19198,16.62552,-17.09154,68.13392
309,51:48.7,14.74801,-4.53469,-6.19198,16.62552,-17.09154,68.13392
310,51:48.8,14.74801,-4.53469,-6.19198,16.62552,-17.09154,68.13392
311,51:48.8,14.96978,-4.25128,-6.19198,16.74838,-15.85404,68.3025
312,51:48.8,14.96978,-4.25128,-6.19198,16.74838,-15.85404,68.3025
313,51:48.9,14.96978,-4.25128,-6.19198,16.74838,-15.85404,68.3025
314,51:48.9,15.08067,-3.96786,-6.19598,16.77977,-14.74094,68.33044
315,51:48.9,15.08067,-3.96786,-6.19498,16.7794,-14.74094,68.33361
316,51:49.0,15.08067,-3.96786,-6.19498,16.7794,-14.74094,68.33361
317,51:49.0,15.30244,-3.58997,-6.20498,16.89835,-13.20288,68.45731
318,51:49.0,15.30244,-3.58997,-6.20498,16.89835,-13.20288,68.45731
319,51:49.1,15.30244,-3.58997,-6.20498,16.89835,-13.20288,68.45731
320,51:49.1,15.52422,-3.40102,-6.20898,17.06223,-12.35704,68.65997
321,51:49.1,15.52422,-3.40102,-6.20898,17.06223,-12.35704,68.65997
322,51:49.2,15.52422,-3.40102,-6.20898,17.06223,-12.35704,68.65997
323,51:49.2,15.85688,-3.1176,-6.21398,17.31397,-11.12299,68.96736
324,51:49.2,15.85688,-3.1176,-6.21398,17.31397,-11.12299,68.96736
325,51:49.3,15.85688,-3.1176,-6.21398,17.31397,-11.12299,68.96736
326,51:49.3,16.07865,-2.92866,-6.21598,17.48538,-10.32301,69.17617
327,51:49.3,16.07865,-2.92866,-6.21598,17.48538,-10.32301,69.17617
328,51:49.4,16.07865,-2.92866,-6.21598,17.48538,-10.32301,69.17617
329,51:49.4,16.41132,-2.73971,-6.22398,17.76444,-9.47758,69.49056
330,51:49.4,16.41132,-2.73971,-6.22398,17.76444,-9.47758,69.49056
331,51:49.5,16.41132,-2.73971,-6.22398,17.76444,-9.47758,69.49056
332,51:49.5,16.74398,-2.55077,-6.22498,18.04488,-8.6618,69.81991
333,51:49.5,16.74398,-2.55077,-6.22498,18.04488,-8.6618,69.81991
334,51:49.6,16.74398,-2.55077,-6.22498,18.04488,-8.6618,69.81991
335,51:49.6,17.07664,-2.45629,-6.22598,18.34142,-8.18525,70.15669
336,51:49.6,17.07664,-2.45629,-6.22598,18.34142,-8.18525,70.15669
337,51:49.7,17.07664,-2.45629,-6.22598,18.34142,-8.18525,70.15669
338,51:49.7,17.29841,-2.36182,-6.22698,18.53614,-7.77475,70.37047
339,51:49.7,17.29841,-2.36182,-6.22598,18.53581,-7.77475,70.37338
340,51:49.8,17.29841,-2.36182,-6.22598,18.53581,-7.77475,70.37338
341,51:49.8,17.63108,-2.36182,-6.22598,18.84664,-7.6298,70.71002
342,51:49.8,17.63108,-2.36182,-6.22698,18.84697,-7.6298,70.70715
343,51:49.9,17.63108,-2.36182,-6.22698,18.84697,-7.6298,70.70715
344,51:49.9,17.96374,-2.36182,-6.22797,19.15885,-7.49012,71.03017
345,51:49.9,17.96374,-2.36182,-6.22797,19.15885,-7.49012,71.03017
346,51:50.0,17.96374,-2.36182,-6.22797,19.15885,-7.49012,71.03017
347,51:50.0,18.2964,-2.36182,-6.22697,19.47079,-7.35544,71.3485
348,51:50.0,18.2964,-2.36182,-6.22697,19.47079,-7.35544,71.3485
349,51:50.1,18.2964,-2.36182,-6.22697,19.47079,-7.35544,71.3485
350,51:50.1,18.62906,-2.36182,-6.22697,19.78371,-7.2255,71.65413
351,51:50.1,18.62906,-2.36182,-6.22597,19.7834,-7.2255,71.65688
352,51:50.2,18.62906,-2.36182,-6.22597,19.7834,-7.2255,71.65688
353,51:50.2,18.96172,-2.45629,-6.22997,20.10952,-7.38097,71.9527
354,51:50.2,18.96172,-2.45629,-6.23097,20.10983,-7.38097,71.94999
355,51:50.3,18.96172,-2.45629,-6.23097,20.10983,-7.38097,71.94999
356,51:50.3,19.29438,-2.55077,-6.23397,20.43629,-7.53098,72.23918
357,51:50.3,19.29438,-2.55077,-6.23397,20.43629,-7.53098,72.23918
358,51:50.4,19.29438,-2.55077,-6.23397,20.43629,-7.53098,72.23918
359,51:50.4,19.51616,-2.64524,-6.23597,20.65829,-7.71889,72.43048
360,51:50.4,19.51616,-2.64524,-6.23597,20.65829,-7.71889,72.43048
361,51:50.5,19.51616,-2.64524,-6.23597,20.65829,-7.71889,72.43048
362,51:50.5,19.84882,-2.83419,-6.23897,20.9984,-8.12625,72.71552
363,51:50.5,19.84882,-2.83419,-6.23897,20.9984,-8.12625,72.71552
364,51:50.6,19.84882,-2.83419,-6.23897,20.9984,-8.12625,72.71552
365,51:50.6,20.0706,-3.02313,-6.24797,21.23688,-8.56578,72.89021
366,51:50.6,20.0706,-3.02313,-6.24797,21.23688,-8.56578,72.89021
367,51:50.7,20.0706,-3.02313,-6.24797,21.23688,-8.56578,72.89021
368,51:50.7,20.29237,-3.21208,-6.25297,21.4755,-8.99471,73.07214
369,51:50.7,20.29237,-3.21208,-6.25297,21.4755,-8.99471,73.07214
370,51:50.8,20.29237,-3.21208,-6.25297,21.4755,-8.99471,73.07214
371,51:50.8,20.51414,-3.40102,-6.25997,21.71599,-9.4134,73.24587
372,51:50.8,20.51414,-3.40102,-6.25997,21.71599,-9.4134,73.24587
373,51:50.9,20.51414,-3.40102,-6.25997,21.71599,-9.4134,73.24587
374,51:50.9,20.73592,-3.58997,-6.26597,21.95742,-9.82214,73.4191
375,51:50.9,20.73592,-3.58997,-6.26597,21.95742,-9.82214,73.4191
376,51:51.0,20.73592,-3.58997,-6.26597,21.95742,-9.82214,73.4191
377,51:51.0,20.84681,-3.87339,-6.27696,22.11318,-10.52567,73.50951
378,51:51.0,20.84681,-3.87339,-6.27696,22.11318,-10.52567,73.50951
379,51:51.1,20.84681,-3.87339,-6.27696,22.11318,-10.52567,73.50951
380,51:51.1,20.95769,-4.06233,-6.27996,22.25231,-10.96989,73.60748
381,51:51.1,20.95769,-4.06233,-6.27996,22.25231,-10.96989,73.60748
382,51:51.2,20.95769,-4.06233,-6.27996,22.25231,-10.96989,73.60748
383,51:51.2,21.06858,-4.34575,-6.28196,22.41057,-11.65477,73.72114
384,51:51.2,21.06858,-4.34575,-6.28196,22.41057,-11.65477,73.72114
385,51:51.3,21.06858,-4.34575,-6.28196,22.41057,-11.65477,73.72114
386,51:51.3,21.17947,-4.5347,-6.28096,22.5518,-12.08503,73.82854
387,51:51.3,21.17947,-4.5347,-6.28096,22.5518,-12.08503,73.82854
388,51:51.4,21.17947,-4.5347,-6.28096,22.5518,-12.08503,73.82854
389,51:51.4,21.29035,-4.81812,-6.27596,22.71302,-12.75154,73.95957
390,51:51.4,21.29035,-4.81812,-6.27596,22.71302,-12.75154,73.95957
391,51:51.5,21.29035,-4.81812,-6.27596,22.71302,-12.75154,73.95957
392,51:51.5,21.40124,-5.10153,-6.27496,22.87824,-13.4077,74.0811
393,51:51.5,21.40124,-5.10153,-6.27396,22.87797,-13.4077,74.08351
394,51:51.6,21.40124,-5.10153,-6.27396,22.87797,-13.4077,74.08351
395,51:51.6,21.40124,-5.29048,-6.26896,22.91947,-13.88539,74.12609
396,51:51.6,21.40124,-5.29048,-6.26896,22.91947,-13.88539,74.12609
397,51:51.7,21.40124,-5.29048,-6.26896,22.91947,-13.88539,74.12609
398,51:51.7,21.51213,-5.5739,-6.26396,23.08847,-14.52617,74.2582
399,51:51.7,21.51213,-5.5739,-6.26496,23.08874,-14.52617,74.25582
400,51:51.8,21.51213,-5.5739,-6.26496,23.08874,-14.52617,74.25582
401,51:51.8,21.51213,-5.85732,-6.24796,23.1542,-15.23125,74.34517
402,51:51.8,21.51213,-5.85732,-6.24696,23.15393,-15.23125,74.34755
403,51:51.9,21.51213,-5.85732,-6.24696,23.15393,-15.23125,74.34755
404,51:51.9,21.51213,-6.14074,-6.24096,23.22563,-15.93164,74.41248
405,51:51.9,21.51213,-6.14074,-6.24196,23.2259,-15.93164,74.4101
406,51:52.0,21.51213,-6.14074,-6.24196,23.2259,-15.93164,74.4101
407,51:52.0,21.62302,-6.42415,-6.23896,23.40404,-16.54658,74.53937
408,51:52.0,21.62302,-6.42415,-6.23896,23.40404,-16.54658,74.53937
409,51:52.1,21.62302,-6.42415,-6.23896,23.40404,-16.54658,74.53937
410,51:52.1,21.62302,-6.42415,-6.23896,23.40404,-16.54658,74.53937
411,51:52.1,21.62301,-6.70757,-6.23296,23.48182,-17.23417,74.60704
412,51:52.2,21.62301,-6.70757,-6.23296,23.48182,-17.23417,74.60704
413,51:52.2,21.62301,-6.99099,-6.22396,23.56197,-17.91667,74.68338
414,51:52.2,21.62301,-6.99099,-6.22396,23.56197,-17.91667,74.68338
415,51:52.3,21.62301,-6.99099,-6.22396,23.56197,-17.91667,74.68338
416,51:52.3,21.7339,-7.27441,-6.21996,23.748,-18.50557,74.81627
417,51:52.3,21.7339,-7.27441,-6.21996,23.748,-18.50557,74.81627
418,51:52.4,21.7339,-7.27441,-6.21996,23.748,-18.50557,74.81627
419,51:52.4,21.7339,-7.6523,-6.21696,23.86568,-19.39669,74.9004
420,51:52.4,21.7339,-7.6523,-6.21696,23.86568,-19.39669,74.9004
421,51:52.5,21.7339,-7.6523,-6.21696,23.86568,-19.39669,74.9004
422,51:52.5,21.62301,-8.03019,-6.21196,23.8878,-20.37361,74.92713
423,51:52.5,21.62301,-8.03019,-6.21196,23.8878,-20.37361,74.92713
424,51:52.6,21.62301,-8.03019,-6.21196,23.8878,-20.37361,74.92713
425,51:52.6,21.62301,-8.31361,-6.20896,23.98379,-21.03074,74.9963
426,51:52.6,21.62301,-8.31361,-6.20996,23.98405,-21.03074,74.99399
427,51:52.7,21.62301,-8.31361,-6.20996,23.98405,-21.03074,74.99399
428,51:52.7,21.51213,-8.6915,-6.20796,24.01775,-22.00009,75.02048
429,51:52.7,21.51213,-8.6915,-6.20696,24.0175,-22.00009,75.02279
430,51:52.8,21.51213,-8.6915,-6.20696,24.0175,-22.00009,75.02279
431,51:52.8,21.51213,-9.06939,-6.20896,24.15733,-22.86002,75.10659
432,51:52.8,21.51213,-9.06939,-6.20896,24.15733,-22.86002,75.10659
433,51:52.9,21.51213,-9.06939,-6.20896,24.15733,-22.86002,75.10659
434,51:52.9,21.40124,-9.35281,-6.20996,24.16716,-23.60639,75.11033
435,51:52.9,21.40124,-9.35281,-6.20996,24.16716,-23.60639,75.11033
436,51:53.0,21.40124,-9.35281,-6.20996,24.16716,-23.60639,75.11033
437,51:53.0,21.29035,-9.7307,-6.21196,24.21888,-24.56266,75.13797
438,51:53.0,21.29035,-9.7307,-6.21196,24.21888,-24.56266,75.13797
439,51:53.1,21.29035,-9.7307,-6.21196,24.21888,-24.56266,75.13797
440,51:53.1,21.17946,-10.01412,-6.21296,24.23743,-25.30583,75.14716
441,51:53.1,21.17946,-10.01412,-6.21396,24.23769,-25.30583,75.14488
442,51:53.2,21.17946,-10.01412,-6.21396,24.23769,-25.30583,75.14488
443,51:53.2,21.06858,-10.39201,-6.21196,24.29953,-26.25469,75.18843
444,51:53.2,21.06858,-10.39201,-6.21196,24.29953,-26.25469,75.18843
445,51:53.3,21.06858,-10.39201,-6.21196,24.29953,-26.25469,75.18843
446,51:53.3,20.95769,-10.76991,-6.20896,24.36733,-27.19809,75.23787
447,51:53.3,20.95769,-10.76991,-6.20796,24.36707,-27.19809,75.24015
448,51:53.4,20.95769,-10.76991,-6.20796,24.36707,-27.19809,75.24015
449,51:53.4,20.8468,-11.1478,-6.21396,24.44332,-28.13558,75.27269
450,51:53.4,20.8468,-11.1478,-6.21396,24.44332,-28.13558,75.27269
451,51:53.5,20.8468,-11.1478,-6.21396,24.44332,-28.13558,75.27269
452,51:53.5,20.62503,-11.52569,-6.21096,24.42968,-29.19736,75.27155
453,51:53.5,20.62503,-11.52569,-6.21096,24.42968,-29.19736,75.27155
454,51:53.6,20.62503,-11.52569,-6.21096,24.42968,-29.19736,75.27155
455,51:53.6,20.51414,-11.90358,-6.20496,24.51584,-30.12497,75.33898
456,51:53.6,20.51414,-11.90358,-6.20496,24.51584,-30.12497,75.33898
457,51:53.7,20.51414,-11.90358,-6.20496,24.51584,-30.12497,75.33898
458,51:53.7,20.40325,-12.28147,-6.20296,24.60902,-31.04529,75.40054
459,51:53.7,20.40325,-12.28147,-6.20196,24.60877,-31.04529,75.40279
460,51:53.8,20.40325,-12.28147,-6.20196,24.60877,-31.04529,75.40279
461,51:53.8,20.29236,-12.75383,-6.19895,24.75616,-32.14953,75.49878
462,51:53.8,20.29236,-12.75383,-6.19895,24.75616,-32.14953,75.49878
463,51:53.9,20.29236,-12.75383,-6.19895,24.75616,-32.14953,75.49878
464,51:53.9,20.18147,-13.13173,-6.20195,24.86359,-33.05134,75.55567
465,51:53.9,20.18147,-13.13173,-6.20295,24.86384,-33.05134,75.55344
466,51:54.0,20.18147,-13.13173,-6.20295,24.86384,-33.05134,75.55344
467,51:54.0,20.07059,-13.60409,-6.20595,25.02826,-34.1299,75.6433
468,51:54.0,20.07059,-13.60409,-6.20595,25.02826,-34.1299,75.6433
469,51:54.1,20.07059,-13.60409,-6.20595,25.02826,-34.1299,75.6433
470,51:54.1,19.9597,-13.98198,-6.20895,25.14829,-35.01165,75.70623
471,51:54.1,19.9597,-13.98198,-6.20895,25.14829,-35.01165,75.70623
472,51:54.2,19.9597,-13.98198,-6.20895,25.14829,-35.01165,75.70623
473,51:54.2,19.84881,-14.45434,-6.21695,25.32891,-36.06294,75.79164
474,51:54.2,19.84881,-14.45434,-6.21695,25.32891,-36.06294,75.79164
475,51:54.3,19.84881,-14.45434,-6.21695,25.32891,-36.06294,75.79164
476,51:54.3,19.84881,-14.92671,-6.22395,25.60311,-36.94391,75.9308
477,51:54.3,19.84881,-14.92671,-6.22395,25.60311,-36.94391,75.9308
478,51:54.4,19.84881,-14.92671,-6.22395,25.60311,-36.94391,75.9308
479,51:54.4,19.73792,-15.49355,-6.23095,25.8546,-38.13062,76.05445
480,51:54.4,19.73792,-15.49355,-6.23095,25.8546,-38.13062,76.05445
481,51:54.5,19.73792,-15.49355,-6.23095,25.8546,-38.13062,76.05445
482,51:54.5,19.73792,-15.96591,-6.23495,26.14135,-38.96923,76.20144
483,51:54.5,19.73792,-15.96591,-6.23495,26.14135,-38.96923,76.20144
484,51:54.6,19.73792,-15.96591,-6.23495,26.14135,-38.96923,76.20144
485,51:54.6,19.73792,-16.43827,-6.24695,26.43533,-39.78845,76.33111
486,51:54.6,19.73792,-16.43827,-6.24695,26.43533,-39.78845,76.33111
487,51:54.7,19.73792,-16.43827,-6.24695,26.43533,-39.78845,76.33111
488,51:54.7,19.73792,-16.91064,-6.25295,26.73302,-40.58861,76.473
489,51:54.7,19.73792,-16.91064,-6.25295,26.73302,-40.58861,76.473
490,51:54.8,19.73792,-16.91064,-6.25295,26.73302,-40.58861,76.473
491,51:54.8,19.84881,-17.383,-6.25895,27.11675,-41.21093,76.65496
492,51:54.8,19.84881,-17.383,-6.25895,27.11675,-41.21093,76.65496
493,51:54.9,19.84881,-17.383,-6.25895,27.11675,-41.21093,76.65496
494,51:54.9,19.95969,-17.85537,-6.26094,27.50278,-41.8149,76.84138
495,51:54.9,19.95969,-17.85537,-6.26094,27.50278,-41.8149,76.84138
496,51:55.0,19.95969,-17.85537,-6.26094,27.50278,-41.8149,76.84138
497,51:55.0,20.07058,-18.13879,-6.27194,27.77015,-42.1057,76.94702
498,51:55.0,20.07058,-18.13879,-6.27194,27.77015,-42.1057,76.94702
499,51:55.1,20.07058,-18.13879,-6.27194,27.77015,-42.1057,76.94702
500,51:55.1,20.29235,-18.51668,-6.27294,28.17795,-42.38031,77.13711
501,51:55.1,20.29235,-18.51668,-6.27294,28.17795,-42.38031,77.13711
502,51:55.2,20.29235,-18.51668,-6.27294,28.17795,-42.38031,77.13711
503,51:55.2,20.51413,-18.98904,-6.27294,28.64896,-42.7891,77.35212
504,51:55.2,20.51413,-18.98904,-6.27294,28.64896,-42.7891,77.35212
505,51:55.3,20.51413,-18.98904,-6.27294,28.64896,-42.7891,77.35212
506,51:55.3,20.7359,-19.36693,-6.27094,29.05822,-43.04489,77.53719
507,51:55.3,20.7359,-19.36693,-6.27094,29.05822,-43.04489,77.53719
508,51:55.4,20.7359,-19.36693,-6.27094,29.05822,-43.04489,77.53719
509,51:55.4,21.06856,-19.74483,-6.26293,29.54601,-43.14233,77.76204
510,51:55.4,21.06856,-19.74483,-6.26293,29.54601,-43.14233,77.76204
511,51:55.5,21.06856,-19.74483,-6.26293,29.54601,-43.14233,77.76204
512,51:55.5,21.29034,-20.02825,-6.25793,29.89265,-43.25042,77.91592
513,51:55.5,21.29034,-20.02825,-6.25793,29.89265,-43.25042,77.91592
514,51:55.6,21.29034,-20.02825,-6.25793,29.89265,-43.25042,77.91592
515,51:55.6,21.623,-20.31166,-6.25093,30.31818,-43.2089,78.10155
516,51:55.6,21.623,-20.31166,-6.25093,30.31818,-43.2089,78.10155
517,51:55.7,21.623,-20.31166,-6.25093,30.31818,-43.2089,78.10155
518,51:55.7,21.95566,-20.59508,-6.24693,30.74463,-43.16857,78.27658
519,51:55.7,21.95566,-20.59508,-6.24693,30.74463,-43.16857,78.27658
520,51:55.8,21.95566,-20.59508,-6.24693,30.74463,-43.16857,78.27658
521,51:55.8,22.39921,-20.78403,-6.24493,31.18813,-42.85797,78.44935
522,51:55.8,22.39921,-20.78403,-6.24493,31.18813,-42.85797,78.44935
523,51:55.9,22.39921,-20.78403,-6.24493,31.18813,-42.85797,78.44935
524,51:55.9,22.73187,-20.8785,-6.24093,31.48966,-42.56649,78.56889
525,51:55.9,22.73187,-20.8785,-6.24093,31.48966,-42.56649,78.56889
526,51:56.0,22.73187,-20.8785,-6.24093,31.48966,-42.56649,78.56889
527,51:56.0,23.17542,-20.97298,-6.23292,31.87185,-42.14404,78.72244
528,51:56.0,23.17542,-20.97298,-6.23292,31.87185,-42.14404,78.72244
529,51:56.1,23.17542,-20.97298,-6.23292,31.87185,-42.14404,78.72244
530,51:56.1,23.50808,-21.06745,-6.22692,32.17517,-41.86603,78.84103
531,51:56.1,23.50808,-21.06745,-6.22792,32.17537,-41.86603,78.83928
532,51:56.2,23.50808,-21.06745,-6.22792,32.17537,-41.86603,78.83928
533,51:56.2,23.95163,-21.06745,-6.22292,32.49989,-41.33432,78.96112
534,51:56.2,23.95163,-21.06745,-6.22292,32.49989,-41.33432,78.96112
535,51:56.3,23.95163,-21.06745,-6.22292,32.49989,-41.33432,78.96112
536,51:56.3,24.39518,-21.06745,-6.22092,32.82776,-40.81359,79.07629
537,51:56.3,24.39518,-21.06745,-6.21992,32.82757,-40.81359,79.07801
538,51:56.4,24.39518,-21.06745,-6.21992,32.82757,-40.81359,79.07801
539,51:56.4,24.72784,-21.06745,-6.21592,33.07478,-40.4301,79.16769
540,51:56.4,24.72784,-21.06745,-6.21592,33.07478,-40.4301,79.16769
541,51:56.5,24.72784,-21.06745,-6.21592,33.07478,-40.4301,79.16769
542,51:56.5,25.0605,-20.97298,-6.20792,33.26309,-39.92576,79.24377
543,51:56.5,25.0605,-20.97298,-6.20792,33.26309,-39.92576,79.24377
544,51:56.6,25.0605,-20.97298,-6.20792,33.26309,-39.92576,79.24377
545,51:56.6,25.50405,-20.87851,-6.17991,33.53446,-39.30496,79.38052
546,51:56.6,25.50405,-20.87851,-6.17991,33.53446,-39.30496,79.38052
547,51:56.7,25.50405,-20.87851,-6.17991,33.53446,-39.30496,79.38052
548,51:56.7,25.83671,-20.68956,-6.17591,33.67099,-38.68711,79.431
549,51:56.7,25.83671,-20.68956,-6.17591,33.67099,-38.68711,79.431
550,51:56.8,25.83671,-20.68956,-6.17591,33.67099,-38.68711,79.431
551,51:56.8,26.16937,-20.50062,-6.17891,33.81258,-38.07451,79.4706
552,51:56.8,26.16937,-20.50062,-6.17891,33.81258,-38.07451,79.4706
553,51:56.9,26.16937,-20.50062,-6.17891,33.81258,-38.07451,79.4706
554,51:56.9,26.39115,-20.31167,-6.17991,33.87105,-37.58331,79.48726
555,51:56.9,26.39115,-20.31167,-6.17991,33.87105,-37.58331,79.48726
556,51:57.0,26.39115,-20.31167,-6.17991,33.87105,-37.58331,79.48726
557,51:57.0,26.61292,-20.12273,-6.18991,33.93357,-37.09388,79.48968
558,51:57.0,26.61292,-20.12273,-6.18991,33.93357,-37.09388,79.48968
559,51:57.1,26.61292,-20.12273,-6.18991,33.93357,-37.09388,79.48968
560,51:57.1,26.8347,-19.93378,-6.18891,33.99646,-36.6063,79.51106
561,51:57.1,26.8347,-19.93378,-6.18891,33.99646,-36.6063,79.51106
562,51:57.2,26.8347,-19.93378,-6.18891,33.99646,-36.6063,79.51106
563,51:57.2,27.05647,-19.65037,-6.18391,34.00633,-35.98986,79.5227
564,51:57.2,27.05647,-19.65037,-6.18391,34.00633,-35.98986,79.5227
565,51:57.3,27.05647,-19.65037,-6.18391,34.00633,-35.98986,79.5227
566,51:57.3,27.27825,-19.36695,-6.17791,34.01982,-35.3739,79.53718
567,51:57.3,27.27825,-19.36695,-6.17691,34.01964,-35.3739,79.53884
568,51:57.4,27.27825,-19.36695,-6.17691,34.01964,-35.3739,79.53884
569,51:57.4,27.50002,-19.178,-6.15991,34.088,-34.8912,79.5891
570,51:57.4,27.50002,-19.178,-6.15991,34.088,-34.8912,79.5891
571,51:57.5,27.50002,-19.178,-6.15991,34.088,-34.8912,79.5891
572,51:57.5,27.61091,-18.89458,-6.15691,34.01875,-34.38445,79.57281
573,51:57.5,27.61091,-18.89458,-6.15791,34.01893,-34.38445,79.57116
574,51:57.6,27.61091,-18.89458,-6.15791,34.01893,-34.38445,79.57116
575,51:57.6,27.7218,-18.61116,-6.15591,33.95245,-33.87563,79.55394
576,51:57.6,27.7218,-18.61116,-6.15591,33.95245,-33.87563,79.55394
577,51:57.7,27.7218,-18.61116,-6.15591,33.95245,-33.87563,79.55394
578,51:57.7,27.83269,-18.32775,-6.15691,33.88912,-33.36479,79.53248
579,51:57.7,27.83269,-18.32775,-6.15691,33.88912,-33.36479,79.53248
580,51:57.8,27.83269,-18.32775,-6.15691,33.88912,-33.36479,79.53248
581,51:57.8,27.94358,-17.94985,-6.15891,33.77829,-32.71509,79.49429
582,51:57.8,27.94358,-17.94985,-6.15891,33.77829,-32.71509,79.49429
583,51:57.9,27.94358,-17.94985,-6.15891,33.77829,-32.71509,79.49429
584,51:57.9,27.94358,-17.66644,-6.16091,33.6289,-32.30182,79.44362
585,51:57.9,27.94358,-17.66644,-6.16091,33.6289,-32.30182,79.44362
586,51:58.0,27.94358,-17.66644,-6.16091,33.6289,-32.30182,79.44362
587,51:58.0,27.94358,-17.38302,-6.16091,33.48088,-31.88473,79.39641
588,51:58.0,27.94358,-17.38302,-6.16091,33.48088,-31.88473,79.39641
589,51:58.1,27.94358,-17.38302,-6.16091,33.48088,-31.88473,79.39641
590,51:58.1,27.94358,-17.19407,-6.16192,33.38336,-31.60456,79.36333
591,51:58.1,27.94358,-17.19407,-6.16192,33.38336,-31.60456,79.36333
592,51:58.2,27.94358,-17.19407,-6.16192,33.38336,-31.60456,79.36333
593,51:58.2,27.83269,-16.91065,-6.16592,33.14585,-31.28213,79.27917
594,51:58.2,27.83269,-16.91065,-6.16592,33.14585,-31.28213,79.27917
595,51:58.3,27.83269,-16.91065,-6.16592,33.14585,-31.28213,79.27917
596,51:58.3,27.7218,-16.62723,-6.16792,32.90906,-30.95487,79.19756
597,51:58.3,27.7218,-16.62723,-6.16792,32.90906,-30.95487,79.19756
598,51:58.4,27.7218,-16.62723,-6.16792,32.90906,-30.95487,79.19756
599,51:58.4,27.61092,-16.43829,-6.16992,32.72076,-30.76765,79.13107
600,51:58.4,27.61092,-16.43829,-6.16992,32.72076,-30.76765,79.13107
601,51:58.5,27.61092,-16.43829,-6.16992,32.72076,-30.76765,79.13107
602,51:58.5,27.50003,-16.15487,-6.17592,32.48651,-30.43207,79.04096
603,51:58.5,27.50003,-16.15487,-6.17592,32.48651,-30.43207,79.04096
604,51:58.6,27.50003,-16.15487,-6.17592,32.48651,-30.43207,79.04096
605,51:58.6,27.38914,-15.96592,-6.18692,32.30099,-30.23914,78.95735
606,51:58.6,27.38914,-15.96592,-6.18792,32.30118,-30.23914,78.95561
607,51:58.7,27.38914,-15.96592,-6.18792,32.30118,-30.23914,78.95561
608,51:58.7,27.27826,-15.77698,-6.20992,32.11821,-30.04388,78.85189
609,51:58.7,27.27826,-15.77698,-6.20992,32.11821,-30.04388,78.85189
610,51:58.8,27.27826,-15.77698,-6.20992,32.11821,-30.04388,78.85189
611,51:58.8,27.16737,-15.49356,-6.25192,31.89362,-29.69612,78.69543
612,51:58.8,27.16737,-15.49356,-6.25192,31.89362,-29.69612,78.69543
613,51:58.9,27.16737,-15.49356,-6.25192,31.89362,-29.69612,78.69543
614,51:58.9,26.94559,-15.30461,-6.31592,31.62573,-29.59579,78.48009
615,51:58.9,26.94559,-15.30461,-6.31492,31.62554,-29.59579,78.48187
616,51:59.0,26.94559,-15.30461,-6.31492,31.62554,-29.59579,78.48187
617,51:59.0,26.83471,-15.11567,-6.39593,31.4562,-29.39203,78.26836
618,51:59.0,26.83471,-15.11567,-6.39593,31.4562,-29.39203,78.26836
619,51:59.1,26.83471,-15.11567,-6.39593,31.4562,-29.39203,78.26836
620,51:59.1,26.61293,-14.83225,-6.48693,31.15002,-29.13233,77.98031
621,51:59.1,26.61293,-14.83225,-6.48693,31.15002,-29.13233,77.98031
622,51:59.2,26.61293,-14.83225,-6.48693,31.15002,-29.13233,77.98031
623,51:59.2,26.39116,-14.6433,-6.56393,30.88697,-29.02398,77.73025
624,51:59.2,26.39116,-14.6433,-6.56393,30.88697,-29.02398,77.73025
625,51:59.3,26.39116,-14.6433,-6.56393,30.88697,-29.02398,77.73025
626,51:59.3,26.16939,-14.35988,-6.64293,30.58057,-28.75482,77.45378
627,51:59.3,26.16939,-14.35988,-6.64293,30.58057,-28.75482,77.45378
628,51:59.4,26.16939,-14.35988,-6.64293,30.58057,-28.75482,77.45378
629,51:59.4,25.94761,-14.07646,-6.73493,30.27845,-28.47963,77.14802
630,51:59.4,25.94761,-14.07646,-6.73493,30.27845,-28.47963,77.14802
631,51:59.5,25.94761,-14.07646,-6.73493,30.27845,-28.47963,77.14802
632,51:59.5,25.61495,-13.79304,-6.79593,29.87572,-28.30141,76.85163
633,51:59.5,25.61495,-13.79304,-6.79593,29.87572,-28.30141,76.85163
634,51:59.6,25.61495,-13.79304,-6.79593,29.87572,-28.30141,76.85163
635,51:59.6,25.39318,-13.50963,-6.84593,29.56671,-28.01378,76.61213
636,51:59.6,25.39318,-13.50963,-6.84593,29.56671,-28.01378,76.61213
637,51:59.7,25.39318,-13.50963,-6.84593,29.56671,-28.01378,76.61213
638,51:59.7,25.06052,-13.22621,-6.87994,29.15983,-27.82378,76.35303
639,51:59.7,25.06052,-13.22621,-6.87994,29.15983,-27.82378,76.35303
640,51:59.8,25.06052,-13.22621,-6.87994,29.15983,-27.82378,76.35303
641,51:59.8,24.83874,-12.84831,-6.89494,28.80247,-27.35113,76.14963
642,51:59.8,24.83874,-12.84831,-6.89494,28.80247,-27.35113,76.14963
643,51:59.9,24.83874,-12.84831,-6.89494,28.80247,-27.35113,76.14963
644,51:59.9,24.50608,-12.47042,-6.91094,28.35173,-26.9702,75.89159
645,51:59.9,24.50608,-12.47042,-6.91094,28.35173,-26.9702,75.89159
646,52:00.0,24.50608,-12.47042,-6.91094,28.35173,-26.9702,75.89159
647,52:00.0,24.28431,-12.187,-6.91294,28.03639,-26.64964,75.72535
648,52:00.0,24.28431,-12.187,-6.91294,28.03639,-26.64964,75.72535
649,52:00.1,24.28431,-12.187,-6.91294,28.03639,-26.64964,75.72535
650,52:00.1,24.06253,-11.80911,-6.91294,27.68121,-26.14031,75.53822
651,52:00.1,24.06253,-11.80911,-6.91294,27.68121,-26.14031,75.53822
652,52:00.2,24.06253,-11.80911,-6.91294,27.68121,-26.14031,75.53822
653,52:00.2,23.72987,-11.33675,-6.90595,27.19045,-25.53575,75.2866
654,52:00.2,23.72987,-11.33675,-6.90595,27.19045,-25.53575,75.2866
655,52:00.3,23.72987,-11.33675,-6.90595,27.19045,-25.53575,75.2866
656,52:00.3,23.5081,-10.86438,-6.91095,26.80348,-24.80425,75.0582
657,52:00.3,23.5081,-10.86438,-6.91095,26.80348,-24.80425,75.0582
658,52:00.4,23.5081,-10.86438,-6.91095,26.80348,-24.80425,75.0582
659,52:00.4,23.17544,-10.48649,-6.91895,26.3617,-24.34594,74.78379
660,52:00.4,23.17544,-10.48649,-6.91895,26.3617,-24.34594,74.78379
661,52:00.5,23.17544,-10.48649,-6.91895,26.3617,-24.34594,74.78379
662,52:00.5,22.95366,-10.01413,-6.92595,25.98311,-23.57047,74.54058
663,52:00.5,22.95366,-10.01413,-6.92595,25.98311,-23.57047,74.54058
664,52:00.6,22.95366,-10.01413,-6.92595,25.98311,-23.57047,74.54058
665,52:00.6,22.73189,-9.44729,-6.92595,25.57262,-22.56759,74.28606
666,52:00.6,22.73189,-9.44729,-6.92595,25.57262,-22.56759,74.28606
667,52:00.7,22.73189,-9.44729,-6.92595,25.57262,-22.56759,74.28606
668,52:00.7,22.51011,-8.97492,-6.92995,25.20474,-21.73748,74.04117
669,52:00.7,22.51011,-8.97492,-6.92995,25.20474,-21.73748,74.04117
670,52:00.8,22.51011,-8.97492,-6.92995,25.20474,-21.73748,74.04117
671,52:00.8,22.28834,-8.50256,-6.93496,24.84265,-20.88086,73.79021
672,52:00.8,22.28834,-8.50256,-6.93496,24.84265,-20.88086,73.79021
673,52:00.9,22.28834,-8.50256,-6.93496,24.84265,-20.88086,73.79021
674,52:00.9,22.17745,-7.93572,-6.93896,24.55533,-19.68865,73.58548
675,52:00.9,22.17745,-7.93572,-6.93896,24.55533,-19.68865,73.58548
676,52:01.0,22.17745,-7.93572,-6.93896,24.55533,-19.68865,73.58548
677,52:01.0,22.17745,-7.55783,-6.94696,24.43809,-18.81854,73.48493
678,52:01.0,22.17745,-7.55783,-6.94696,24.43809,-18.81854,73.48493
679,52:01.1,22.17745,-7.55783,-6.94696,24.43809,-18.81854,73.48493
680,52:01.1,22.17745,-7.08547,-6.95096,24.29731,-17.71814,73.37662
681,52:01.1,22.17745,-7.08547,-6.95096,24.29731,-17.71814,73.37662
682,52:01.2,22.17745,-7.08547,-6.95096,24.29731,-17.71814,73.37662
683,52:01.2,22.17745,-6.51863,-6.95196,24.13839,-16.37967,73.26149
684,52:01.2,22.17745,-6.51863,-6.95196,24.13839,-16.37967,73.26149
685,52:01.3,22.17745,-6.51863,-6.95196,24.13839,-16.37967,73.26149
686,52:01.3,22.17745,-6.04626,-6.95296,24.01542,-15.24999,73.17074
687,52:01.3,22.17745,-6.04626,-6.95296,24.01542,-15.24999,73.17074
688,52:01.4,22.17745,-6.04626,-6.95296,24.01542,-15.24999,73.17074
689,52:01.4,22.28834,-5.47943,-6.95496,23.98261,-13.81184,73.14204
690,52:01.4,22.28834,-5.47943,-6.95496,23.98261,-13.81184,73.14204
691,52:01.5,22.28834,-5.47943,-6.95496,23.98261,-13.81184,73.14204
692,52:01.5,22.28834,-5.00706,-6.96096,23.88087,-12.66126,73.05301
693,52:01.5,22.28834,-5.00706,-6.96096,23.88087,-12.66126,73.05301
694,52:01.6,22.28834,-5.00706,-6.96096,23.88087,-12.66126,73.05301
695,52:01.6,22.51012,-4.5347,-6.96796,23.99628,-11.38988,73.11949
696,52:01.6,22.51012,-4.5347,-6.96796,23.99628,-11.38988,73.11949
697,52:01.7,22.51012,-4.5347,-6.96796,23.99628,-11.38988,73.11949
698,52:01.7,22.621,-4.06233,-6.97396,24.01767,-10.1808,73.12002
699,52:01.7,22.621,-4.06233,-6.97396,24.01767,-10.1808,73.12002
700,52:01.8,22.621,-4.06233,-6.97396,24.01767,-10.1808,73.12002
701,52:01.8,22.95367,-3.68444,-6.98496,24.27417,-9.11913,73.27654
702,52:01.8,22.95367,-3.68444,-6.98496,24.27417,-9.11913,73.27654
703,52:01.9,22.95367,-3.68444,-6.98496,24.27417,-9.11913,73.27654
704,52:01.9,23.17544,-3.30655,-6.98896,24.43112,-8.11986,73.37732
705,52:01.9,23.17544,-3.30655,-6.98896,24.43112,-8.11986,73.37732
706,52:02.0,23.17544,-3.30655,-6.98896,24.43112,-8.11986,73.37732
707,52:02.0,23.39722,-2.92866,-6.99196,24.5946,-7.13468,73.48369
708,52:02.0,23.39722,-2.92866,-6.99196,24.5946,-7.13468,73.48369
709,52:02.1,23.39722,-2.92866,-6.99196,24.5946,-7.13468,73.48369
710,52:02.1,23.72988,-2.64524,-6.99596,24.88067,-6.36067,73.66934
711,52:02.1,23.72988,-2.64524,-6.99596,24.88067,-6.36067,73.66934
712,52:02.2,23.72988,-2.64524,-6.99596,24.88067,-6.36067,73.66934
713,52:02.2,24.17343,-2.36182,-7.00295,25.27794,-5.58027,73.91649
714,52:02.2,24.17343,-2.36182,-7.00295,25.27794,-5.58027,73.91649
715,52:02.3,24.17343,-2.36182,-7.00295,25.27794,-5.58027,73.91649
716,52:02.3,24.50609,-2.17288,-7.00295,25.57951,-5.06698,74.11115
717,52:02.3,24.50609,-2.17288,-7.00295,25.57951,-5.06698,74.11115
718,52:02.4,24.50609,-2.17288,-7.00295,25.57951,-5.06698,74.11115
719,52:02.4,24.83875,-1.98393,-7.00095,25.88267,-4.56666,74.3067
720,52:02.4,24.83875,-1.98393,-7.00095,25.88267,-4.56666,74.3067
721,52:02.5,24.83875,-1.98393,-7.00095,25.88267,-4.56666,74.3067
722,52:02.5,25.2823,-1.79499,-6.99795,26.29426,-4.06105,74.56531
723,52:02.5,25.2823,-1.79499,-6.99795,26.29426,-4.06105,74.56531
724,52:02.6,25.2823,-1.79499,-6.99795,26.29426,-4.06105,74.56531
725,52:02.6,25.61496,-1.79499,-6.99295,26.61296,-4.00849,74.76582
726,52:02.6,25.61496,-1.79499,-6.99295,26.61296,-4.00849,74.76582
727,52:02.7,25.61496,-1.79499,-6.99295,26.61296,-4.00849,74.76582
728,52:02.7,26.05851,-1.70051,-6.98795,27.03274,-3.73368,75.01896
729,52:02.7,26.05851,-1.70051,-6.98795,27.03274,-3.73368,75.01896
730,52:02.8,26.05851,-1.70051,-6.98795,27.03274,-3.73368,75.01896
731,52:02.8,26.50206,-1.60604,-6.98094,27.45309,-3.46792,75.2687
732,52:02.8,26.50206,-1.60604,-6.98094,27.45309,-3.46792,75.2687
733,52:02.9,26.50206,-1.60604,-6.98094,27.45309,-3.46792,75.2687
734,52:02.9,26.83472,-1.60604,-6.97694,27.77336,-3.42503,75.45088
735,52:02.9,26.83472,-1.60604,-6.97794,27.77361,-3.42503,75.44888
736,52:03.0,26.83472,-1.60604,-6.97794,27.77361,-3.42503,75.44888
737,52:03.0,27.0565,-1.79499,-6.97194,27.99793,-3.79556,75.58069
738,52:03.0,27.0565,-1.79499,-6.97094,27.99768,-3.79556,75.58267
739,52:03.1,27.0565,-1.79499,-6.97094,27.99768,-3.79556,75.58267
740,52:03.1,27.38916,-1.79499,-6.97194,28.31953,-3.74959,75.74792
741,52:03.1,27.38916,-1.79499,-6.97194,28.31953,-3.74959,75.74792
742,52:03.2,27.38916,-1.79499,-6.97194,28.31953,-3.74959,75.74792
743,52:03.2,27.83271,-1.98393,-6.96994,28.76066,-4.07718,75.97515
744,52:03.2,27.83271,-1.98393,-6.96994,28.76066,-4.07718,75.97515
745,52:03.3,27.83271,-1.98393,-6.96994,28.76066,-4.07718,75.97515
746,52:03.3,28.16537,-2.0784,-6.96694,29.08859,-4.22037,76.14252
747,52:03.3,28.16537,-2.0784,-6.96694,29.08859,-4.22037,76.14252
748,52:03.4,28.16537,-2.0784,-6.96694,29.08859,-4.22037,76.14252
749,52:03.4,28.49803,-2.26735,-6.96394,29.42406,-4.54896,76.30963
750,52:03.4,28.49803,-2.26735,-6.96394,29.42406,-4.54896,76.30963
751,52:03.5,28.49803,-2.26735,-6.96394,29.42406,-4.54896,76.30963
752,52:03.5,28.71981,-2.36182,-6.96393,29.64628,-4.70124,76.41422
753,52:03.5,28.71981,-2.36182,-6.96293,29.64604,-4.70124,76.4161
754,52:03.6,28.71981,-2.36182,-6.96293,29.64604,-4.70124,76.4161
755,52:03.6,29.05247,-2.64524,-6.96593,29.99279,-5.20247,76.57021
756,52:03.6,29.05247,-2.64524,-6.96593,29.99279,-5.20247,76.57021
757,52:03.7,29.05247,-2.64524,-6.96593,29.99279,-5.20247,76.57021
758,52:03.7,29.27424,-2.83419,-6.96793,30.22525,-5.52986,76.67152
759,52:03.7,29.27424,-2.83419,-6.96893,30.22548,-5.52986,76.66968
760,52:03.8,29.27424,-2.83419,-6.96893,30.22548,-5.52986,76.66968
761,52:03.8,29.49602,-3.02313,-6.97593,30.4601,-5.85198,76.7607
762,52:03.8,29.49602,-3.02313,-6.97593,30.4601,-5.85198,76.7607
763,52:03.9,29.49602,-3.02313,-6.97593,30.4601,-5.85198,76.7607
764,52:03.9,29.6069,-3.30655,-6.97693,30.59705,-6.37249,76.8191
765,52:03.9,29.6069,-3.30655,-6.97693,30.59705,-6.37249,76.8191
766,52:04.0,29.6069,-3.30655,-6.97693,30.59705,-6.37249,76.8191
767,52:04.0,29.82868,-3.58997,-6.97893,30.84385,-6.86271,76.92264
768,52:04.0,29.82868,-3.58997,-6.97893,30.84385,-6.86271,76.92264
769,52:04.1,29.82868,-3.58997,-6.97893,30.84385,-6.86271,76.92264
770,52:04.1,29.93956,-3.77892,-6.98093,30.97404,-7.19373,76.97478
771,52:04.1,29.93956,-3.77892,-6.98093,30.97404,-7.19373,76.97478
772,52:04.2,29.93956,-3.77892,-6.98093,30.97404,-7.19373,76.97478
773,52:04.2,30.05045,-4.06234,-6.97893,31.11652,-7.69879,77.03924
774,52:04.2,30.05045,-4.06234,-6.97893,31.11652,-7.69879,77.03924
775,52:04.3,30.05045,-4.06234,-6.97893,31.11652,-7.69879,77.03924
776,52:04.3,30.16134,-4.34576,-6.97893,31.26176,-8.19896,77.1005
777,52:04.3,30.16134,-4.34576,-6.97893,31.26176,-8.19896,77.1005
778,52:04.4,30.16134,-4.34576,-6.97893,31.26176,-8.19896,77.1005
779,52:04.4,30.27223,-4.62917,-6.97893,31.40927,-8.69422,77.16212
780,52:04.4,30.27223,-4.62917,-6.97893,31.40927,-8.69422,77.16212
781,52:04.5,30.27223,-4.62917,-6.97893,31.40927,-8.69422,77.16212
782,52:04.5,30.38311,-4.91259,-6.97893,31.55903,-9.18457,77.22407
783,52:04.5,30.38311,-4.91259,-6.97893,31.55903,-9.18457,77.22407
784,52:04.6,30.38311,-4.91259,-6.97893,31.55903,-9.18457,77.22407
785,52:04.6,30.494,-5.19601,-6.98092,31.71145,-9.67002,77.28281
786,52:04.6,30.494,-5.19601,-6.98092,31.71145,-9.67002,77.28281
787,52:04.7,30.494,-5.19601,-6.98092,31.71145,-9.67002,77.28281
788,52:04.7,30.60489,-5.47943,-6.98092,31.8656,-10.15056,77.34535
789,52:04.7,30.60489,-5.47943,-6.98092,31.8656,-10.15056,77.34535
790,52:04.8,30.60489,-5.47943,-6.98092,31.8656,-10.15056,77.34535
791,52:04.8,30.60489,-5.76285,-6.97992,31.91534,-10.66384,77.36724
792,52:04.8,30.60489,-5.76285,-6.97992,31.91534,-10.66384,77.36724
793,52:04.9,30.60489,-5.76285,-6.97992,31.91534,-10.66384,77.36724
794,52:04.9,30.71577,-6.04627,-6.97692,32.07325,-11.13605,77.43595
795,52:04.9,30.71577,-6.04627,-6.97692,32.07325,-11.13605,77.43595
796,52:05.0,30.71577,-6.04627,-6.97692,32.07325,-11.13605,77.43595
797,52:05.0,30.60489,-6.32969,-6.97792,32.02211,-11.68514,77.41372
798,52:05.0,30.60489,-6.32969,-6.97792,32.02211,-11.68514,77.41372
799,52:05.1,30.60489,-6.32969,-6.97792,32.02211,-11.68514,77.41372
800,52:05.1,30.60489,-6.61311,-6.97492,32.07868,-12.19302,77.44177
801,52:05.1,30.60489,-6.61311,-6.97492,32.07868,-12.19302,77.44177
802,52:05.2,30.60489,-6.61311,-6.97492,32.07868,-12.19302,77.44177
803,52:05.2,30.60489,-6.89653,-6.97092,32.13744,-12.69896,77.47241
804,52:05.2,30.60489,-6.89653,-6.97092,32.13744,-12.69896,77.47241
805,52:05.3,30.60489,-6.89653,-6.97092,32.13744,-12.69896,77.47241
806,52:05.3,30.60489,-7.17994,-6.97492,32.20031,-13.2029,77.48998
807,52:05.3,30.60489,-7.17994,-6.97492,32.20031,-13.2029,77.48998
808,52:05.4,30.60489,-7.17994,-6.97492,32.20031,-13.2029,77.48998
809,52:05.4,30.60489,-7.55784,-6.98092,32.28797,-13.87158,77.51359
810,52:05.4,30.60489,-7.55784,-6.98092,32.28797,-13.87158,77.51359
811,52:05.5,30.60489,-7.55784,-6.98092,32.28797,-13.87158,77.51359
812,52:05.5,30.494,-7.84126,-6.99092,32.25279,-14.42067,77.48155
813,52:05.5,30.494,-7.84126,-6.99092,32.25279,-14.42067,77.48155
814,52:05.6,30.494,-7.84126,-6.99092,32.25279,-14.42067,77.48155
815,52:05.6,30.38311,-8.12467,-7.00092,32.22044,-14.97104,77.45056
816,52:05.6,30.38311,-8.12467,-7.00092,32.22044,-14.97104,77.45056
817,52:05.7,30.38311,-8.12467,-7.00092,32.22044,-14.97104,77.45056
818,52:05.7,30.27222,-8.40809,-7.00692,32.19007,-15.5226,77.42758
819,52:05.7,30.27222,-8.40809,-7.00692,32.19007,-15.5226,77.42758
820,52:05.8,30.27222,-8.40809,-7.00692,32.19007,-15.5226,77.42758
821,52:05.8,30.16134,-8.69151,-7.01192,32.16233,-16.07525,77.40743
822,52:05.8,30.16134,-8.69151,-7.01192,32.16233,-16.07525,77.40743
823,52:05.9,30.16134,-8.69151,-7.01192,32.16233,-16.07525,77.40743
824,52:05.9,30.05045,-8.97493,-7.01292,32.13658,-16.62889,77.39535
825,52:05.9,30.05045,-8.97493,-7.01292,32.13658,-16.62889,77.39535
826,52:06.0,30.05045,-8.97493,-7.01292,32.13658,-16.62889,77.39535
827,52:06.0,29.93956,-9.25835,-7.01192,32.11326,-17.18342,77.38787
828,52:06.0,29.93956,-9.25835,-7.01192,32.11326,-17.18342,77.38787
829,52:06.1,29.93956,-9.25835,-7.01192,32.11326,-17.18342,77.38787
830,52:06.1,29.71779,-9.54177,-7.00892,31.98933,-17.80075,77.34371
831,52:06.1,29.71779,-9.54177,-7.00892,31.98933,-17.80075,77.34371
832,52:06.2,29.71779,-9.54177,-7.00892,31.98933,-17.80075,77.34371
833,52:06.2,29.6069,-9.73071,-7.00092,31.94164,-18.19382,77.33921
834,52:06.2,29.6069,-9.73071,-7.00092,31.94164,-18.19382,77.33921
835,52:06.3,29.6069,-9.73071,-7.00092,31.94164,-18.19382,77.33921
836,52:06.3,29.38512,-9.91966,-6.99792,31.79396,-18.65335,77.28496
837,52:06.3,29.38512,-9.91966,-6.99792,31.79396,-18.65335,77.28496
838,52:06.4,29.38512,-9.91966,-6.99792,31.79396,-18.65335,77.28496
839,52:06.4,29.16335,-10.20308,-6.99292,31.67814,-19.28288,77.24696
840,52:06.4,29.16335,-10.20308,-6.99292,31.67814,-19.28288,77.24696
841,52:06.5,29.16335,-10.20308,-6.99292,31.67814,-19.28288,77.24696
842,52:06.5,28.94157,-10.4865,-6.98793,31.566,-19.91714,77.21019
843,52:06.5,28.94157,-10.4865,-6.98793,31.566,-19.91714,77.21019
844,52:06.6,28.94157,-10.4865,-6.98793,31.566,-19.91714,77.21019
845,52:06.6,28.7198,-10.67544,-6.97593,31.4238,-20.39061,77.17377
846,52:06.6,28.7198,-10.67544,-6.97593,31.4238,-20.39061,77.17377
847,52:06.7,28.7198,-10.67544,-6.97593,31.4238,-20.39061,77.17377
848,52:06.7,28.49803,-10.95886,-6.97193,31.31839,-21.03415,77.13736
849,52:06.7,28.49803,-10.95886,-6.97293,31.31862,-21.03415,77.13558
850,52:06.8,28.49803,-10.95886,-6.97293,31.31862,-21.03415,77.13558
851,52:06.8,28.16536,-11.24228,-6.96893,31.11659,-21.75954,77.05817
852,52:06.8,28.16536,-11.24228,-6.96893,31.11659,-21.75954,77.05817
853,52:06.9,28.16536,-11.24228,-6.96893,31.11659,-21.75954,77.05817
854,52:06.9,27.94359,-11.5257,-6.96493,31.01928,-22.41434,77.02444
855,52:06.9,27.94359,-11.5257,-6.96393,31.01906,-22.41434,77.02624
856,52:07.0,27.94359,-11.5257,-6.96393,31.01906,-22.41434,77.02624
857,52:07.0,27.61093,-11.80912,-6.95693,30.82559,-23.15626,76.95673
858,52:07.0,27.61093,-11.80912,-6.95693,30.82559,-23.15626,76.95673
859,52:07.1,27.61093,-11.80912,-6.95693,30.82559,-23.15626,76.95673
860,52:07.1,27.27826,-12.09253,-6.95593,30.63851,-23.90785,76.87759
861,52:07.1,27.27826,-12.09253,-6.95593,30.63851,-23.90785,76.87759
862,52:07.2,27.27826,-12.09253,-6.95593,30.63851,-23.90785,76.87759
863,52:07.2,26.9456,-12.47043,-6.95593,30.49528,-24.8347,76.81484
864,52:07.2,26.9456,-12.47043,-6.95593,30.49528,-24.8347,76.81484
865,52:07.3,26.9456,-12.47043,-6.95593,30.49528,-24.8347,76.81484
866,52:07.3,26.61294,-12.84832,-6.95393,30.35926,-25.77053,76.75858
867,52:07.3,26.61294,-12.84832,-6.95393,30.35926,-25.77053,76.75858
868,52:07.4,26.61294,-12.84832,-6.95393,30.35926,-25.77053,76.75858
869,52:07.4,26.28028,-13.13173,-6.94793,30.18889,-26.55039,76.69418
870,52:07.4,26.28028,-13.13173,-6.94793,30.18889,-26.55039,76.69418
871,52:07.5,26.28028,-13.13173,-6.94793,30.18889,-26.55039,76.69418
872,52:07.5,25.94761,-13.50963,-6.94593,30.06717,-27.50374,76.64323
873,52:07.5,25.94761,-13.50963,-6.94593,30.06717,-27.50374,76.64323
874,52:07.6,25.94761,-13.50963,-6.94593,30.06717,-27.50374,76.64323
875,52:07.6,25.61495,-13.88752,-6.94593,29.95388,-28.46498,76.59177
876,52:07.6,25.61495,-13.88752,-6.94593,29.95388,-28.46498,76.59177
877,52:07.7,25.61495,-13.88752,-6.94593,29.95388,-28.46498,76.59177
878,52:07.7,25.28229,-14.35988,-6.94493,29.89369,-29.59579,76.56624
879,52:07.7,25.28229,-14.35988,-6.94493,29.89369,-29.59579,76.56624
880,52:07.8,25.28229,-14.35988,-6.94493,29.89369,-29.59579,76.56624
881,52:07.8,24.94963,-14.73777,-6.94493,29.79795,-30.57039,76.52226
882,52:07.8,24.94963,-14.73777,-6.94493,29.79795,-30.57039,76.52226
883,52:07.9,24.94963,-14.73777,-6.94493,29.79795,-30.57039,76.52226
884,52:07.9,24.61696,-15.11566,-6.94593,29.71068,-31.55136,76.47994
885,52:07.9,24.61696,-15.11566,-6.94593,29.71068,-31.55136,76.47994
886,52:08.0,24.61696,-15.11566,-6.94593,29.71068,-31.55136,76.47994
887,52:08.0,24.39519,-15.49355,-6.94693,29.72264,-32.41991,76.4835
888,52:08.0,24.39519,-15.49355,-6.94693,29.72264,-32.41991,76.4835
889,52:08.1,24.39519,-15.49355,-6.94693,29.72264,-32.41991,76.4835
890,52:08.1,24.06253,-15.87145,-6.94293,29.64983,-33.40852,76.45763
891,52:08.1,24.06253,-15.87145,-6.94293,29.64983,-33.40852,76.45763
892,52:08.2,24.06253,-15.87145,-6.94293,29.64983,-33.40852,76.45763
893,52:08.2,23.72986,-16.24934,-6.93594,29.5847,-34.40191,76.44119
894,52:08.2,23.72986,-16.24934,-6.93594,29.5847,-34.40191,76.44119
895,52:08.3,23.72986,-16.24934,-6.93594,29.5847,-34.40191,76.44119
896,52:08.3,23.3972,-16.7217,-6.93694,29.58319,-35.55294,76.43849
897,52:08.3,23.3972,-16.7217,-6.93694,29.58319,-35.55294,76.43849
898,52:08.4,23.3972,-16.7217,-6.93694,29.58319,-35.55294,76.43849
899,52:08.4,22.95365,-17.09959,-6.93594,29.4512,-36.6847,76.37855
900,52:08.4,22.95365,-17.09959,-6.93594,29.4512,-36.6847,76.37855
901,52:08.5,22.95365,-17.09959,-6.93594,29.4512,-36.6847,76.37855
902,52:08.5,22.62099,-17.47748,-6.93594,29.41562,-37.69048,76.36175
903,52:08.5,22.62099,-17.47748,-6.93594,29.41562,-37.69048,76.36175
904,52:08.6,22.62099,-17.47748,-6.93594,29.41562,-37.69048,76.36175
905,52:08.6,22.17744,-17.85537,-6.93394,29.30414,-38.83804,76.31288
906,52:08.6,22.17744,-17.85537,-6.93494,29.30438,-38.83804,76.31098
907,52:08.7,22.17744,-17.85537,-6.93494,29.30438,-38.83804,76.31098
908,52:08.7,21.73389,-18.13879,-6.93594,29.14593,-39.84789,76.23308
909,52:08.7,21.73389,-18.13879,-6.93594,29.14593,-39.84789,76.23308
910,52:08.8,21.73389,-18.13879,-6.93594,29.14593,-39.84789,76.23308
911,52:08.8,21.29034,-18.42221,-6.93894,28.99664,-40.86914,76.15469
912,52:08.8,21.29034,-18.42221,-6.93894,28.99664,-40.86914,76.15469
913,52:08.9,21.29034,-18.42221,-6.93894,28.99664,-40.86914,76.15469
914,52:08.9,20.84679,-18.61115,-6.93794,28.79408,-41.75716,76.05737
915,52:08.9,20.84679,-18.61115,-6.93694,28.79383,-41.75716,76.0593
916,52:09.0,20.84679,-18.61115,-6.93694,28.79383,-41.75716,76.0593
917,52:09.0,20.40324,-18.61115,-6.95394,28.47849,-42.37002,75.86649
918,52:09.0,20.40324,-18.61115,-6.95394,28.47849,-42.37002,75.86649
919,52:09.1,20.40324,-18.61115,-6.95394,28.47849,-42.37002,75.86649
920,52:09.1,19.95969,-18.70563,-6.95894,28.22617,-43.14232,75.72701
921,52:09.1,19.95969,-18.70563,-6.95894,28.22617,-43.14232,75.72701
922,52:09.2,19.95969,-18.70563,-6.95894,28.22617,-43.14232,75.72701
923,52:09.2,19.51614,-18.70562,-6.96194,27.91503,-43.78518,75.55813
924,52:09.2,19.51614,-18.70562,-6.96194,27.91503,-43.78518,75.55813
925,52:09.3,19.51614,-18.70562,-6.96194,27.91503,-43.78518,75.55813
926,52:09.3,19.0726,-18.70562,-6.95994,27.60625,-44.44346,75.39731
927,52:09.3,19.0726,-18.70562,-6.95994,27.60625,-44.44346,75.39731
928,52:09.4,19.0726,-18.70562,-6.95994,27.60625,-44.44346,75.39731
929,52:09.4,18.51816,-18.70562,-6.95395,27.22462,-45.28855,75.20102
930,52:09.4,18.51816,-18.70562,-6.95395,27.22462,-45.28855,75.20102
931,52:09.5,18.51816,-18.70562,-6.95395,27.22462,-45.28855,75.20102
932,52:09.5,18.07461,-18.61115,-6.95195,26.85882,-45.83791,74.99917
933,52:09.5,18.07461,-18.61115,-6.95195,26.85882,-45.83791,74.99917
934,52:09.6,18.07461,-18.61115,-6.95195,26.85882,-45.83791,74.99917
935,52:09.6,17.63106,-18.4222,-6.95295,26.43058,-46.25708,74.74802
936,52:09.6,17.63106,-18.4222,-6.95295,26.43058,-46.25708,74.74802
937,52:09.7,17.63106,-18.4222,-6.95295,26.43058,-46.25708,74.74802
938,52:09.7,17.18751,-18.23326,-6.95395,26.00422,-46.69108,74.48943
939,52:09.7,17.18751,-18.23326,-6.95395,26.00422,-46.69108,74.48943
940,52:09.8,17.18751,-18.23326,-6.95395,26.00422,-46.69108,74.48943
941,52:09.8,16.74396,-17.94984,-6.95195,25.51248,-46.99066,74.18738
942,52:09.8,16.74396,-17.94984,-6.95195,25.51248,-46.99066,74.18738
943,52:09.9,16.74396,-17.94984,-6.95195,25.51248,-46.99066,74.18738
944,52:09.9,16.4113,-17.66642,-6.95395,25.09563,-47.10931,73.91291
945,52:09.9,16.4113,-17.66642,-6.95395,25.09563,-47.10931,73.91291
946,52:10.0,16.4113,-17.66642,-6.95395,25.09563,-47.10931,73.91291
947,52:10.0,16.18953,-17.383,-6.95596,24.75186,-47.03595,73.67846
948,52:10.0,16.18953,-17.383,-6.95596,24.75186,-47.03595,73.67846
949,52:10.1,16.18953,-17.383,-6.95596,24.75186,-47.03595,73.67846
950,52:10.1,15.85687,-17.00511,-6.95896,24.27017,-47.00117,73.33778
951,52:10.1,15.85687,-17.00511,-6.95896,24.27017,-47.00117,73.33778
952,52:10.2,15.85687,-17.00511,-6.95896,24.27017,-47.00117,73.33778
953,52:10.2,15.74598,-16.62722,-6.97096,23.9373,-46.55927,73.06915
954,52:10.2,15.74598,-16.62722,-6.97096,23.9373,-46.55927,73.06915
955,52:10.3,15.74598,-16.62722,-6.97096,23.9373,-46.55927,73.06915
956,52:10.3,15.63509,-16.24932,-6.97796,23.60484,-46.10363,72.80554
957,52:10.3,15.63509,-16.24932,-6.97796,23.60484,-46.10363,72.80554
958,52:10.4,15.63509,-16.24932,-6.97796,23.60484,-46.10363,72.80554
959,52:10.4,15.41332,-15.87143,-6.98596,23.20079,-45.83894,72.47579
960,52:10.4,15.41332,-15.87143,-6.98596,23.20079,-45.83894,72.47579
961,52:10.5,15.41332,-15.87143,-6.98596,23.20079,-45.83894,72.47579
962,52:10.5,15.41332,-15.49354,-6.98996,22.94515,-45.14872,72.26362
963,52:10.5,15.41332,-15.49354,-6.98996,22.94515,-45.14872,72.26362
964,52:10.6,15.41332,-15.49354,-6.98996,22.94515,-45.14872,72.26362
965,52:10.6,15.30243,-15.11565,-6.99096,22.61683,-44.64818,71.99473
966,52:10.6,15.30243,-15.11565,-6.99096,22.61683,-44.64818,71.99473
967,52:10.7,15.30243,-15.11565,-6.99096,22.61683,-44.64818,71.99473
968,52:10.7,15.30243,-14.73776,-6.99196,22.36635,-43.92312,71.78335
969,52:10.7,15.30243,-14.73776,-6.99196,22.36635,-43.92312,71.78335
970,52:10.8,15.30243,-14.73776,-6.99196,22.36635,-43.92312,71.78335
971,52:10.8,15.19155,-14.35987,-6.99497,22.04356,-43.38792,71.49879
972,52:10.8,15.19155,-14.35987,-6.99497,22.04356,-43.38792,71.49879
973,52:10.9,15.19155,-14.35987,-6.99497,22.04356,-43.38792,71.49879
974,52:10.9,15.19155,-13.98198,-6.99697,21.79992,-42.6258,71.27883
975,52:10.9,15.19155,-13.98198,-6.99697,21.79992,-42.6258,71.27883
976,52:11.0,15.19155,-13.98198,-6.99697,21.79992,-42.6258,71.27883
977,52:11.0,15.30244,-13.69856,-6.99697,21.69729,-41.83453,71.18696
978,52:11.0,15.30244,-13.69856,-6.99697,21.69729,-41.83453,71.18696
979,52:11.1,15.30244,-13.69856,-6.99697,21.69729,-41.83453,71.18696
980,52:11.1,15.30244,-13.32067,-6.99797,21.46104,-41.03935,70.96912
981,52:11.1,15.30244,-13.32067,-6.99797,21.46104,-41.03935,70.96912
982,52:11.2,15.30244,-13.32067,-6.99797,21.46104,-41.03935,70.96912
983,52:11.2,15.41332,-12.94278,-6.99697,21.3083,-40.02063,70.83024
984,52:11.2,15.41332,-12.94278,-6.99697,21.3083,-40.02063,70.83024
985,52:11.3,15.41332,-12.94278,-6.99697,21.3083,-40.02063,70.83024
986,52:11.3,15.41332,-12.65936,-6.99897,21.13801,-39.39714,70.66395
987,52:11.3,15.41332,-12.65936,-6.99897,21.13801,-39.39714,70.66395
988,52:11.4,15.41332,-12.65936,-6.99897,21.13801,-39.39714,70.66395
989,52:11.4,15.6351,-12.28147,-7.00297,21.07919,-38.14985,70.59631
990,52:11.4,15.6351,-12.28147,-7.00297,21.07919,-38.14985,70.59631
991,52:11.5,15.6351,-12.28147,-7.00297,21.07919,-38.14985,70.59631
992,52:11.5,15.74599,-11.99805,-7.01097,21.00102,-37.30649,70.49802
993,52:11.5,15.74599,-11.99805,-7.01197,21.00136,-37.30649,70.49545
994,52:11.6,15.74599,-11.99805,-7.01197,21.00136,-37.30649,70.49545
995,52:11.6,15.96776,-11.71463,-7.01797,21.0108,-36.26536,70.48722
996,52:11.6,15.96776,-11.71463,-7.01797,21.0108,-36.26536,70.48722
997,52:11.7,15.96776,-11.71463,-7.01797,21.0108,-36.26536,70.48722
998,52:11.7,16.18954,-11.43121,-7.02597,21.02708,-35.22539,70.4798
999,52:11.7,16.18954,-11.43121,-7.02497,21.02674,-35.22539,70.48237
1000,52:11.8,16.18954,-11.43121,-7.02497,21.02674,-35.22539,70.48237
1001,52:11.8,16.41131,-11.24227,-7.04497,21.10335,-34.41237,70.49848
1002,52:11.8,16.41131,-11.24227,-7.04497,21.10335,-34.41237,70.49848
1003,52:11.9,16.41131,-11.24227,-7.04497,21.10335,-34.41237,70.49848
1004,52:11.9,16.63309,-11.05332,-7.05197,21.17937,-33.60555,70.55122
1005,52:11.9,16.63309,-11.05332,-7.05197,21.17937,-33.60555,70.55122
1006,52:12.0,16.63309,-11.05332,-7.05197,21.17937,-33.60555,70.55122
1007,52:12.0,16.96575,-10.86438,-7.05797,21.34681,-32.63433,70.69277
1008,52:12.0,16.96575,-10.86438,-7.05797,21.34681,-32.63433,70.69277
1009,52:12.1,16.96575,-10.86438,-7.05797,21.34681,-32.63433,70.69277
1010,52:12.1,17.18752,-10.67543,-7.06097,21.42972,-31.84504,70.76193
1011,52:12.1,17.18752,-10.67543,-7.06097,21.42972,-31.84504,70.76193
1012,52:12.2,17.18752,-10.67543,-7.06097,21.42972,-31.84504,70.76193
1013,52:12.2,17.52019,-10.58096,-7.06797,21.6534,-31.12902,70.94875
1014,52:12.2,17.52019,-10.58096,-7.06797,21.6534,-31.12902,70.94875
1015,52:12.3,17.52019,-10.58096,-7.06797,21.6534,-31.12902,70.94875
1016,52:12.3,17.74196,-10.48648,-7.06897,21.78793,-30.58545,71.06809
1017,52:12.3,17.74196,-10.48648,-7.06897,21.78793,-30.58545,71.06809
1018,52:12.4,17.74196,-10.48648,-7.06897,21.78793,-30.58545,71.06809
1019,52:12.4,18.07462,-10.39201,-7.06897,22.01491,-29.89677,71.2706
1020,52:12.4,18.07462,-10.39201,-7.06897,22.01491,-29.89677,71.2706
1021,52:12.5,18.07462,-10.39201,-7.06897,22.01491,-29.89677,71.2706
1022,52:12.5,18.2964,-10.29754,-7.06797,22.15296,-29.37159,71.39434
1023,52:12.5,18.2964,-10.29754,-7.06797,22.15296,-29.37159,71.39434
1024,52:12.6,18.2964,-10.29754,-7.06797,22.15296,-29.37159,71.39434
1025,52:12.6,18.62906,-10.29754,-7.06896,22.42881,-28.9324,71.62872
1026,52:12.6,18.62906,-10.29754,-7.06896,22.42881,-28.9324,71.62872
1027,52:12.7,18.62906,-10.29754,-7.06896,22.42881,-28.9324,71.62872
1028,52:12.7,18.96172,-10.29754,-7.06896,22.70587,-28.50506,71.86074
1029,52:12.7,18.96172,-10.29754,-7.06896,22.70587,-28.50506,71.86074
1030,52:12.8,18.96172,-10.29754,-7.06896,22.70587,-28.50506,71.86074
1031,52:12.8,19.18349,-10.39201,-7.06596,22.93313,-28.44513,72.05453
1032,52:12.8,19.18349,-10.39201,-7.06596,22.93313,-28.44513,72.05453
1033,52:12.9,19.18349,-10.39201,-7.06596,22.93313,-28.44513,72.05453
1034,52:12.9,19.51616,-10.39201,-7.04496,23.20573,-28.03452,72.32681
1035,52:12.9,19.51616,-10.39201,-7.04496,23.20573,-28.03452,72.32681
1036,52:13.0,19.51616,-10.39201,-7.04496,23.20573,-28.03452,72.32681
1037,52:13.0,19.62704,-10.48649,-6.99796,23.32721,-28.11504,72.54292
1038,52:13.0,19.62704,-10.48649,-6.99796,23.32721,-28.11504,72.54292
1039,52:13.1,19.62704,-10.48649,-6.99796,23.32721,-28.11504,72.54292
1040,52:13.1,19.84882,-10.67543,-6.94596,23.58361,-28.27302,72.87095
1041,52:13.1,19.84882,-10.67543,-6.94596,23.58361,-28.27302,72.87095
1042,52:13.2,19.84882,-10.67543,-6.94596,23.58361,-28.27302,72.87095
1043,52:13.2,20.07059,-10.76991,-6.89996,23.79977,-28.21806,73.14701
1044,52:13.2,20.07059,-10.76991,-6.89996,23.79977,-28.21806,73.14701
1045,52:13.3,20.29237,-10.95885,-6.86396,24.06222,-28.37117,73.42569
1046,52:13.3,20.29237,-10.95885,-6.86396,24.06222,-28.37117,73.42569
1047,52:13.3,20.29237,-10.95885,-6.86396,24.06222,-28.37117,73.42569
1048,52:13.4,20.51414,-11.05332,-6.84296,24.28646,-28.31645,73.63471
1049,52:13.4,20.51414,-11.05332,-6.84296,24.28646,-28.31645,73.63471
1050,52:13.4,20.51414,-11.05332,-6.84296,24.28646,-28.31645,73.63471
1051,52:13.5,20.51414,-11.05332,-6.84296,24.28646,-28.31645,73.63471
1052,52:13.5,20.73591,-11.24227,-6.83096,24.55664,-28.46496,73.8489
1053,52:13.5,20.73591,-11.24227,-6.83096,24.55664,-28.46496,73.8489
1054,52:13.6,20.8468,-11.52569,-6.82396,24.77896,-28.93714,74.01456
1055,52:13.6,20.8468,-11.52569,-6.82496,24.77924,-28.93714,74.01234
1056,52:13.6,20.8468,-11.52569,-6.82496,24.77924,-28.93714,74.01234
1057,52:13.7,20.8468,-11.52569,-6.82496,24.77924,-28.93714,74.01234
1058,52:13.7,20.95769,-11.71463,-6.82295,24.96017,-29.2037,74.13607
1059,52:13.7,20.95769,-11.71463,-6.82295,24.96017,-29.2037,74.13607
1060,52:13.8,20.95769,-11.71463,-6.82295,24.96017,-29.2037,74.13607
1061,52:13.8,21.06858,-11.90358,-6.82195,25.14198,-29.46611,74.25615
1062,52:13.9,21.06858,-11.90358,-6.82195,25.14198,-29.46611,74.25615
1063,52:13.9,21.06858,-11.90358,-6.82195,25.14198,-29.46611,74.25615
1064,52:13.9,21.17946,-12.187,-6.82595,25.37097,-29.91681,74.39251
1065,52:13.9,21.17946,-12.187,-6.82595,25.37097,-29.91681,74.39251
1066,52:14.0,21.17946,-12.187,-6.82595,25.37097,-29.91681,74.39251
1067,52:14.0,21.29035,-12.37595,-6.82995,25.55565,-30.16917,74.49883
1068,52:14.0,21.29035,-12.37595,-6.82995,25.55565,-30.16917,74.49883
1069,52:14.1,21.29035,-12.37595,-6.82995,25.55565,-30.16917,74.49883
1070,52:14.1,21.40124,-12.65936,-6.83195,25.78659,-30.60537,74.63649
1071,52:14.1,21.40124,-12.65936,-6.83195,25.78659,-30.60537,74.63649
1072,52:14.2,21.40124,-12.84831,-6.84095,25.88224,-30.97865,74.67401
1073,52:14.2,21.40124,-12.84831,-6.84095,25.88224,-30.97865,74.67401
1074,52:14.2,21.40124,-12.84831,-6.84095,25.88224,-30.97865,74.67401
1075,52:14.3,21.40124,-12.84831,-6.84095,25.88224,-30.97865,74.67401
1076,52:14.3,21.40124,-13.13173,-6.84295,26.02463,-31.53314,74.75534
1077,52:14.3,21.40124,-13.13173,-6.84295,26.02463,-31.53314,74.75534
1078,52:14.4,21.40124,-13.13173,-6.84295,26.02463,-31.53314,74.75534
1079,52:14.4,21.51212,-13.32067,-6.84495,26.21193,-31.7665,74.86236
1080,52:14.4,21.51212,-13.32067,-6.84495,26.21193,-31.7665,74.86236
1081,52:14.5,21.51212,-13.32067,-6.84495,26.21193,-31.7665,74.86236
1082,52:14.5,21.51212,-13.60409,-6.84595,26.35735,-32.30893,74.94561
1083,52:14.5,21.51212,-13.60409,-6.84595,26.35735,-32.30893,74.94561
1084,52:14.6,21.62301,-13.88751,-6.84995,26.59585,-32.71086,75.07485
1085,52:14.6,21.62301,-13.88751,-6.84995,26.59585,-32.71086,75.07485
1086,52:14.6,21.62301,-13.88751,-6.84995,26.59585,-32.71086,75.07485
1087,52:14.7,21.62301,-14.17093,-6.84695,26.74417,-33.23937,75.16618
1088,52:14.7,21.62301,-14.17093,-6.84695,26.74417,-33.23937,75.16618
1089,52:14.7,21.62301,-14.17093,-6.84695,26.74417,-33.23937,75.16618
1090,52:14.8,21.7339,-14.54882,-6.84395,27.03461,-33.79863,75.33571
1091,52:14.8,21.7339,-14.54882,-6.84395,27.03461,-33.79863,75.33571
1092,52:14.9,21.7339,-14.54882,-6.84395,27.03461,-33.79863,75.33571
1093,52:14.9,21.7339,-14.92671,-6.84395,27.23983,-34.48105,75.44864
1094,52:14.9,21.7339,-14.92671,-6.84395,27.23983,-34.48105,75.44864
1095,52:14.9,21.7339,-14.92671,-6.84395,27.23983,-34.48105,75.44864
1096,52:15.0,21.7339,-14.92671,-6.84395,27.23983,-34.48105,75.44864
1097,52:15.0,21.84478,-15.21013,-6.83794,27.48272,-34.84881,75.59296
1098,52:15.1,21.84478,-15.21013,-6.83794,27.48272,-34.84881,75.59296
1099,52:15.1,21.84478,-15.21013,-6.83794,27.48272,-34.84881,75.59296
1100,52:15.1,21.84478,-15.58802,-6.83294,27.69242,-35.51094,75.71507
1101,52:15.1,21.84478,-15.58802,-6.83294,27.69242,-35.51094,75.71507
1102,52:15.2,21.84478,-15.58802,-6.83294,27.69242,-35.51094,75.71507
1103,52:15.2,21.95567,-16.06039,-6.83094,28.04727,-36.18516,75.90378
1104,52:15.2,21.95567,-16.06039,-6.83094,28.04727,-36.18516,75.90378
1105,52:15.3,21.95567,-16.53275,-6.83194,28.32064,-36.97997,76.04053
1106,52:15.3,21.95567,-16.53275,-6.83094,28.3204,-36.97997,76.0425
1107,52:15.3,21.95567,-16.53275,-6.83094,28.3204,-36.97997,76.0425
1108,52:15.4,22.06655,-17.00512,-6.83394,28.68466,-37.61887,76.21709
1109,52:15.4,22.06655,-17.00512,-6.83394,28.68466,-37.61887,76.21709
1110,52:15.4,22.06655,-17.00512,-6.83394,28.68466,-37.61887,76.21709
1111,52:15.5,22.17744,-17.47748,-6.84094,29.05339,-38.24075,76.38121
1112,52:15.5,22.17744,-17.47748,-6.84194,29.05363,-38.24075,76.37929
1113,52:15.5,22.17744,-17.47748,-6.84194,29.05363,-38.24075,76.37929
1114,52:15.6,22.17744,-17.94985,-6.84994,29.34208,-38.98581,76.49967
1115,52:15.6,22.17744,-17.94985,-6.84994,29.34208,-38.98581,76.49967
1116,52:15.7,22.17744,-17.94985,-6.84994,29.34208,-38.98581,76.49967
1117,52:15.7,22.28833,-18.42221,-6.85393,29.7174,-39.57512,76.66542
1118,52:15.7,22.28833,-18.42221,-6.85393,29.7174,-39.57512,76.66542
1119,52:15.8,22.28833,-18.42221,-6.85393,29.7174,-39.57512,76.66542
1120,52:15.8,22.28833,-18.98905,-6.86293,30.07413,-40.4301,76.80885
1121,52:15.8,22.28833,-18.98905,-6.86293,30.07413,-40.4301,76.80885
1122,52:15.9,22.28833,-18.98905,-6.86293,30.07413,-40.4301,76.80885
1123,52:15.9,22.28832,-19.46141,-6.86893,30.37595,-41.12636,76.93063
1124,52:15.9,22.28832,-19.46141,-6.86893,30.37595,-41.12636,76.93063
1125,52:16.0,22.28832,-19.46141,-6.86893,30.37595,-41.12636,76.93063
1126,52:16.0,22.17744,-19.93378,-6.87093,30.60072,-41.9502,77.02447
1127,52:16.0,22.17744,-19.93378,-6.87093,30.60072,-41.9502,77.02447
1128,52:16.1,22.17744,-19.93378,-6.87093,30.60072,-41.9502,77.02447
1129,52:16.1,22.06655,-20.40614,-6.86993,30.83081,-42.76125,77.12489
1130,52:16.1,22.06655,-20.40614,-6.86993,30.83081,-42.76125,77.12489
1131,52:16.1,22.06655,-20.40614,-6.86993,30.83081,-42.76125,77.12489
1132,52:16.2,21.95566,-20.78403,-6.88093,31.00603,-43.42974,77.17804
1133,52:16.2,21.95566,-20.78403,-6.88093,31.00603,-43.42974,77.17804
1134,52:16.3,21.95566,-20.78403,-6.88093,31.00603,-43.42974,77.17804
1135,52:16.3,21.73388,-21.2564,-6.88593,31.17069,-44.36365,77.23749
1136,52:16.3,21.73388,-21.2564,-6.88593,31.17069,-44.36365,77.23749
1137,52:16.4,21.73388,-21.2564,-6.88593,31.17069,-44.36365,77.23749
1138,52:16.4,21.623,-21.63429,-6.89393,31.35479,-45.01495,77.2987
1139,52:16.4,21.623,-21.63429,-6.89393,31.35479,-45.01495,77.2987
1140,52:16.5,21.623,-21.63429,-6.89393,31.35479,-45.01495,77.2987
1141,52:16.5,21.29033,-21.9177,-6.89693,31.32462,-45.83186,77.28063
1142,52:16.5,21.29033,-21.9177,-6.89793,31.32484,-45.83186,77.27885
1143,52:16.6,21.29033,-21.9177,-6.89793,31.32484,-45.83186,77.27885
1144,52:16.6,21.06856,-22.2956,-6.90693,31.44334,-46.62082,77.31078
1145,52:16.6,21.06856,-22.2956,-6.90693,31.44334,-46.62082,77.31078
1146,52:16.7,21.06856,-22.2956,-6.90693,31.44334,-46.62082,77.31078
1147,52:16.7,21.06856,-22.2956,-6.90693,31.44334,-46.62082,77.31078
1148,52:16.7,20.7359,-22.57901,-6.90293,31.42355,-47.43656,77.31013
1149,52:16.8,20.7359,-22.57901,-6.90293,31.42355,-47.43656,77.31013
1150,52:16.8,20.40323,-22.76796,-6.90093,31.34158,-48.13527,77.28014
1151,52:16.8,20.40323,-22.76796,-6.90193,31.3418,-48.13527,77.27835
1152,52:16.9,20.40323,-22.76796,-6.90193,31.3418,-48.13527,77.27835
1153,52:16.9,20.07057,-23.05138,-6.89593,31.33285,-48.95428,77.28591
1154,52:16.9,20.07057,-23.05138,-6.89493,31.33263,-48.95428,77.28769
1155,52:17.0,20.07057,-23.05138,-6.89493,31.33263,-48.95428,77.28769
1156,52:17.0,19.62702,-23.14585,-6.87493,31.11615,-49.703,77.23551
1157,52:17.0,19.62702,-23.14585,-6.87493,31.11615,-49.703,77.23551
1158,52:17.1,19.62702,-23.14585,-6.87493,31.11615,-49.703,77.23551
1159,52:17.1,19.18347,-23.33479,-6.87093,30.97947,-50.57647,77.18583
1160,52:17.1,19.18347,-23.33479,-6.87093,30.97947,-50.57647,77.18583
1161,52:17.2,19.18347,-23.33479,-6.87093,30.97947,-50.57647,77.18583
1162,52:17.2,18.85081,-23.42927,-6.86793,30.84562,-51.1804,77.13498
1163,52:17.2,18.85081,-23.42927,-6.86793,30.84562,-51.1804,77.13498
1164,52:17.3,18.85081,-23.42927,-6.86793,30.84562,-51.1804,77.13498
1165,52:17.3,18.40726,-23.42926,-6.86393,30.57566,-51.84496,77.02711
1166,52:17.3,18.40726,-23.42926,-6.86393,30.57566,-51.84496,77.02711
1167,52:17.4,18.40726,-23.42926,-6.86393,30.57566,-51.84496,77.02711
1168,52:17.4,18.0746,-23.42926,-6.85093,30.37362,-52.35146,76.96447
1169,52:17.4,18.0746,-23.42926,-6.85093,30.37362,-52.35146,76.96447
1170,52:17.5,18.0746,-23.42926,-6.85093,30.37362,-52.35146,76.96447
1171,52:17.5,17.63105,-23.33479,-6.84793,30.03765,-52.92643,76.82192
1172,52:17.5,17.63105,-23.33479,-6.84793,30.03765,-52.92643,76.82192
1173,52:17.6,17.63105,-23.33479,-6.84793,30.03765,-52.92643,76.82192
1174,52:17.6,17.29839,-23.24032,-6.85093,29.77049,-53.3387,76.69557
1175,52:17.6,17.29839,-23.24032,-6.85093,29.77049,-53.3387,76.69557
1176,52:17.7,17.29839,-23.24032,-6.85093,29.77049,-53.3387,76.69557
1177,52:17.7,16.96573,-23.14584,-6.84794,29.50356,-53.75887,76.57894
1178,52:17.7,16.96573,-23.14584,-6.84794,29.50356,-53.75887,76.57894
1179,52:17.8,16.96573,-23.14584,-6.84794,29.50356,-53.75887,76.57894
1180,52:17.8,16.63307,-22.9569,-6.83794,29.16222,-54.07537,76.43907
1181,52:17.8,16.63307,-22.9569,-6.83794,29.16222,-54.07537,76.43907
1182,52:17.9,16.63307,-22.9569,-6.83794,29.16222,-54.07537,76.43907
1183,52:17.9,16.3004,-22.86242,-6.83294,28.8978,-54.51197,76.32278
1184,52:17.9,16.3004,-22.86242,-6.83294,28.8978,-54.51197,76.32278
1185,52:18.0,16.3004,-22.86242,-6.83294,28.8978,-54.51197,76.32278
1186,52:18.0,16.07863,-22.67348,-6.83294,28.62338,-54.65809,76.18906
1187,52:18.0,16.07863,-22.67348,-6.83294,28.62338,-54.65809,76.18906
1188,52:18.1,16.07863,-22.67348,-6.83294,28.62338,-54.65809,76.18906
1189,52:18.1,15.85686,-22.48453,-6.83094,28.34882,-54.80721,76.05678
1190,52:18.1,15.85686,-22.48453,-6.83094,28.34882,-54.80721,76.05678
1191,52:18.2,15.85686,-22.48453,-6.83094,28.34882,-54.80721,76.05678
1192,52:18.2,15.63508,-22.20111,-6.82994,27.99988,-54.84497,75.88154
1193,52:18.2,15.63508,-22.20111,-6.82994,27.99988,-54.84497,75.88154
1194,52:18.3,15.63508,-22.20111,-6.82994,27.99988,-54.84497,75.88154
1195,52:18.3,15.41331,-21.91769,-6.83094,27.65171,-54.88374,75.69786
1196,52:18.3,15.41331,-21.91769,-6.83094,27.65171,-54.88374,75.69786
1197,52:18.4,15.41331,-21.91769,-6.83094,27.65171,-54.88374,75.69786
1198,52:18.4,15.30242,-21.63427,-6.83294,27.36595,-54.72735,75.54096
1199,52:18.4,15.30242,-21.63427,-6.83294,27.36595,-54.72735,75.54096
1200,52:18.5,15.30242,-21.63427,-6.83294,27.36595,-54.72735,75.54096
1201,52:18.5,15.08065,-21.35085,-6.82995,27.01727,-54.76547,75.35678
1202,52:18.5,15.08065,-21.35085,-6.82995,27.01727,-54.76547,75.35678
1203,52:18.6,15.08065,-21.35085,-6.82995,27.01727,-54.76547,75.35678
1204,52:18.6,14.96976,-21.06744,-6.81895,26.7288,-54.60377,75.21953
1205,52:18.6,14.96976,-21.06744,-6.81895,26.7288,-54.60377,75.21953
1206,52:18.7,14.96976,-21.06744,-6.81895,26.7288,-54.60377,75.21953
1207,52:18.7,14.85887,-20.78402,-6.81195,26.44171,-54.43833,75.07103
1208,52:18.7,14.85887,-20.78402,-6.81195,26.44171,-54.43833,75.07103
1209,52:18.8,14.85887,-20.78402,-6.81195,26.44171,-54.43833,75.07103
1210,52:18.8,14.85887,-20.5006,-6.80295,26.21719,-54.06533,74.96053
1211,52:18.8,14.85887,-20.5006,-6.80295,26.21719,-54.06533,74.96053
1212,52:18.9,14.85887,-20.5006,-6.80295,26.21719,-54.06533,74.96053
1213,52:18.9,14.74799,-20.21718,-6.79595,25.93111,-53.89007,74.80665
1214,52:18.9,14.74799,-20.21718,-6.79595,25.93111,-53.89007,74.80665
1215,52:19.0,14.74799,-20.21718,-6.79595,25.93111,-53.89007,74.80665
1216,52:19.0,14.85888,-19.93376,-6.77495,25.76899,-53.29869,74.75714
1217,52:19.0,14.85888,-19.93376,-6.77495,25.76899,-53.29869,74.75714
1218,52:19.1,14.85888,-19.93376,-6.77495,25.76899,-53.29869,74.75714
1219,52:19.1,14.85888,-19.65034,-6.76595,25.548,-52.90475,74.64297
1220,52:19.1,14.85888,-19.65034,-6.76595,25.548,-52.90475,74.64297
1221,52:19.2,14.85888,-19.65034,-6.76595,25.548,-52.90475,74.64297
1222,52:19.2,14.85888,-19.36692,-6.75395,25.32745,-52.50351,74.53407
1223,52:19.2,14.85888,-19.36692,-6.75395,25.32745,-52.50351,74.53407
1224,52:19.3,14.85888,-19.36692,-6.75395,25.32745,-52.50351,74.53407
1225,52:19.3,14.96976,-19.08351,-6.74595,25.17503,-51.88813,74.45696
1226,52:19.3,14.96976,-19.08351,-6.74595,25.17503,-51.88813,74.45696
1227,52:19.4,14.96976,-19.08351,-6.74595,25.17503,-51.88813,74.45696
1228,52:19.4,15.08065,-18.89456,-6.73495,25.09562,-51.40496,74.4326
1229,52:19.4,15.08065,-18.89456,-6.73495,25.09562,-51.40496,74.4326
1230,52:19.5,15.08065,-18.89456,-6.73495,25.09562,-51.40496,74.4326
1231,52:19.5,15.30243,-18.61114,-6.73395,25.0177,-50.57232,74.38526
1232,52:19.5,15.30243,-18.61114,-6.73295,25.01743,-50.57232,74.38746
1233,52:19.6,15.30243,-18.61114,-6.73295,25.01743,-50.57232,74.38746
1234,52:19.6,15.41332,-18.32773,-6.72895,24.87478,-49.93672,74.30519
1235,52:19.6,15.41332,-18.32773,-6.72895,24.87478,-49.93672,74.30519
1236,52:19.7,15.41332,-18.32773,-6.72895,24.87478,-49.93672,74.30519
1237,52:19.7,15.63509,-18.13878,-6.70795,24.86902,-49.23964,74.35172
1238,52:19.7,15.63509,-18.13878,-6.70895,24.86929,-49.23964,74.3495
1239,52:19.8,15.63509,-18.13878,-6.70895,24.86929,-49.23964,74.3495
1240,52:19.8,15.85686,-17.94983,-6.67995,24.8648,-48.54266,74.41599
1241,52:19.8,15.85686,-17.94983,-6.67895,24.86454,-48.54266,74.41821
1242,52:19.9,15.85686,-17.94983,-6.67895,24.86454,-48.54266,74.41821
1243,52:19.9,15.96775,-17.76089,-6.65896,24.79435,-48.04319,74.42096
1244,52:19.9,15.96775,-17.76089,-6.65996,24.79462,-48.04319,74.41874
1245,52:20.0,15.96775,-17.76089,-6.65996,24.79462,-48.04319,74.41874
1246,52:20.0,16.18953,-17.57194,-6.64396,24.79952,-47.34476,74.46026
1247,52:20.0,16.18953,-17.57194,-6.64396,24.79952,-47.34476,74.46026
1248,52:20.1,16.18953,-17.57194,-6.64396,24.79952,-47.34476,74.46026
1249,52:20.1,16.4113,-17.383,-6.63796,24.81052,-46.64699,74.48171
1250,52:20.1,16.4113,-17.383,-6.63796,24.81052,-46.64699,74.48171
1251,52:20.2,16.4113,-17.383,-6.63796,24.81052,-46.64699,74.48171
1252,52:20.2,16.63308,-17.19405,-6.63096,24.82467,-45.95008,74.50754
1253,52:20.2,16.63308,-17.19405,-6.63096,24.82467,-45.95008,74.50754
1254,52:20.3,16.63308,-17.19405,-6.63096,24.82467,-45.95008,74.50754
1255,52:20.3,16.85485,-17.00511,-6.62695,24.84303,-45.25425,74.52885
1256,52:20.3,16.85485,-17.00511,-6.62695,24.84303,-45.25425,74.52885
1257,52:20.4,16.85485,-17.00511,-6.62695,24.84303,-45.25425,74.52885
1258,52:20.4,17.18751,-16.72169,-6.62295,24.87748,-44.21295,74.56037
1259,52:20.4,17.18751,-16.72169,-6.62295,24.87748,-44.21295,74.56037
1260,52:20.5,17.18751,-16.72169,-6.62295,24.87748,-44.21295,74.56037
1261,52:20.5,17.40929,-16.53274,-6.62195,24.90513,-43.52068,74.58032
1262,52:20.5,17.40929,-16.53274,-6.62195,24.90513,-43.52068,74.58032
1263,52:20.6,17.40929,-16.53274,-6.62195,24.90513,-43.52068,74.58032
1264,52:20.6,17.63106,-16.24933,-6.62395,24.87512,-42.66461,74.55648
1265,52:20.6,17.63106,-16.24933,-6.62395,24.87512,-42.66461,74.55648
1266,52:20.7,17.63106,-16.24933,-6.62395,24.87512,-42.66461,74.55648
1267,52:20.7,17.96373,-15.96591,-6.62495,24.92982,-41.63025,74.58882
1268,52:20.7,17.96373,-15.96591,-6.62495,24.92982,-41.63025,74.58882
1269,52:20.8,17.96373,-15.96591,-6.62495,24.92982,-41.63025,74.58882
1270,52:20.8,18.29639,-15.58802,-6.62595,24.93286,-40.43008,74.58836
1271,52:20.8,18.29639,-15.58802,-6.62595,24.93286,-40.43008,74.58836
1272,52:20.9,18.29639,-15.58802,-6.62595,24.93286,-40.43008,74.58836
1273,52:20.9,18.51816,-15.3046,-6.62695,24.92127,-39.57251,74.57863
1274,52:20.9,18.51816,-15.3046,-6.62695,24.92127,-39.57251,74.57863
1275,52:21.0,18.51816,-15.3046,-6.62695,24.92127,-39.57251,74.57863
1276,52:21.0,18.73994,-14.92671,-6.62695,24.85776,-38.53797,74.53825
1277,52:21.0,18.73994,-14.92671,-6.62695,24.85776,-38.53797,74.53825
1278,52:21.1,18.73994,-14.92671,-6.62695,24.85776,-38.53797,74.53825
1279,52:21.1,18.96171,-14.54882,-6.62896,24.80237,-37.49807,74.49806
1280,52:21.1,18.96171,-14.54882,-6.62896,24.80237,-37.49807,74.49806
1281,52:21.2,18.96171,-14.54882,-6.62896,24.80237,-37.49807,74.49806
1282,52:21.2,19.18349,-14.17093,-6.63196,24.75488,-36.45344,74.46036
1283,52:21.2,19.18349,-14.17093,-6.63196,24.75488,-36.45344,74.46036
1284,52:21.3,19.18349,-14.17093,-6.63196,24.75488,-36.45344,74.46036
1285,52:21.3,19.40526,-13.79304,-6.63196,24.71427,-35.40477,74.43418
1286,52:21.3,19.40526,-13.79304,-6.63196,24.71427,-35.40477,74.43418
1287,52:21.4,19.40526,-13.79304,-6.63196,24.71427,-35.40477,74.43418
1288,52:21.4,19.51615,-13.41514,-6.63296,24.59354,-34.50412,74.3534
1289,52:21.4,19.51615,-13.41514,-6.63296,24.59354,-34.50412,74.3534
1290,52:21.5,19.51615,-13.41514,-6.63296,24.59354,-34.50412,74.3534
1291,52:21.5,19.62704,-13.03725,-6.63396,24.47856,-33.59408,74.27557
1292,52:21.5,19.62704,-13.03725,-6.63396,24.47856,-33.59408,74.27557
1293,52:21.6,19.62704,-13.03725,-6.63396,24.47856,-33.59408,74.27557
1294,52:21.6,19.73793,-12.65936,-6.63896,24.37049,-32.67499,74.19181
1295,52:21.6,19.73793,-12.65936,-6.63896,24.37049,-32.67499,74.19181
1296,52:21.7,19.73793,-12.65936,-6.63896,24.37049,-32.67499,74.19181
1297,52:21.7,19.73793,-12.187,-6.63996,24.12877,-31.69287,74.02676
1298,52:21.7,19.73793,-12.187,-6.63996,24.12877,-31.69287,74.02676
1299,52:21.8,19.73793,-12.187,-6.63996,24.12877,-31.69287,74.02676
1300,52:21.8,19.84882,-11.80911,-6.64296,24.03246,-30.75064,73.95358
1301,52:21.8,19.84882,-11.80911,-6.64296,24.03246,-30.75064,73.95358
1302,52:21.9,19.84882,-11.80911,-6.64296,24.03246,-30.75064,73.95358
1303,52:21.9,19.84882,-11.43121,-6.64396,23.84933,-29.93825,73.82449
1304,52:21.9,19.84882,-11.43121,-6.64396,23.84933,-29.93825,73.82449
1305,52:22.0,19.84882,-11.43121,-6.64396,23.84933,-29.93825,73.82449
1306,52:22.0,19.84882,-10.95885,-6.64796,23.62768,-28.90379,73.65842
1307,52:22.0,19.84882,-10.95885,-6.64796,23.62768,-28.90379,73.65842
1308,52:22.1,19.84882,-10.95885,-6.64796,23.62768,-28.90379,73.65842
1309,52:22.1,19.9597,-10.58096,-6.65196,23.54984,-27.92878,73.59274
1310,52:22.1,19.9597,-10.58096,-6.65196,23.54984,-27.92878,73.59274
1311,52:22.2,19.9597,-10.58096,-6.65196,23.54984,-27.92878,73.59274
1312,52:22.2,19.9597,-10.10859,-6.65496,23.34228,-26.85994,73.43498
1313,52:22.2,19.9597,-10.10859,-6.65496,23.34228,-26.85994,73.43498
1314,52:22.3,19.9597,-10.10859,-6.65496,23.34228,-26.85994,73.43498
1315,52:22.3,19.9597,-9.63623,-6.65696,23.14221,-25.77052,73.28241
1316,52:22.3,19.9597,-9.63623,-6.65696,23.14221,-25.77052,73.28241
1317,52:22.4,19.9597,-9.63623,-6.65696,23.14221,-25.77052,73.28241
1318,52:22.4,19.95971,-9.16387,-6.65296,22.94838,-24.66072,73.14744
1319,52:22.4,19.95971,-9.16387,-6.65296,22.94838,-24.66072,73.14744
1320,52:22.5,19.95971,-9.16387,-6.65296,22.94838,-24.66072,73.14744
1321,52:22.5,19.95971,-8.59703,-6.64796,22.72651,-23.30247,72.9911
1322,52:22.5,19.95971,-8.59703,-6.64796,22.72651,-23.30247,72.9911
1323,52:22.6,19.95971,-8.59703,-6.64796,22.72651,-23.30247,72.9911
1324,52:22.6,19.95971,-8.12467,-6.63496,22.54823,-22.14895,72.88704
1325,52:22.6,19.95971,-8.12467,-6.63496,22.54823,-22.14895,72.88704
1326,52:22.7,19.95971,-8.12467,-6.63496,22.54823,-22.14895,72.88704
1327,52:22.7,19.95971,-7.55783,-6.63496,22.35024,-20.73938,72.73071
1328,52:22.7,19.95971,-7.55783,-6.63596,22.35054,-20.73938,72.72826
1329,52:22.8,19.95971,-7.55783,-6.63596,22.35054,-20.73938,72.72826
1330,52:22.8,19.95971,-7.08546,-6.63596,22.19526,-19.54427,72.60358
1331,52:22.8,19.95971,-7.08546,-6.63596,22.19526,-19.54427,72.60358
1332,52:22.9,19.95971,-7.08546,-6.63596,22.19526,-19.54427,72.60358
1333,52:22.9,19.84882,-6.6131,-6.63397,21.94808,-18.4267,72.40677
1334,52:22.9,19.84882,-6.6131,-6.63297,21.94778,-18.4267,72.40926
1335,52:23.0,19.84882,-6.6131,-6.63297,21.94778,-18.4267,72.40926
1336,52:23.0,19.84882,-6.04626,-6.63297,21.78369,-16.94156,72.27238
1337,52:23.0,19.84882,-6.04626,-6.63297,21.78369,-16.94156,72.27238
1338,52:23.1,19.84882,-6.04626,-6.63297,21.78369,-16.94156,72.27238
1339,52:23.1,19.73793,-5.5739,-6.63397,21.55606,-15.76943,72.07607
1340,52:23.1,19.73793,-5.5739,-6.63397,21.55606,-15.76943,72.07607
1341,52:23.2,19.73793,-5.5739,-6.63397,21.55606,-15.76943,72.07607
1342,52:23.2,19.51616,-5.10153,-6.63697,21.23571,-14.64935,71.78775
1343,52:23.2,19.51616,-5.10153,-6.63697,21.23571,-14.64935,71.78775
1344,52:23.3,19.51616,-5.10153,-6.63697,21.23571,-14.64935,71.78775
1345,52:23.3,19.40527,-4.72364,-6.63897,21.04646,-13.6809,71.61241
1346,52:23.3,19.40527,-4.72364,-6.63897,21.04646,-13.6809,71.61241
1347,52:23.4,19.40527,-4.72364,-6.63897,21.04646,-13.6809,71.61241
1348,52:23.4,19.1835,-4.25128,-6.64297,20.74148,-12.49544,71.32047
1349,52:23.4,19.1835,-4.25128,-6.64297,20.74148,-12.49544,71.32047
1350,52:23.5,19.1835,-4.25128,-6.64297,20.74148,-12.49544,71.32047
1351,52:23.5,18.85084,-3.87339,-6.64797,20.36057,-11.61127,70.94279
1352,52:23.5,18.85084,-3.87339,-6.64797,20.36057,-11.61127,70.94279
1353,52:23.6,18.85084,-3.87339,-6.64697,20.36024,-11.61127,70.94545
1354,52:23.6,18.62906,-3.4955,-6.65397,20.0882,-10.62722,70.65608
1355,52:23.6,18.62906,-3.4955,-6.65397,20.0882,-10.62722,70.65608
1356,52:23.7,18.62906,-3.4955,-6.65397,20.0882,-10.62722,70.65608
1357,52:23.7,18.2964,-3.21208,-6.65897,19.73367,-9.95725,70.27888
1358,52:23.7,18.2964,-3.21208,-6.65997,19.734,-9.95725,70.27615
1359,52:23.8,18.2964,-3.21208,-6.65997,19.734,-9.95725,70.27615
1360,52:23.8,17.85285,-2.92866,-6.66797,19.28116,-9.31607,69.76762
1361,52:23.8,17.85285,-2.92866,-6.66797,19.28116,-9.31607,69.76762
1362,52:23.9,17.85285,-2.92866,-6.66797,19.28116,-9.31607,69.76762
1363,52:23.9,17.52019,-2.64524,-6.66898,18.93224,-8.5858,69.37469
1364,52:23.9,17.52019,-2.64524,-6.66898,18.93224,-8.5858,69.37469
1365,52:24.0,17.52019,-2.64524,-6.66898,18.93224,-8.5858,69.37469
1366,52:24.0,17.18753,-2.55077,-6.67298,18.61306,-8.44154,68.99126
1367,52:24.0,17.18753,-2.55077,-6.67298,18.61306,-8.44154,68.99126
1368,52:24.1,17.18753,-2.55077,-6.67298,18.61306,-8.44154,68.99126
1369,52:24.1,16.85487,-2.36182,-6.67698,18.28242,-7.97674,68.5793
1370,52:24.1,16.85487,-2.36182,-6.67698,18.28242,-7.97674,68.5793
1371,52:24.2,16.85487,-2.36182,-6.67698,18.28242,-7.97674,68.5793
1372,52:24.2,16.41132,-2.26735,-6.68298,17.86433,-7.86605,68.03154
1373,52:24.2,16.41132,-2.26735,-6.68298,17.86433,-7.86605,68.03154
1374,52:24.3,16.41132,-2.26735,-6.68298,17.86433,-7.86605,68.03154
1375,52:24.3,16.07865,-2.0784,-6.68898,17.53811,-7.36548,67.57977
1376,52:24.3,16.07865,-2.0784,-6.68898,17.53811,-7.36548,67.57977
1377,52:24.4,16.07865,-2.0784,-6.68898,17.53811,-7.36548,67.57977
1378,52:24.4,15.63511,-1.79498,-6.69998,17.10463,-6.54915,66.93932
1379,52:24.4,15.63511,-1.79498,-6.69998,17.10463,-6.54915,66.93932
1380,52:24.5,15.63511,-1.79498,-6.69998,17.10463,-6.54915,66.93932
1381,52:24.5,15.30244,-1.60604,-6.70698,16.78475,-5.99143,66.44758
1382,52:24.5,15.30244,-1.60604,-6.70698,16.78475,-5.99143,66.44758
1383,52:24.6,15.30244,-1.60604,-6.70698,16.78475,-5.99143,66.44758
1384,52:24.6,14.85889,-1.32262,-6.71298,16.35849,-5.0866,65.77212
1385,52:24.6,14.85889,-1.32262,-6.71298,16.35849,-5.0866,65.77212
1386,52:24.7,14.85889,-1.32262,-6.71298,16.35849,-5.0866,65.77212
1387,52:24.7,14.63712,-1.0392,-6.71298,16.13658,-4.06105,65.41705
1388,52:24.7,14.63712,-1.0392,-6.71298,16.13658,-4.06105,65.41705
1389,52:24.8,14.63712,-1.0392,-6.71298,16.13658,-4.06105,65.41705
1390,52:24.8,14.30446,-0.75578,-6.71198,15.81896,-3.02444,64.89364
1391,52:24.8,14.30446,-0.75578,-6.71198,15.81896,-3.02444,64.89364
1392,52:24.9,14.30446,-0.75578,-6.71198,15.81896,-3.02444,64.89364
1393,52:24.9,14.08268,-0.37789,-6.71198,15.60498,-1.53709,64.52495
1394,52:24.9,14.08268,-0.37789,-6.71198,15.60498,-1.53709,64.52495
1395,52:25.0,14.08268,-0.37789,-6.71198,15.60498,-1.53709,64.52495
1396,52:25.0,13.9718,-0.0,-6.71698,15.50255,-0.0,64.32394
1397,52:25.0,13.9718,-0.0,-6.71698,15.50255,-0.0,64.32394
1398,52:25.1,13.9718,-0.0,-6.71698,15.50255,-0.0,64.32394
1399,52:25.1,13.86091,0.37789,-6.71798,15.40776,1.56167,64.15022
1400,52:25.1,13.86091,0.37789,-6.71798,15.40776,1.56167,64.15022
1401,52:25.2,13.86091,0.37789,-6.71798,15.40776,1.56167,64.15022
1402,52:25.2,13.75002,0.75578,-6.71699,15.32163,3.14615,63.99823
1403,52:25.2,13.75002,0.75578,-6.71699,15.32163,3.14615,63.99823
1404,52:25.3,13.75002,0.75578,-6.71699,15.32163,3.14615,63.99823
1405,52:25.3,13.63913,1.13367,-6.71199,15.24342,4.75146,63.8757
1406,52:25.3,13.63913,1.13367,-6.71199,15.24342,4.75146,63.8757
1407,52:25.4,13.63913,1.13367,-6.71199,15.24342,4.75146,63.8757
1408,52:25.4,13.75002,1.51156,-6.70398,15.37177,6.27344,64.14322
1409,52:25.4,13.75002,1.51156,-6.70398,15.37177,6.27344,64.14322
1410,52:25.5,13.75002,1.51156,-6.70398,15.37177,6.27344,64.14322
1411,52:25.5,13.75002,1.88946,-6.69298,15.40874,7.82428,64.25524
1412,52:25.5,13.75002,1.88946,-6.69298,15.40874,7.82428,64.25524
1413,52:25.6,13.75002,1.88946,-6.69298,15.40874,7.82428,64.25524
1414,52:25.6,13.86091,2.26735,-6.68298,15.55403,9.29008,64.55386
1415,52:25.6,13.86091,2.26735,-6.68298,15.55403,9.29008,64.55386
1416,52:25.7,13.86091,2.26735,-6.68298,15.55403,9.29008,64.55386
1417,52:25.7,13.9718,2.64524,-6.67498,15.70872,10.72075,64.85426
1418,52:25.7,13.9718,2.64524,-6.67498,15.70872,10.72075,64.85426
1419,52:25.8,13.9718,2.64524,-6.67498,15.70872,10.72075,64.85426
1420,52:25.8,14.08268,3.02313,-6.66898,15.87251,12.11581,65.15535
1421,52:25.8,14.08268,3.02313,-6.66898,15.87251,12.11581,65.15535
1422,52:25.9,14.08268,3.02313,-6.66898,15.87251,12.11581,65.15535
1423,52:25.9,14.30446,3.30655,-6.66098,16.12202,13.0156,65.59646
1424,52:25.9,14.30446,3.30655,-6.66098,16.12202,13.0156,65.59646
1425,52:26.0,14.30446,3.30655,-6.66098,16.12202,13.0156,65.59646
1426,52:26.0,14.52623,3.58997,-6.65198,16.37523,13.88174,66.03226
1427,52:26.0,14.52623,3.58997,-6.65198,16.37523,13.88174,66.03226
1428,52:26.1,14.52623,3.58997,-6.65198,16.37523,13.88174,66.03226
1429,52:26.1,14.74801,3.87338,-6.64198,16.63198,14.71569,66.46245
1430,52:26.1,14.74801,3.87338,-6.64198,16.63198,14.71569,66.46245
1431,52:26.2,14.74801,3.87338,-6.64198,16.63198,14.71569,66.46245
1432,52:26.2,14.96978,4.06233,-6.62798,16.86793,15.18264,66.86282
1433,52:26.2,14.96978,4.06233,-6.62798,16.86793,15.18264,66.86282
1434,52:26.3,14.96978,4.06233,-6.62798,16.86793,15.18264,66.86282
1435,52:26.3,15.30244,4.25128,-6.62498,17.20838,15.52619,67.35715
1436,52:26.3,15.30244,4.25128,-6.62498,17.20838,15.52619,67.35715
1437,52:26.4,15.30244,4.25128,-6.62498,17.20838,15.52619,67.35715
1438,52:26.4,15.52422,4.44022,-6.62298,17.45224,15.96154,67.6978
1439,52:26.4,15.52422,4.44022,-6.62298,17.45224,15.96154,67.6978
1440,52:26.5,15.52422,4.44022,-6.62298,17.45224,15.96154,67.6978
1441,52:26.5,15.85688,4.53469,-6.62498,17.77342,15.95929,68.1149
1442,52:26.5,15.85688,4.53469,-6.62498,17.77342,15.95929,68.1149
1443,52:26.6,15.85688,4.53469,-6.62498,17.77342,15.95929,68.1149
1444,52:26.6,16.07865,4.62917,-6.63398,17.99894,16.06152,68.37218
1445,52:26.6,16.07865,4.62917,-6.63398,17.99894,16.06152,68.37218
1446,52:26.7,16.07865,4.62917,-6.63398,17.99894,16.06152,68.37218
1447,52:26.7,16.41132,4.72364,-6.63898,18.32267,16.05732,68.75622
1448,52:26.7,16.41132,4.72364,-6.63898,18.32267,16.05732,68.75622
1449,52:26.8,16.41132,4.72364,-6.63898,18.32267,16.05732,68.75622
1450,52:26.8,16.74398,4.81811,-6.64498,18.64754,16.05328,69.12404
1451,52:26.8,16.74398,4.81811,-6.64498,18.64754,16.05328,69.12404
1452,52:26.9,16.74398,4.81811,-6.64498,18.64754,16.05328,69.12404
1453,52:26.9,16.96575,4.81811,-6.64898,18.84834,15.85405,69.34366
1454,52:26.9,16.96575,4.81811,-6.64898,18.84834,15.85405,69.34366
1455,52:27.0,16.96575,4.81811,-6.64898,18.84834,15.85405,69.34366
1456,52:27.0,17.18753,4.72364,-6.66198,19.02908,15.36717,69.50691
1457,52:27.0,17.18753,4.72364,-6.66198,19.02908,15.36717,69.50691
1458,52:27.1,17.18753,4.72364,-6.66198,19.02908,15.36717,69.50691
1459,52:27.1,17.4093,4.72364,-6.66597,19.23101,15.1805,69.7189
1460,52:27.1,17.4093,4.72364,-6.66597,19.23101,15.1805,69.7189
1461,52:27.2,17.4093,4.72364,-6.66597,19.23101,15.1805,69.7189
1462,52:27.2,17.74196,4.62917,-6.66697,19.51038,14.62339,70.01866
1463,52:27.2,17.74196,4.62917,-6.66697,19.51038,14.62339,70.01866
1464,52:27.3,17.74196,4.62917,-6.66697,19.51038,14.62339,70.01866
1465,52:27.3,17.96374,4.5347,-6.66797,19.69064,14.16754,70.20616
1466,52:27.3,17.96374,4.5347,-6.66797,19.69064,14.16754,70.20616
1467,52:27.4,17.96374,4.5347,-6.66797,19.69064,14.16754,70.20616
1468,52:27.4,18.2964,4.44022,-6.67197,19.97471,13.64099,70.48698
1469,52:27.4,18.2964,4.44022,-6.67197,19.97471,13.64099,70.48698
1470,52:27.5,18.2964,4.44022,-6.67197,19.97471,13.64099,70.48698
1471,52:27.5,18.51817,4.34575,-6.67197,20.15747,13.2069,70.67097
1472,52:27.5,18.51817,4.34575,-6.67197,20.15747,13.2069,70.67097
1473,52:27.6,18.51817,4.34575,-6.67197,20.15747,13.2069,70.67097
1474,52:27.6,18.73995,4.1568,-6.66797,20.32059,12.50658,70.84417
1475,52:27.6,18.73995,4.1568,-6.66697,20.32027,12.50658,70.84683
1476,52:27.7,18.73995,4.1568,-6.66697,20.32027,12.50658,70.84683
1477,52:27.7,18.96172,3.96786,-6.66397,20.48657,11.81896,71.01716
1478,52:27.7,18.96172,3.96786,-6.66497,20.48689,11.81896,71.01452
1479,52:27.8,18.96172,3.96786,-6.66497,20.48689,11.81896,71.01452
1480,52:27.8,19.1835,3.77891,-6.65297,20.65306,11.14388,71.20821
1481,52:27.8,19.1835,3.77891,-6.65297,20.65306,11.14388,71.20821
1482,52:27.9,19.1835,3.77891,-6.65297,20.65306,11.14388,71.20821
1483,52:27.9,19.29439,3.58997,-6.65097,20.72189,10.54009,71.2788
1484,52:27.9,19.29439,3.58997,-6.65097,20.72189,10.54009,71.2788
1485,52:28.0,19.29439,3.58997,-6.65097,20.72189,10.54009,71.2788
1486,52:28.0,19.40527,3.40102,-6.64997,20.79312,9.94085,71.34821
1487,52:28.0,19.40527,3.40102,-6.64997,20.79312,9.94085,71.34821
1488,52:28.1,19.40527,3.40102,-6.64997,20.79312,9.94085,71.34821
1489,52:28.1,19.51616,3.21208,-6.64897,20.8664,9.34626,71.41902
1490,52:28.1,19.51616,3.21208,-6.64897,20.8664,9.34626,71.41902
1491,52:28.2,19.51616,3.21208,-6.64897,20.8664,9.34626,71.41902
1492,52:28.2,19.62705,3.02313,-6.64297,20.94014,8.75639,71.50414
1493,52:28.2,19.62705,3.02313,-6.64297,20.94014,8.75639,71.50414
1494,52:28.3,19.62705,3.02313,-6.64297,20.94014,8.75639,71.50414
1495,52:28.3,19.62705,2.73971,-6.63697,20.8992,7.94649,71.48393
1496,52:28.3,19.62705,2.73971,-6.63697,20.8992,7.94649,71.48393
1497,52:28.4,19.62705,2.73971,-6.63697,20.8992,7.94649,71.48393
1498,52:28.4,19.73793,2.55077,-6.63097,20.97766,7.36362,71.57297
1499,52:28.4,19.73793,2.55077,-6.63097,20.97766,7.36362,71.57297
1500,52:28.5,19.73793,2.55077,-6.63097,20.97766,7.36362,71.57297
1501,52:28.5,19.73793,2.26735,-6.62797,20.94414,6.55299,71.55106
1502,52:28.5,19.73793,2.26735,-6.62797,20.94414,6.55299,71.55106
1503,52:28.6,19.73793,2.26735,-6.62797,20.94414,6.55299,71.55106
1504,52:28.6,19.84882,2.0784,-6.62897,21.02947,5.97775,71.62574
1505,52:28.6,19.84882,2.0784,-6.62897,21.02947,5.97775,71.62574
1506,52:28.7,19.84882,2.0784,-6.62897,21.02947,5.97775,71.62574
1507,52:28.7,19.84882,1.79498,-6.62897,21.00336,5.16736,71.60207
1508,52:28.7,19.84882,1.79498,-6.62897,21.00336,5.16736,71.60207
1509,52:28.8,19.84882,1.79498,-6.62897,21.00336,5.16736,71.60207
1510,52:28.8,19.84882,1.51157,-6.62397,20.97945,4.35489,71.59475
1511,52:28.8,19.84882,1.51157,-6.62397,20.97945,4.35489,71.59475
1512,52:28.9,19.84882,1.51157,-6.62397,20.97945,4.35489,71.59475
1513,52:28.9,19.84882,1.22815,-6.62197,20.96031,3.54067,71.5831
1514,52:28.9,19.84882,1.22815,-6.62197,20.96031,3.54067,71.5831
1515,52:29.0,19.84882,1.22815,-6.62197,20.96031,3.54067,71.5831
1516,52:29.0,19.95971,0.94473,-6.62297,21.05104,2.70989,71.66244
1517,52:29.0,19.95971,0.94473,-6.62297,21.05104,2.70989,71.66244
1518,52:29.1,19.95971,0.94473,-6.62297,21.05104,2.70989,71.66244
1519,52:29.1,19.95971,0.66131,-6.62297,21.04022,1.89764,71.65268
1520,52:29.1,19.95971,0.66131,-6.62297,21.04022,1.89764,71.65268
1521,52:29.2,19.95971,0.66131,-6.62297,21.04022,1.89764,71.65268
1522,52:29.2,19.95971,0.28342,-6.62497,21.03237,0.81352,71.63984
1523,52:29.2,19.95971,0.28342,-6.62497,21.03237,0.81352,71.63984
1524,52:29.3,19.95971,0.28342,-6.62497,21.03237,0.81352,71.63984
1525,52:29.3,20.0706,-0.09447,-6.62897,21.13719,-0.26969,71.7227
1526,52:29.3,20.0706,-0.09447,-6.62897,21.13719,-0.26969,71.7227
1527,52:29.4,20.0706,-0.09447,-6.62897,21.13719,-0.26969,71.7227
1528,52:29.4,20.0706,-0.47236,-6.63597,21.14446,-1.34822,71.70922
1529,52:29.4,20.0706,-0.47236,-6.63597,21.14446,-1.34822,71.70922
1530,52:29.5,20.0706,-0.47236,-6.63597,21.14446,-1.34822,71.70922
1531,52:29.5,20.0706,-0.85026,-6.63497,21.15596,-2.42578,71.72237
1532,52:29.5,20.0706,-0.85026,-6.63497,21.15596,-2.42578,71.72237
1533,52:29.6,20.0706,-0.85026,-6.63497,21.15596,-2.42578,71.72237
1534,52:29.6,20.18148,-1.32262,-6.63297,21.28469,-3.74959,71.84245
1535,52:29.6,20.18148,-1.32262,-6.63297,21.28469,-3.74959,71.84245
1536,52:29.7,20.18148,-1.32262,-6.63297,21.28469,-3.74959,71.84245
1537,52:29.7,20.18148,-1.79498,-6.62997,21.31832,-5.08263,71.88058
1538,52:29.7,20.18148,-1.79498,-6.62997,21.31832,-5.08263,71.88058
1539,52:29.8,20.18148,-1.79498,-6.62997,21.31832,-5.08263,71.88058
1540,52:29.8,20.18148,-2.26735,-6.62097,21.36049,-6.41018,71.94298
1541,52:29.8,20.18148,-2.26735,-6.62097,21.36049,-6.41018,71.94298
1542,52:29.9,20.18148,-2.26735,-6.62097,21.36049,-6.41018,71.94298
1543,52:29.9,20.29237,-2.83419,-6.61497,21.53069,-7.95093,72.10737
1544,52:29.9,20.29237,-2.83419,-6.61497,21.53069,-7.95093,72.10737
1545,52:30.0,20.29237,-2.83419,-6.61497,21.53069,-7.95093,72.10737
1546,52:30.0,20.29237,-3.30655,-6.60497,21.59489,-9.25475,72.19022
1547,52:30.0,20.29237,-3.30655,-6.60497,21.59489,-9.25475,72.19022
1548,52:30.1,20.29237,-3.30655,-6.60497,21.59489,-9.25475,72.19022
1549,52:30.1,20.29237,-3.87339,-6.59097,21.68465,-10.80657,72.30523
1550,52:30.1,20.29237,-3.87339,-6.59097,21.68465,-10.80657,72.30523
1551,52:30.2,20.29237,-3.87339,-6.59097,21.68465,-10.80657,72.30523
1552,52:30.2,20.29237,-4.44022,-6.57297,21.78761,-12.3425,72.44124
1553,52:30.2,20.29237,-4.44022,-6.57297,21.78761,-12.3425,72.44124
1554,52:30.3,20.29237,-4.44022,-6.57297,21.78761,-12.3425,72.44124
1555,52:30.3,20.29237,-4.91259,-6.57197,21.88846,-13.60893,72.5275
1556,52:30.3,20.29237,-4.91259,-6.57197,21.88846,-13.60893,72.5275
1557,52:30.4,20.29237,-4.91259,-6.57197,21.88846,-13.60893,72.5275
1558,52:30.4,20.29237,-5.47943,-6.57197,22.0226,-15.11085,72.63733
1559,52:30.4,20.29237,-5.47943,-6.57197,22.0226,-15.11085,72.63733
1560,52:30.5,20.29237,-5.47943,-6.57197,22.0226,-15.11085,72.63733
1561,52:30.5,20.29237,-6.04626,-6.56496,22.16836,-16.59182,72.77402
1562,52:30.5,20.29237,-6.04626,-6.56496,22.16836,-16.59182,72.77402
1563,52:30.6,20.29237,-6.04626,-6.56496,22.16836,-16.59182,72.77402
1564,52:30.6,20.29237,-6.6131,-6.55396,22.32639,-18.05032,72.92925
1565,52:30.6,20.29237,-6.6131,-6.55396,22.32639,-18.05032,72.92925
1566,52:30.7,20.29237,-6.6131,-6.55396,22.32639,-18.05032,72.92925
1567,52:30.7,20.29237,-7.17994,-6.54996,22.49964,-19.48503,73.07533
1568,52:30.7,20.29237,-7.17994,-6.54996,22.49964,-19.48503,73.07533
1569,52:30.8,20.29237,-7.17994,-6.54996,22.49964,-19.48503,73.07533
1570,52:30.8,20.29237,-7.74677,-6.54996,22.68688,-20.89476,73.21917
1571,52:30.8,20.29237,-7.74677,-6.54996,22.68688,-20.89476,73.21917
1572,52:30.9,20.29237,-7.74677,-6.54996,22.68688,-20.89476,73.21917
1573,52:30.9,20.18148,-8.31361,-6.54996,22.78838,-22.38885,73.29611
1574,52:30.9,20.18148,-8.31361,-6.54996,22.78838,-22.38885,73.29611
1575,52:31.0,20.18148,-8.31361,-6.54996,22.78838,-22.38885,73.29611
1576,52:31.0,20.18148,-8.78598,-6.53996,22.96207,-23.52582,73.45216
1577,52:31.0,20.18148,-8.78598,-6.53996,22.96207,-23.52582,73.45216
1578,52:31.1,20.18148,-8.78598,-6.53996,22.96207,-23.52582,73.45216
1579,52:31.1,20.18148,-9.35281,-6.53496,23.18346,-24.86468,73.62754
1580,52:31.1,20.18148,-9.35281,-6.53496,23.18346,-24.86468,73.62754
1581,52:31.2,20.18148,-9.35281,-6.53496,23.18346,-24.86468,73.62754
1582,52:31.2,20.07059,-10.01412,-6.53496,23.36273,-26.51667,73.75666
1583,52:31.2,20.07059,-10.01412,-6.53496,23.36273,-26.51667,73.75666
1584,52:31.3,20.07059,-10.01412,-6.53496,23.36273,-26.51667,73.75666
1585,52:31.3,20.07059,-10.67543,-6.53296,23.65318,-28.00826,73.96659
1586,52:31.3,20.07059,-10.67543,-6.53296,23.65318,-28.00826,73.96659
1587,52:31.4,20.07059,-10.67543,-6.53296,23.65318,-28.00826,73.96659
1588,52:31.4,20.07059,-11.43121,-6.52996,24.00295,-29.6637,74.21382
1589,52:31.4,20.07059,-11.43121,-6.52996,24.00295,-29.6637,74.21382
1590,52:31.5,20.07059,-11.43121,-6.52996,24.00295,-29.6637,74.21382
1591,52:31.5,20.07059,-12.09252,-6.52796,24.32431,-31.06895,74.4326
1592,52:31.5,20.07059,-12.09252,-6.52796,24.32431,-31.06895,74.4326
1593,52:31.6,20.07059,-12.09252,-6.52796,24.32431,-31.06895,74.4326
1594,52:31.6,19.9597,-12.75383,-6.52696,24.56931,-32.57773,74.59414
1595,52:31.6,19.9597,-12.75383,-6.52696,24.56931,-32.57773,74.59414
1596,52:31.7,19.9597,-12.75383,-6.52696,24.56931,-32.57773,74.59414
1597,52:31.7,19.9597,-13.41514,-6.52695,24.91901,-33.9055,74.81558
1598,52:31.7,19.9597,-13.41514,-6.52695,24.91901,-33.9055,74.81558
1599,52:31.8,19.9597,-13.41514,-6.52695,24.91901,-33.9055,74.81558
1600,52:31.8,19.9597,-14.17093,-6.51995,25.33209,-35.37388,75.08539
1601,52:31.8,19.9597,-14.17093,-6.51995,25.33209,-35.37388,75.08539
1602,52:31.9,19.9597,-14.17093,-6.51995,25.33209,-35.37388,75.08539
1603,52:31.9,19.9597,-14.83224,-6.52095,25.70812,-36.61638,75.3062
1604,52:31.9,19.9597,-14.83224,-6.52095,25.70812,-36.61638,75.3062
1605,52:32.0,19.9597,-14.83224,-6.52095,25.70812,-36.61638,75.3062
1606,52:32.0,20.07058,-15.49355,-6.52395,26.18091,-37.66645,75.57058
1607,52:32.0,20.07058,-15.49355,-6.52395,26.18091,-37.66645,75.57058
1608,52:32.1,20.07058,-15.49355,-6.52395,26.18091,-37.66645,75.57058
1609,52:32.1,20.07058,-16.15486,-6.52895,26.57884,-38.83067,75.78007
1610,52:32.1,20.07058,-16.15486,-6.52895,26.57884,-38.83067,75.78007
1611,52:32.2,20.07058,-16.15486,-6.52895,26.57884,-38.83067,75.78007
1612,52:32.2,20.07058,-16.81617,-6.54295,26.98929,-39.95801,75.97014
1613,52:32.2,20.07058,-16.81617,-6.54295,26.98929,-39.95801,75.97014
1614,52:32.3,20.07058,-16.81617,-6.54295,26.98929,-39.95801,75.97014
1615,52:32.3,20.18147,-17.47748,-6.55294,27.48991,-40.89309,76.20927
1616,52:32.3,20.18147,-17.47748,-6.55294,27.48991,-40.89309,76.20927
1617,52:32.4,20.18147,-17.47748,-6.55294,27.48991,-40.89309,76.20927
1618,52:32.4,20.18147,-18.13879,-6.56194,27.91713,-41.94871,76.40539
1619,52:32.4,20.18147,-18.13879,-6.56194,27.91713,-41.94871,76.40539
1620,52:32.5,20.18147,-18.13879,-6.56194,27.91713,-41.94871,76.40539
1621,52:32.5,20.29235,-18.8001,-6.56594,28.43123,-42.81394,76.64751
1622,52:32.5,20.29235,-18.8001,-6.56594,28.43123,-42.81394,76.64751
1623,52:32.6,20.29235,-18.8001,-6.56594,28.43123,-42.81394,76.64751
1624,52:32.6,20.40324,-19.46141,-6.57294,28.95241,-43.6466,76.87798
1625,52:32.6,20.40324,-19.46141,-6.57394,28.95264,-43.6466,76.87606
1626,52:32.7,20.40324,-19.46141,-6.57394,28.95264,-43.6466,76.87606
1627,52:32.7,20.51413,-20.12272,-6.57894,29.47941,-44.44815,77.10468
1628,52:32.7,20.51413,-20.12272,-6.57894,29.47941,-44.44815,77.10468
1629,52:32.8,20.51413,-20.12272,-6.57894,29.47941,-44.44815,77.10468
1630,52:32.8,20.7359,-20.68956,-6.57993,30.02217,-44.9359,77.33976
1631,52:32.8,20.7359,-20.68956,-6.57993,30.02217,-44.9359,77.33976
1632,52:32.9,20.7359,-20.68956,-6.57993,30.02217,-44.9359,77.33976
1633,52:32.9,20.84679,-21.25639,-6.57793,30.49085,-45.55739,77.54137
1634,52:32.9,20.84679,-21.25639,-6.57693,30.49063,-45.55739,77.54321
1635,52:33.0,20.84679,-21.25639,-6.57693,30.49063,-45.55739,77.54321
1636,52:33.0,21.17945,-21.63429,-6.56993,30.98024,-45.60867,77.75641
1637,52:33.0,21.17945,-21.63429,-6.56993,30.98024,-45.60867,77.75641
1638,52:33.1,21.17945,-21.63429,-6.56993,30.98024,-45.60867,77.75641
1639,52:33.1,21.40122,-22.10665,-6.57193,31.46278,-45.9289,77.94331
1640,52:33.1,21.40122,-22.10665,-6.57193,31.46278,-45.9289,77.94331
1641,52:33.2,21.40122,-22.10665,-6.57193,31.46278,-45.9289,77.94331
1642,52:33.2,21.84477,-22.57902,-6.57592,32.09749,-45.94691,78.17791
1643,52:33.2,21.84477,-22.57902,-6.57592,32.09749,-45.94691,78.17791
1644,52:33.3,21.84477,-22.57902,-6.57592,32.09749,-45.94691,78.17791
1645,52:33.3,22.17743,-23.05138,-6.58192,32.65771,-46.10698,78.37282
1646,52:33.3,22.17743,-23.05138,-6.58192,32.65771,-46.10698,78.37282
1647,52:33.4,22.17743,-23.05138,-6.58192,32.65771,-46.10698,78.37282
1648,52:33.4,22.62098,-23.52375,-6.59692,33.29556,-46.12078,78.57226
1649,52:33.4,22.62098,-23.52375,-6.59692,33.29556,-46.12078,78.57226
1650,52:33.5,22.62098,-23.52375,-6.59692,33.29556,-46.12078,78.57226
1651,52:33.5,22.95364,-23.90164,-6.60591,33.79047,-46.15908,78.72628
1652,52:33.5,22.95364,-23.90164,-6.60591,33.79047,-46.15908,78.72628
1653,52:33.6,22.95364,-23.90164,-6.60591,33.79047,-46.15908,78.72628
1654,52:33.6,23.50807,-24.18506,-6.61491,34.3701,-45.81324,78.90355
1655,52:33.6,23.50807,-24.18506,-6.61391,34.3699,-45.81324,78.90518
1656,52:33.7,23.50807,-24.18506,-6.61391,34.3699,-45.81324,78.90518
1657,52:33.7,23.95162,-24.46848,-6.61291,34.87287,-45.61158,79.06887
1658,52:33.7,23.95162,-24.46848,-6.61391,34.87306,-45.61158,79.06725
1659,52:33.8,23.95162,-24.46848,-6.61391,34.87306,-45.61158,79.06725
1660,52:33.8,24.39517,-24.65742,-6.60091,35.30842,-45.30632,79.22516
1661,52:33.8,24.39517,-24.65742,-6.60091,35.30842,-45.30632,79.22516
1662,52:33.9,24.39517,-24.65742,-6.60091,35.30842,-45.30632,79.22516
1663,52:33.9,24.83872,-24.84637,-6.5949,35.74628,-45.00882,79.36848
1664,52:33.9,24.83872,-24.84637,-6.5949,35.74628,-45.00882,79.36848
1665,52:34.0,24.83872,-24.84637,-6.5949,35.74628,-45.00882,79.36848
1666,52:34.0,25.28227,-24.94085,-6.5939,36.12089,-44.6105,79.48162
1667,52:34.0,25.28227,-24.94085,-6.5939,36.12089,-44.6105,79.48162
1668,52:34.1,25.28227,-24.94085,-6.5939,36.12089,-44.6105,79.48162
1669,52:34.1,25.72582,-24.94085,-6.5909,36.43218,-44.1124,79.5773
1670,52:34.1,25.72582,-24.94085,-6.5909,36.43218,-44.1124,79.5773
1671,52:34.2,25.72582,-24.94085,-6.5909,36.43218,-44.1124,79.5773
1672,52:34.2,26.28025,-24.94085,-6.5849,36.8247,-43.50209,79.69912
1673,52:34.2,26.28025,-24.94085,-6.5849,36.8247,-43.50209,79.69912
1674,52:34.3,26.28025,-24.94085,-6.5849,36.8247,-43.50209,79.69912
1675,52:34.3,26.7238,-24.94085,-6.5839,37.14236,-43.0235,79.78973
1676,52:34.3,26.7238,-24.94085,-6.5839,37.14236,-43.0235,79.78973
1677,52:34.4,26.7238,-24.94085,-6.5839,37.14236,-43.0235,79.78973
1678,52:34.4,27.27824,-24.84638,-6.58389,37.48056,-42.32882,79.88284
1679,52:34.4,27.27824,-24.84638,-6.58389,37.48056,-42.32882,79.88284
1680,52:34.5,27.27824,-24.84638,-6.58389,37.48056,-42.32882,79.88284
1681,52:34.5,27.6109,-24.75191,-6.58489,37.66138,-41.87477,79.93038
1682,52:34.5,27.6109,-24.75191,-6.58489,37.66138,-41.87477,79.93038
1683,52:34.6,27.6109,-24.75191,-6.58489,37.66138,-41.87477,79.93038
1684,52:34.6,28.16534,-24.56296,-6.58089,37.94645,-41.09165,80.01294
1685,52:34.6,28.16534,-24.56296,-6.58089,37.94645,-41.09165,80.01294
1686,52:34.7,28.16534,-24.56296,-6.58089,37.94645,-41.09165,80.01294
1687,52:34.7,28.498,-24.37402,-6.57989,38.07261,-40.53999,80.0479
1688,52:34.7,28.498,-24.37402,-6.57989,38.07261,-40.53999,80.0479
1689,52:34.8,28.498,-24.37402,-6.57989,38.07261,-40.53999,80.0479
1690,52:34.8,28.83066,-24.0906,-6.57989,38.14261,-39.88177,80.06635
1691,52:34.8,28.83066,-24.0906,-6.57989,38.14261,-39.88177,80.06635
1692,52:34.9,28.83066,-24.0906,-6.57989,38.14261,-39.88177,80.06635
1693,52:34.9,29.16333,-23.80718,-6.57889,38.21731,-39.22613,80.08749
1694,52:34.9,29.16333,-23.80718,-6.57889,38.21731,-39.22613,80.08749
1695,52:35.0,29.16333,-23.80718,-6.57889,38.21731,-39.22613,80.08749
1696,52:35.0,29.3851,-23.52376,-6.57289,38.21066,-38.67845,80.09488
1697,52:35.0,29.3851,-23.52376,-6.57289,38.21066,-38.67845,80.09488
1698,52:35.1,29.3851,-23.52376,-6.57289,38.21066,-38.67845,80.09488
1699,52:35.1,29.49599,-23.14587,-6.56989,38.06452,-38.12172,80.06105
1700,52:35.1,29.49599,-23.14587,-6.56989,38.06452,-38.12172,80.06105
1701,52:35.2,29.49599,-23.14587,-6.56989,38.06452,-38.12172,80.06105
1702,52:35.2,29.71776,-22.76798,-6.56889,38.0089,-37.45718,80.04789
1703,52:35.2,29.71776,-22.76798,-6.56889,38.0089,-37.45718,80.04789
1704,52:35.3,29.71776,-22.76798,-6.56889,38.0089,-37.45718,80.04789
1705,52:35.3,29.82865,-22.48456,-6.56289,37.92592,-37.00865,80.03509
1706,52:35.3,29.82865,-22.48456,-6.56289,37.92592,-37.00865,80.03509
1707,52:35.4,29.82865,-22.48456,-6.56289,37.92592,-37.00865,80.03509
1708,52:35.4,29.93954,-22.0122,-6.54189,37.73207,-36.32413,80.01575
1709,52:35.4,29.93954,-22.0122,-6.54189,37.73207,-36.32413,80.01575
1710,52:35.5,29.93954,-22.0122,-6.54189,37.73207,-36.32413,80.01575
1711,52:35.5,30.05043,-21.72878,-6.53589,37.65482,-35.86983,80.00433
1712,52:35.5,30.05043,-21.72878,-6.53589,37.65482,-35.86983,80.00433
1713,52:35.6,30.05043,-21.72878,-6.53589,37.65482,-35.86983,80.00433
1714,52:35.6,30.05043,-21.35088,-6.53389,37.43769,-35.39386,79.94886
1715,52:35.6,30.05043,-21.35088,-6.53389,37.43769,-35.39386,79.94886
1716,52:35.7,30.05043,-21.35088,-6.53389,37.43769,-35.39386,79.94886
1717,52:35.7,29.93954,-20.97299,-6.5349,37.13418,-35.01168,79.86427
1718,52:35.7,29.93954,-20.97299,-6.5349,37.13418,-35.01168,79.86427
1719,52:35.8,29.93954,-20.97299,-6.5349,37.13418,-35.01168,79.86427
1720,52:35.8,29.93954,-20.5951,-6.5379,36.9226,-34.52368,79.80084
1721,52:35.8,29.93954,-20.5951,-6.5379,36.9226,-34.52368,79.80084
1722,52:35.9,29.93954,-20.5951,-6.5379,36.9226,-34.52368,79.80084
1723,52:35.9,29.82866,-20.31168,-6.5409,36.67556,-34.25272,79.72663
1724,52:35.9,29.82866,-20.31168,-6.5409,36.67556,-34.25272,79.72663
1725,52:36.0,29.82866,-20.31168,-6.5409,36.67556,-34.25272,79.72663
1726,52:36.0,29.71777,-19.93379,-6.5449,36.37771,-33.85253,79.63518
1727,52:36.0,29.71777,-19.93379,-6.5449,36.37771,-33.85253,79.63518
1728,52:36.1,29.71777,-19.93379,-6.5449,36.37771,-33.85253,79.63518
1729,52:36.1,29.496,-19.65037,-6.5449,36.04146,-33.67174,79.5374
1730,52:36.1,29.496,-19.65037,-6.5449,36.04146,-33.67174,79.5374
1731,52:36.2,29.496,-19.65037,-6.5449,36.04146,-33.67174,79.5374
1732,52:36.2,29.38511,-19.27248,-6.5439,35.74543,-33.25921,79.45139
1733,52:36.2,29.38511,-19.27248,-6.5439,35.74543,-33.25921,79.45139
1734,52:36.3,29.38511,-19.27248,-6.5439,35.74543,-33.25921,79.45139
1735,52:36.3,29.27422,-18.98906,-6.5429,35.50175,-32.96992,79.37979
1736,52:36.3,29.27422,-18.98906,-6.5429,35.50175,-32.96992,79.37979
1737,52:36.4,29.27422,-18.98906,-6.5429,35.50175,-32.96992,79.37979
1738,52:36.4,29.16334,-18.61117,-6.54491,35.20954,-32.5448,79.2873
1739,52:36.4,29.16334,-18.61117,-6.54491,35.20954,-32.5448,79.2873
1740,52:36.5,29.16334,-18.61117,-6.54491,35.20954,-32.5448,79.2873
1741,52:36.5,28.94156,-18.23328,-6.55691,34.829,-32.21106,79.14874
1742,52:36.5,28.94156,-18.23328,-6.55691,34.829,-32.21106,79.14874
1743,52:36.6,28.94156,-18.23328,-6.55691,34.829,-32.21106,79.14874
1744,52:36.6,28.83068,-17.76091,-6.60091,34.49971,-31.63482,78.96945
1745,52:36.6,28.83068,-17.76091,-6.60091,34.49971,-31.63482,78.96945
1746,52:36.7,28.83068,-17.76091,-6.60091,34.49971,-31.63482,78.96945
1747,52:36.7,28.71979,-17.38302,-6.61591,34.21646,-31.18496,78.85138
1748,52:36.7,28.71979,-17.38302,-6.61591,34.21646,-31.18496,78.85138
1749,52:36.8,28.71979,-17.38302,-6.61591,34.21646,-31.18496,78.85138
1750,52:36.8,28.49802,-16.91065,-6.62691,33.79383,-30.68479,78.69111
1751,52:36.8,28.49802,-16.91065,-6.62691,33.79383,-30.68479,78.69111
1752,52:36.9,28.49802,-16.91065,-6.62691,33.79383,-30.68479,78.69111
1753,52:36.9,28.38713,-16.43829,-6.63692,33.46782,-30.07408,78.562
1754,52:36.9,28.38713,-16.43829,-6.63792,33.46802,-30.07408,78.56033
1755,52:37.0,28.38713,-16.43829,-6.63792,33.46802,-30.07408,78.56033
1756,52:37.0,28.27624,-15.87145,-6.65592,33.10212,-29.30549,78.40033
1757,52:37.0,28.27624,-15.87145,-6.65492,33.10192,-29.30549,78.40203
1758,52:37.1,28.27624,-15.87145,-6.65492,33.10192,-29.30549,78.40203
1759,52:37.1,28.16536,-15.39909,-6.66192,32.78415,-28.66713,78.27553
1760,52:37.1,28.16536,-15.39909,-6.66192,32.78415,-28.66713,78.27553
1761,52:37.2,28.16536,-15.39909,-6.66192,32.78415,-28.66713,78.27553
1762,52:37.2,27.94358,-14.83225,-6.66692,32.3309,-27.95904,78.09972
1763,52:37.2,27.94358,-14.83225,-6.66692,32.3309,-27.95904,78.09972
1764,52:37.3,27.94358,-14.83225,-6.66692,32.3309,-27.95904,78.09972
1765,52:37.3,27.8327,-14.35988,-6.67092,32.02134,-27.29083,77.97565
1766,52:37.3,27.8327,-14.35988,-6.67092,32.02134,-27.29083,77.97565
1767,52:37.4,27.8327,-14.35988,-6.67092,32.02134,-27.29083,77.97565
1768,52:37.4,27.61092,-13.79305,-6.66693,31.57624,-26.54444,77.81099
1769,52:37.4,27.61092,-13.79305,-6.66693,31.57624,-26.54444,77.81099
1770,52:37.5,27.61092,-13.79305,-6.66693,31.57624,-26.54444,77.81099
1771,52:37.5,27.38915,-13.22621,-6.66693,31.13753,-25.77588,77.63655
1772,52:37.5,27.38915,-13.22621,-6.66693,31.13753,-25.77588,77.63655
1773,52:37.6,27.38915,-13.22621,-6.66693,31.13753,-25.77588,77.63655
1774,52:37.6,27.16737,-12.75384,-6.66393,30.74304,-25.14792,77.48107
1775,52:37.6,27.16737,-12.75384,-6.66393,30.74304,-25.14792,77.48107
1776,52:37.7,27.16737,-12.75384,-6.66393,30.74304,-25.14792,77.48107
1777,52:37.7,26.9456,-12.18701,-6.66093,30.3143,-24.33638,77.30688
1778,52:37.7,26.9456,-12.18701,-6.66093,30.3143,-24.33638,77.30688
1779,52:37.8,26.9456,-12.18701,-6.66093,30.3143,-24.33638,77.30688
1780,52:37.8,26.72383,-11.71464,-6.64593,29.92598,-23.6707,77.16882
1781,52:37.8,26.72383,-11.71464,-6.64593,29.92598,-23.6707,77.16882
1782,52:37.9,26.72383,-11.71464,-6.64593,29.92598,-23.6707,77.16882
1783,52:37.9,26.39117,-11.1478,-6.64194,29.40888,-22.89952,76.94726
1784,52:37.9,26.39117,-11.1478,-6.64194,29.40888,-22.89952,76.94726
1785,52:38.0,26.39117,-11.1478,-6.64194,29.40888,-22.89952,76.94726
1786,52:38.0,26.0585,-10.67544,-6.63694,28.93198,-22.27754,76.73837
1787,52:38.0,26.0585,-10.67544,-6.63694,28.93198,-22.27754,76.73837
1788,52:38.1,26.0585,-10.67544,-6.63694,28.93198,-22.27754,76.73837
1789,52:38.1,25.72584,-10.20307,-6.63394,28.45928,-21.63367,76.52018
1790,52:38.1,25.72584,-10.20307,-6.63394,28.45928,-21.63367,76.52018
1791,52:38.2,25.72584,-10.20307,-6.63394,28.45928,-21.63367,76.52018
1792,52:38.2,25.39318,-9.82518,-6.62694,28.02257,-21.15255,76.32077
1793,52:38.2,25.39318,-9.82518,-6.62694,28.02257,-21.15255,76.32077
1794,52:38.3,25.39318,-9.82518,-6.62694,28.02257,-21.15255,76.32077
1795,52:38.3,25.06052,-9.35282,-6.62494,27.55712,-20.46604,76.08939
1796,52:38.3,25.06052,-9.35282,-6.62494,27.55712,-20.46604,76.08939
1797,52:38.4,25.06052,-9.35282,-6.62494,27.55712,-20.46604,76.08939
1798,52:38.4,24.72786,-8.97492,-6.62295,27.1271,-19.94826,75.86869
1799,52:38.4,24.72786,-8.97492,-6.62295,27.1271,-19.94826,75.86869
1800,52:38.5,24.72786,-8.97492,-6.62295,27.1271,-19.94826,75.86869
1801,52:38.5,24.3952,-8.50256,-6.62595,26.67063,-19.21519,75.61501
1802,52:38.5,24.3952,-8.50256,-6.62595,26.67063,-19.21519,75.61501
1803,52:38.6,24.3952,-8.50256,-6.62595,26.67063,-19.21519,75.61501
1804,52:38.6,23.95165,-8.12467,-6.63995,26.1492,-18.73751,75.29007
1805,52:38.6,23.95165,-8.12467,-6.63995,26.1492,-18.73751,75.29007
1806,52:38.7,23.95165,-8.12467,-6.63995,26.1492,-18.73751,75.29007
1807,52:38.7,23.61899,-7.74678,-6.64695,25.73035,-18.15894,75.02894
1808,52:38.7,23.61899,-7.74678,-6.64795,25.73061,-18.15894,75.02679
1809,52:38.8,23.61899,-7.74678,-6.64795,25.73061,-18.15894,75.02679
1810,52:38.8,23.17544,-7.36888,-6.65295,25.21236,-17.63863,74.69979
1811,52:38.8,23.17544,-7.36888,-6.65295,25.21236,-17.63863,74.69979
1812,52:38.9,23.17544,-7.36888,-6.65295,25.21236,-17.63863,74.69979
1813,52:38.9,22.73189,-6.99099,-6.65496,24.69618,-17.09482,74.36708
1814,52:38.9,22.73189,-6.99099,-6.65396,24.69591,-17.09482,74.36932
1815,52:39.0,22.73189,-6.99099,-6.65396,24.69591,-17.09482,74.36932
1816,52:39.0,22.28834,-6.6131,-6.64996,24.18109,-16.52598,74.0376
1817,52:39.0,22.28834,-6.6131,-6.64996,24.18109,-16.52598,74.0376
1818,52:39.1,22.28834,-6.6131,-6.64996,24.18109,-16.52598,74.0376
1819,52:39.1,21.84479,-6.23521,-6.64696,23.6697,-15.93046,73.69076
1820,52:39.1,21.84479,-6.23521,-6.64696,23.6697,-15.93046,73.69076
1821,52:39.2,21.84479,-6.23521,-6.64696,23.6697,-15.93046,73.69076
1822,52:39.2,21.40124,-5.85732,-6.64496,23.16197,-15.30648,73.32808
1823,52:39.2,21.40124,-5.85732,-6.64496,23.16197,-15.30648,73.32808
1824,52:39.3,21.40124,-5.85732,-6.64496,23.16197,-15.30648,73.32808
1825,52:39.3,20.95769,-5.47943,-6.64596,22.65873,-14.6521,72.94395
1826,52:39.3,20.95769,-5.47943,-6.64596,22.65873,-14.6521,72.94395
1827,52:39.4,20.95769,-5.47943,-6.64596,22.65873,-14.6521,72.94395
1828,52:39.4,20.51414,-5.10153,-6.64496,22.15878,-13.96524,72.54963
1829,52:39.4,20.51414,-5.10153,-6.64496,22.15878,-13.96524,72.54963
1830,52:39.5,20.51414,-5.10153,-6.64496,22.15878,-13.96524,72.54963
1831,52:39.5,20.0706,-4.62917,-6.63897,21.64102,-12.98782,72.1349
1832,52:39.5,20.0706,-4.62917,-6.63897,21.64102,-12.98782,72.1349
1833,52:39.6,20.0706,-4.62917,-6.63897,21.64102,-12.98782,72.1349
1834,52:39.6,19.62705,-4.25128,-6.62597,21.14705,-12.22164,71.74008
1835,52:39.6,19.62705,-4.25128,-6.62597,21.14705,-12.22164,71.74008
1836,52:39.7,19.62705,-4.25128,-6.62597,21.14705,-12.22164,71.74008
1837,52:39.7,19.1835,-3.77891,-6.61097,20.63957,-11.14388,71.31859
1838,52:39.7,19.1835,-3.77891,-6.61097,20.63957,-11.14388,71.31859
1839,52:39.8,19.1835,-3.77891,-6.61097,20.63957,-11.14388,71.31859
1840,52:39.8,18.62906,-3.30655,-6.58497,20.0334,-10.06484,70.81013
1841,52:39.8,18.62906,-3.30655,-6.58497,20.0334,-10.06484,70.81013
1842,52:39.9,18.62906,-3.30655,-6.58497,20.0334,-10.06484,70.81013
1843,52:39.9,18.18551,-2.92866,-6.57997,19.5598,-9.14856,70.34213
1844,52:39.9,18.18551,-2.92866,-6.57997,19.5598,-9.14856,70.34213
1845,52:40.0,18.18551,-2.92866,-6.57997,19.5598,-9.14856,70.34213
1846,52:40.0,17.63108,-2.36182,-6.57898,18.96618,-7.6298,69.70344
1847,52:40.0,17.63108,-2.36182,-6.57898,18.96618,-7.6298,69.70344
1848,52:40.1,17.63108,-2.36182,-6.57898,18.96618,-7.6298,69.70344
1849,52:40.1,17.18753,-1.88946,-6.57898,18.50038,-6.27344,69.16898
1850,52:40.1,17.18753,-1.88946,-6.57898,18.50038,-6.27344,69.16898
1851,52:40.2,17.18753,-1.88946,-6.57898,18.50038,-6.27344,69.16898
1852,52:40.2,16.63309,-1.41709,-6.57998,17.94335,-4.86968,68.48724
1853,52:40.2,16.63309,-1.41709,-6.57998,17.94335,-4.86968,68.48724
1854,52:40.3,16.63309,-1.41709,-6.57998,17.94335,-4.86968,68.48724
1855,52:40.3,16.30043,-0.85026,-6.58198,17.5997,-2.98593,68.03856
1856,52:40.3,16.30043,-0.85026,-6.58198,17.5997,-2.98593,68.03856
1857,52:40.4,16.30043,-0.85026,-6.58198,17.5997,-2.98593,68.03856
1858,52:40.4,15.85688,-0.28342,-6.58598,17.17254,-1.02397,67.44823
1859,52:40.4,15.85688,-0.28342,-6.58598,17.17254,-1.02397,67.44823
1860,52:40.5,15.85688,-0.28342,-6.58598,17.17254,-1.02397,67.44823
1861,52:40.5,15.41333,0.28342,-6.59698,16.76816,1.05343,66.83234
1862,52:40.5,15.41333,0.28342,-6.59698,16.76816,1.05343,66.83234
1863,52:40.6,15.41333,0.28342,-6.59698,16.76816,1.05343,66.83234
1864,52:40.6,15.19156,0.85026,-6.62298,16.59428,3.20344,66.47731
1865,52:40.6,15.19156,0.85026,-6.62298,16.59428,3.20344,66.47731
1866,52:40.7,15.19156,0.85026,-6.62298,16.59428,3.20344,66.47731
1867,52:40.7,14.85889,1.41709,-6.63898,16.33619,5.44782,66.02128
1868,52:40.7,14.85889,1.41709,-6.63898,16.33619,5.44782,66.02128
1869,52:40.8,14.85889,1.41709,-6.63898,16.33619,5.44782,66.02128
1870,52:40.8,14.63712,2.0784,-6.64598,16.20908,8.0817,65.79415
1871,52:40.8,14.63712,2.0784,-6.64598,16.20908,8.0817,65.79415
1872,52:40.9,14.63712,2.0784,-6.64598,16.20908,8.0817,65.79415
1873,52:40.9,14.41535,2.64524,-6.64198,16.09085,10.39818,65.6204
1874,52:40.9,14.41535,2.64524,-6.64198,16.09085,10.39818,65.6204
1875,52:41.0,14.41535,2.64524,-6.64198,16.09085,10.39818,65.6204
1876,52:41.0,14.41535,3.21208,-6.64498,16.19492,12.56162,65.77551
1877,52:41.0,14.41535,3.21208,-6.64498,16.19492,12.56162,65.77551
1878,52:41.1,14.41535,3.21208,-6.64498,16.19492,12.56162,65.77551
1879,52:41.1,14.41535,3.77891,-6.63598,16.31314,14.68928,65.99681
1880,52:41.1,14.41535,3.77891,-6.63598,16.31314,14.68928,65.99681
1881,52:41.2,14.41535,3.77891,-6.63598,16.31314,14.68928,65.99681
1882,52:41.2,14.30446,4.44022,-6.62598,16.37793,17.24477,66.13596
1883,52:41.2,14.30446,4.44022,-6.62598,16.37793,17.24477,66.13596
1884,52:41.3,14.30446,4.44022,-6.62598,16.37793,17.24477,66.13596
1885,52:41.3,14.30446,5.00706,-6.61698,16.53701,19.29182,66.41358
1886,52:41.3,14.30446,5.00706,-6.61698,16.53701,19.29182,66.41358
1887,52:41.4,14.30446,5.00706,-6.61698,16.53701,19.29182,66.41358
1888,52:41.4,14.41534,5.66837,-6.60398,16.8388,21.46563,66.90926
1889,52:41.4,14.41534,5.66837,-6.60398,16.8388,21.46563,66.90926
1890,52:41.5,14.41534,5.66837,-6.60398,16.8388,21.46563,66.90926
1891,52:41.5,14.52623,6.2352,-6.59098,17.12688,23.23083,67.36666
1892,52:41.5,14.52623,6.2352,-6.59098,17.12688,23.23083,67.36666
1893,52:41.6,14.52623,6.2352,-6.59098,17.12688,23.23083,67.36666
1894,52:41.6,14.63712,6.80204,-6.57898,17.42974,24.92485,67.82375
1895,52:41.6,14.63712,6.80204,-6.57898,17.42974,24.92485,67.82375
1896,52:41.7,14.63712,6.80204,-6.57898,17.42974,24.92485,67.82375
1897,52:41.7,14.85889,7.27441,-6.57198,17.80153,26.08479,68.33492
1898,52:41.7,14.85889,7.27441,-6.57198,17.80153,26.08479,68.33492
1899,52:41.8,14.85889,7.27441,-6.57198,17.80153,26.08479,68.33492
1900,52:41.8,15.19155,7.84124,-6.56398,18.31268,27.30089,68.99564
1901,52:41.8,15.19155,7.84124,-6.56398,18.31268,27.30089,68.99564
1902,52:41.9,15.19155,7.84124,-6.56398,18.31268,27.30089,68.99564
1903,52:41.9,15.41333,8.21913,-6.55698,18.65794,28.0687,69.42514
1904,52:41.9,15.41333,8.21913,-6.55698,18.65794,28.0687,69.42514
1905,52:42.0,15.41333,8.21913,-6.55698,18.65794,28.0687,69.42514
1906,52:42.0,15.74599,8.59703,-6.55197,19.09904,28.63374,69.93704
1907,52:42.0,15.74599,8.59703,-6.55197,19.09904,28.63374,69.93704
1908,52:42.1,15.74599,8.59703,-6.55197,19.09904,28.63374,69.93704
1909,52:42.1,16.07865,8.88044,-6.54597,19.49962,28.91243,70.38504
1910,52:42.1,16.07865,8.88044,-6.54597,19.49962,28.91243,70.38504
1911,52:42.2,16.07865,8.88044,-6.54597,19.49962,28.91243,70.38504
1912,52:42.2,16.5222,9.16386,-6.53497,19.99163,29.01448,70.92016
1913,52:42.2,16.5222,9.16386,-6.53497,19.99163,29.01448,70.92016
1914,52:42.3,16.5222,9.16386,-6.53497,19.99163,29.01448,70.92016
1915,52:42.3,16.96575,9.44728,-6.52497,20.48568,29.111,71.42693
1916,52:42.3,16.96575,9.44728,-6.52497,20.48568,29.111,71.42693
1917,52:42.4,16.96575,9.44728,-6.52497,20.48568,29.111,71.42693
1918,52:42.4,17.4093,9.7307,-6.51397,20.98099,29.20244,71.91244
1919,52:42.4,17.4093,9.7307,-6.51397,20.98099,29.20244,71.91244
1920,52:42.5,17.4093,9.7307,-6.51397,20.98099,29.20244,71.91244
1921,52:42.5,17.85285,9.91965,-6.49897,21.43269,29.05804,72.34848
1922,52:42.5,17.85285,9.91965,-6.49897,21.43269,29.05804,72.34848
1923,52:42.6,17.85285,9.91965,-6.49897,21.43269,29.05804,72.34848
1924,52:42.6,18.29639,10.01412,-6.46697,21.83718,28.6931,72.7738
1925,52:42.6,18.29639,10.01412,-6.46697,21.83718,28.6931,72.7738
1926,52:42.7,18.29639,10.01412,-6.46697,21.83718,28.6931,72.7738
1927,52:42.7,18.73994,10.10859,-6.45096,22.24824,28.34306,73.1448
1928,52:42.7,18.73994,10.10859,-6.45096,22.24824,28.34306,73.1448
1929,52:42.8,18.73994,10.10859,-6.45096,22.24824,28.34306,73.1448
1930,52:42.8,19.18349,10.20307,-6.44196,22.66292,28.00704,73.4859
1931,52:42.8,19.18349,10.20307,-6.44196,22.66292,28.00704,73.4859
1932,52:42.9,19.18349,10.20307,-6.44196,22.66292,28.00704,73.4859
1933,52:42.9,19.62704,10.20307,-6.43296,23.03706,27.46755,73.78491
1934,52:42.9,19.62704,10.20307,-6.43296,23.03706,27.46755,73.78491
1935,52:43.0,19.62704,10.20307,-6.43296,23.03706,27.46755,73.78491
1936,52:43.0,20.07059,10.10859,-6.42496,23.3729,26.73221,74.04458
1937,52:43.0,20.07059,10.10859,-6.42496,23.3729,26.73221,74.04458
1938,52:43.1,20.07059,10.10859,-6.42496,23.3729,26.73221,74.04458
1939,52:43.1,20.40325,10.01412,-6.41896,23.61733,26.14227,74.22918
1940,52:43.1,20.40325,10.01412,-6.41996,23.6176,26.14227,74.22684
1941,52:43.2,20.40325,10.01412,-6.41996,23.6176,26.14227,74.22684
1942,52:43.2,20.8468,9.82518,-6.41296,23.92173,25.23468,74.4499
1943,52:43.2,20.8468,9.82518,-6.41296,23.92173,25.23468,74.4499
1944,52:43.3,20.8468,9.82518,-6.41296,23.92173,25.23468,74.4499
1945,52:43.3,21.17946,9.7307,-6.40596,24.17214,24.67597,74.63221
1946,52:43.3,21.17946,9.7307,-6.40496,24.17188,24.67597,74.6345
1947,52:43.4,21.17946,9.7307,-6.40496,24.17188,24.67597,74.6345
1948,52:43.4,21.51213,9.44729,-6.40196,24.35175,23.70921,74.75808
1949,52:43.4,21.51213,9.44729,-6.40196,24.35175,23.70921,74.75808
1950,52:43.5,21.51213,9.44729,-6.40196,24.35175,23.70921,74.75808
1951,52:43.5,21.7339,9.16387,-6.39596,24.43864,22.8622,74.82816
1952,52:43.5,21.7339,9.16387,-6.39596,24.43864,22.8622,74.82816
1953,52:43.6,21.7339,9.16387,-6.39596,24.43864,22.8622,74.82816
1954,52:43.6,21.95568,8.88045,-6.39696,24.53233,22.02194,74.88506
1955,52:43.6,21.95568,8.88045,-6.39696,24.53233,22.02194,74.88506
1956,52:43.7,21.95568,8.88045,-6.39696,24.53233,22.02194,74.88506
1957,52:43.7,22.17745,8.59703,-6.39996,24.63144,21.18869,74.9401
1958,52:43.7,22.17745,8.59703,-6.39996,24.63144,21.18869,74.9401
1959,52:43.8,22.17745,8.59703,-6.39996,24.63144,21.18869,74.9401
1960,52:43.8,22.39923,8.31361,-6.41896,24.73953,20.36272,74.96189
1961,52:43.8,22.39923,8.31361,-6.41896,24.73953,20.36272,74.96189
1962,52:43.9,22.39923,8.31361,-6.41896,24.73953,20.36272,74.96189
1963,52:43.9,22.51011,7.93572,-6.42596,24.71788,19.41961,74.9316
1964,52:43.9,22.51011,7.93572,-6.42596,24.71788,19.41961,74.9316
1965,52:44.0,22.51011,7.93572,-6.42596,24.71788,19.41961,74.9316
1966,52:44.0,22.51011,7.6523,-6.44096,24.63227,18.77544,74.84184
1967,52:44.0,22.51011,7.6523,-6.44096,24.63227,18.77544,74.84184
1968,52:44.1,22.51011,7.6523,-6.44096,24.63227,18.77544,74.84184
1969,52:44.1,22.621,7.36888,-6.45496,24.6511,18.04323,74.81998
1970,52:44.1,22.621,7.36888,-6.45496,24.6511,18.04323,74.81998
1971,52:44.2,22.621,7.36888,-6.45496,24.6511,18.04323,74.81998
1972,52:44.2,22.621,6.99099,-6.47896,24.54711,17.1737,74.69604
1973,52:44.2,22.621,6.99099,-6.47896,24.54711,17.1737,74.69604
1974,52:44.3,22.621,6.99099,-6.47896,24.54711,17.1737,74.69604
1975,52:44.3,22.621,6.70757,-6.48396,24.46922,16.51613,74.63399
1976,52:44.3,22.621,6.70757,-6.48396,24.46922,16.51613,74.63399
1977,52:44.4,22.621,6.70757,-6.48396,24.46922,16.51613,74.63399
1978,52:44.4,22.73189,6.32968,-6.48096,24.47052,15.55983,74.64211
1979,52:44.4,22.73189,6.32968,-6.48096,24.47052,15.55983,74.64211
1980,52:44.5,22.73189,6.32968,-6.48096,24.47052,15.55983,74.64211
1981,52:44.5,22.73189,5.95179,-6.47296,24.37338,14.67215,74.59889
1982,52:44.5,22.73189,5.95179,-6.47296,24.37338,14.67215,74.59889
1983,52:44.6,22.73189,5.95179,-6.47296,24.37338,14.67215,74.59889
1984,52:44.6,22.84278,5.5739,-6.45896,24.38399,13.71286,74.63987
1985,52:44.6,22.84278,5.5739,-6.45896,24.38399,13.71286,74.63987
1986,52:44.7,22.84278,5.5739,-6.45896,24.38399,13.71286,74.63987
1987,52:44.7,22.84278,5.19601,-6.44796,24.29747,12.81492,74.61073
1988,52:44.7,22.84278,5.19601,-6.44796,24.29747,12.81492,74.61073
1989,52:44.8,22.84278,5.19601,-6.44796,24.29747,12.81492,74.61073
1990,52:44.8,22.95366,4.81812,-6.43496,24.32064,11.85463,74.65751
1991,52:44.8,22.95366,4.81812,-6.43496,24.32064,11.85463,74.65751
1992,52:44.9,22.95366,4.81812,-6.43496,24.32064,11.85463,74.65751
1993,52:44.9,23.06455,4.34575,-6.42696,24.33444,10.6704,74.68595
1994,52:44.9,23.06455,4.34575,-6.42696,24.33444,10.6704,74.68595
1995,52:45.0,23.06455,4.34575,-6.42696,24.33444,10.6704,74.68595
1996,52:45.0,23.06455,3.96786,-6.40996,24.2653,9.76121,74.68287
1997,52:45.0,23.06455,3.96786,-6.40996,24.2653,9.76121,74.68287
1998,52:45.1,23.06455,3.96786,-6.40996,24.2653,9.76121,74.68287
1999,52:45.1,23.17544,3.4955,-6.40596,24.29724,8.57714,74.71327
2000,52:45.1,23.17544,3.4955,-6.40596,24.29724,8.57714,74.71327
2001,52:45.2,23.17544,3.4955,-6.40596,24.29724,8.57714,74.71327
2002,52:45.2,23.17544,2.92866,-6.40496,24.22192,7.20224,74.66703
2003,52:45.2,23.17544,2.92866,-6.40496,24.22192,7.20224,74.66703
2004,52:45.3,23.17544,2.92866,-6.40496,24.22192,7.20224,74.66703
2005,52:45.3,23.28633,2.36182,-6.40896,24.26738,5.79144,74.68666
2006,52:45.3,23.28633,2.36182,-6.40796,24.26712,5.79144,74.68894
2007,52:45.4,23.28633,2.36182,-6.40796,24.26712,5.79144,74.68894
2008,52:45.4,23.39721,1.79498,-6.42396,24.32938,4.38702,74.69002
2009,52:45.4,23.39721,1.79498,-6.42496,24.32965,4.38702,74.68775
2010,52:45.5,23.39721,1.79498,-6.42496,24.32965,4.38702,74.68775
2011,52:45.5,23.5081,1.22815,-6.43596,24.40411,2.99062,74.70884
2012,52:45.5,23.5081,1.22815,-6.43596,24.40411,2.99062,74.70884
2013,52:45.6,23.5081,1.22815,-6.43596,24.40411,2.99062,74.70884
2014,52:45.6,23.5081,0.56684,-6.44596,24.38242,1.38127,74.67054
2015,52:45.6,23.5081,0.56684,-6.44596,24.38242,1.38127,74.67054
2016,52:45.7,23.5081,0.56684,-6.44596,24.38242,1.38127,74.67054
2017,52:45.7,23.61899,0.0,-6.45296,24.48463,0.0,74.71911
2018,52:45.7,23.61899,0.0,-6.45296,24.48463,0.0,74.71911
2019,52:45.8,23.61899,0.0,-6.45296,24.48463,0.0,74.71911
2020,52:45.8,23.72988,-0.66131,-6.46996,24.60497,-1.59632,74.75463
2021,52:45.8,23.72988,-0.66131,-6.46996,24.60497,-1.59632,74.75463
2022,52:45.9,23.72988,-0.66131,-6.46996,24.60497,-1.59632,74.75463
2023,52:45.9,23.72988,-1.32262,-6.47696,24.63346,-3.19017,74.75582
2024,52:45.9,23.72988,-1.32262,-6.47696,24.63346,-3.19017,74.75582
2025,52:46.0,23.72988,-1.32262,-6.47696,24.63346,-3.19017,74.75582
2026,52:46.0,23.84076,-1.98393,-6.48495,24.78654,-4.75696,74.83307
2027,52:46.0,23.84076,-1.98393,-6.48495,24.78654,-4.75696,74.83307
2028,52:46.1,23.84076,-1.98393,-6.48495,24.78654,-4.75696,74.83307
2029,52:46.1,23.95165,-2.64524,-6.49095,24.95619,-6.30225,74.92436
2030,52:46.1,23.95165,-2.64524,-6.49095,24.95619,-6.30225,74.92436
2031,52:46.2,23.95165,-2.64524,-6.49095,24.95619,-6.30225,74.92436
2032,52:46.2,23.95165,-3.30655,-6.49795,25.03674,-7.86006,74.95742
2033,52:46.2,23.95165,-3.30655,-6.49795,25.03674,-7.86006,74.95742
2034,52:46.3,23.95165,-3.30655,-6.49795,25.03674,-7.86006,74.95742
2035,52:46.3,24.06254,-4.06233,-6.50295,25.25464,-9.58255,75.0785
2036,52:46.3,24.06254,-4.06233,-6.50295,25.25464,-9.58255,75.0785
2037,52:46.4,24.06254,-4.06233,-6.50295,25.25464,-9.58255,75.0785
2038,52:46.4,24.17342,-4.72364,-6.50895,25.47614,-11.05665,75.19725
2039,52:46.4,24.17342,-4.72364,-6.50895,25.47614,-11.05665,75.19725
2040,52:46.5,24.17342,-4.72364,-6.50895,25.47614,-11.05665,75.19725
2041,52:46.5,24.17342,-5.38495,-6.51195,25.60777,-12.55835,75.26813
2042,52:46.5,24.17342,-5.38495,-6.51195,25.60777,-12.55835,75.26813
2043,52:46.6,24.17342,-5.38495,-6.51195,25.60777,-12.55835,75.26813
2044,52:46.6,24.28431,-6.14074,-6.51195,25.8813,-14.19082,75.4273
2045,52:46.6,24.28431,-6.14074,-6.51195,25.8813,-14.19082,75.4273
2046,52:46.7,24.28431,-6.14074,-6.51195,25.8813,-14.19082,75.4273
2047,52:46.7,24.3952,-6.80205,-6.51195,26.14955,-15.57992,75.58005
2048,52:46.7,24.3952,-6.80205,-6.51195,26.14955,-15.57992,75.58005
2049,52:46.8,24.3952,-6.80205,-6.51195,26.14955,-15.57992,75.58005
2050,52:46.8,24.50608,-7.55783,-6.51595,26.4599,-17.14009,75.74384
2051,52:46.8,24.50608,-7.55783,-6.51595,26.4599,-17.14009,75.74384
2052,52:46.9,24.50608,-7.55783,-6.51595,26.4599,-17.14009,75.74384
2053,52:46.9,24.61697,-8.21914,-6.51795,26.7588,-18.46319,75.90198
2054,52:46.9,24.61697,-8.21914,-6.51795,26.7588,-18.46319,75.90198
2055,52:47.0,24.61697,-8.21914,-6.51795,26.7588,-18.46319,75.90198
2056,52:47.0,24.61697,-8.78598,-6.51895,26.93855,-19.64186,75.99579
2057,52:47.0,24.61697,-8.78598,-6.51895,26.93855,-19.64186,75.99579
2058,52:47.1,24.61697,-8.78598,-6.51895,26.93855,-19.64186,75.99579
2059,52:47.1,24.72786,-9.44729,-6.51394,27.26077,-20.90938,76.17546
2060,52:47.1,24.72786,-9.44729,-6.51394,27.26077,-20.90938,76.17546
2061,52:47.2,24.83874,-10.20307,-6.50694,27.62981,-22.33151,76.37864
2062,52:47.2,24.83874,-10.20307,-6.50694,27.62981,-22.33151,76.37864
2063,52:47.2,24.83874,-10.20307,-6.50694,27.62981,-22.33151,76.37864
2064,52:47.3,24.83874,-10.20307,-6.50694,27.62981,-22.33151,76.37864
2065,52:47.3,24.94963,-10.95886,-6.50094,28.01505,-23.71296,76.5821
2066,52:47.3,24.94963,-10.95886,-6.50094,28.01505,-23.71296,76.5821
2067,52:47.4,24.94963,-10.95886,-6.50094,28.01505,-23.71296,76.5821
2068,52:47.4,25.06052,-11.80911,-6.48994,28.45354,-25.23093,76.81541
2069,52:47.4,25.06052,-11.80911,-6.48994,28.45354,-25.23093,76.81541
2070,52:47.5,25.06052,-11.80911,-6.48994,28.45354,-25.23093,76.81541
2071,52:47.5,25.1714,-12.5649,-6.48394,28.8707,-26.52715,77.0215
2072,52:47.5,25.1714,-12.5649,-6.48394,28.8707,-26.52715,77.0215
2073,52:47.6,25.28229,-13.32068,-6.47494,29.30118,-27.78375,77.23348
2074,52:47.6,25.28229,-13.32068,-6.47494,29.30118,-27.78375,77.23348
2075,52:47.6,25.28229,-13.32068,-6.47494,29.30118,-27.78375,77.23348
2076,52:47.7,25.39318,-14.07646,-6.46893,29.74571,-29.00137,77.43926
2077,52:47.7,25.39318,-14.07646,-6.46893,29.74571,-29.00137,77.43926
2078,52:47.7,25.39318,-14.07646,-6.46893,29.74571,-29.00137,77.43926
2079,52:47.8,25.39318,-14.07646,-6.46893,29.74571,-29.00137,77.43926
2080,52:47.8,25.50406,-14.92672,-6.45993,30.24888,-30.33908,77.66898
2081,52:47.8,25.50406,-14.92672,-6.45993,30.24888,-30.33908,77.66898
2082,52:47.9,25.50406,-14.92672,-6.45993,30.24888,-30.33908,77.66898
2083,52:47.9,25.61495,-15.6825,-6.45793,30.72086,-31.47664,77.86516
2084,52:47.9,25.61495,-15.6825,-6.45793,30.72086,-31.47664,77.86516
2085,52:48.0,25.72583,-16.43828,-6.45993,31.20523,-32.57775,78.05256
2086,52:48.0,25.72583,-16.43828,-6.45993,31.20523,-32.57775,78.05256
2087,52:48.0,25.72583,-16.43828,-6.45993,31.20523,-32.57775,78.05256
2088,52:48.1,25.83672,-17.19407,-6.46392,31.70102,-33.64335,78.23473
2089,52:48.1,25.83672,-17.19407,-6.46392,31.70102,-33.64335,78.23473
2090,52:48.1,25.83672,-17.19407,-6.46392,31.70102,-33.64335,78.23473
2091,52:48.2,25.94761,-17.94985,-6.46692,32.20709,-34.67444,78.41673
2092,52:48.2,25.94761,-17.94985,-6.46692,32.20709,-34.67444,78.41673
2093,52:48.2,25.94761,-17.94985,-6.46692,32.20709,-34.67444,78.41673
2094,52:48.3,25.94761,-17.94985,-6.46692,32.20709,-34.67444,78.41673
2095,52:48.3,26.05849,-18.70563,-6.46792,32.72277,-35.67202,78.59996
2096,52:48.3,26.05849,-18.70563,-6.46892,32.72297,-35.67202,78.59824
2097,52:48.4,26.05849,-19.55589,-6.46892,33.21633,-36.88681,78.76982
2098,52:48.4,26.05849,-19.55589,-6.46892,33.21633,-36.88681,78.76982
2099,52:48.4,26.05849,-19.55589,-6.46892,33.21633,-36.88681,78.76982
2100,52:48.5,26.05849,-20.31167,-6.47291,33.6676,-37.93516,78.91533
2101,52:48.5,26.05849,-20.31167,-6.47291,33.6676,-37.93516,78.91533
2102,52:48.5,26.05849,-20.31167,-6.47191,33.66741,-37.93516,78.917
2103,52:48.6,25.9476,-21.06746,-6.48091,34.04582,-39.07395,79.02629
2104,52:48.6,25.9476,-21.06746,-6.48091,34.04582,-39.07395,79.02629
2105,52:48.6,25.9476,-21.06746,-6.48091,34.04582,-39.07395,79.02629
2106,52:48.7,25.83671,-21.72877,-6.48791,34.37685,-40.06396,79.12138
2107,52:48.7,25.83671,-21.72877,-6.48791,34.37685,-40.06396,79.12138
2108,52:48.7,25.83671,-21.72877,-6.48891,34.37704,-40.06396,79.11974
2109,52:48.8,25.83671,-21.72877,-6.48891,34.37704,-40.06396,79.11974
2110,52:48.8,25.61494,-22.48455,-6.49091,34.69599,-41.27636,79.2176
2111,52:48.8,25.61494,-22.48455,-6.49091,34.69599,-41.27636,79.2176
2112,52:48.9,25.50405,-23.05139,-6.49391,34.98562,-42.1083,79.30292
2113,52:48.9,25.50405,-23.05139,-6.49291,34.98544,-42.1083,79.30453
2114,52:48.9,25.50405,-23.05139,-6.49291,34.98544,-42.1083,79.30453
2115,52:49.0,25.17138,-23.52375,-6.50491,35.06108,-43.0621,79.30792
2116,52:49.0,25.17138,-23.52375,-6.50491,35.06108,-43.0621,79.30792
2117,52:49.1,25.17138,-23.52375,-6.50491,35.06108,-43.0621,79.30792
2118,52:49.1,25.17138,-23.52375,-6.50491,35.06108,-43.0621,79.30792
2119,52:49.1,24.94961,-24.09059,-6.51091,35.28783,-43.99647,79.36752
2120,52:49.1,24.94961,-24.09059,-6.51091,35.28783,-43.99647,79.36752
2121,52:49.2,24.61694,-24.65742,-6.5129,35.44574,-45.04707,79.41215
2122,52:49.2,24.61694,-24.65742,-6.5129,35.44574,-45.04707,79.41215
2123,52:49.2,24.61694,-24.65742,-6.5129,35.44574,-45.04707,79.41215
2124,52:49.3,24.28428,-25.22426,-6.5149,35.61508,-46.0877,79.45979
2125,52:49.3,24.28428,-25.22426,-6.5149,35.61508,-46.0877,79.45979
2126,52:49.3,24.28428,-25.22426,-6.5149,35.61508,-46.0877,79.45979
2127,52:49.4,23.84073,-25.69662,-6.5139,35.65288,-47.14556,79.47273
2128,52:49.4,23.84073,-25.69662,-6.5139,35.65288,-47.14556,79.47273
2129,52:49.4,23.84073,-25.69662,-6.5139,35.65288,-47.14556,79.47273
2130,52:49.5,23.39718,-26.16899,-6.5069,35.70131,-48.20072,79.4986
2131,52:49.5,23.39718,-26.16899,-6.5069,35.70131,-48.20072,79.4986
2132,52:49.5,23.39718,-26.16899,-6.5059,35.70113,-48.20072,79.50018
2133,52:49.6,22.95363,-26.64135,-6.4949,35.76052,-49.2525,79.53574
2134,52:49.6,22.95363,-26.64135,-6.4949,35.76052,-49.2525,79.53574
2135,52:49.6,22.95363,-26.64135,-6.4949,35.76052,-49.2525,79.53574
2136,52:49.7,22.95363,-26.64135,-6.4949,35.76052,-49.2525,79.53574
2137,52:49.7,22.51008,-26.92477,-6.4909,35.69004,-50.10316,79.52137
2138,52:49.7,22.51008,-26.92477,-6.4909,35.69004,-50.10316,79.52137
2139,52:49.8,21.95564,-27.30266,-6.4819,35.63005,-51.19523,79.51825
2140,52:49.8,21.95564,-27.30266,-6.4819,35.63005,-51.19523,79.51825
2141,52:49.8,21.95564,-27.30266,-6.4819,35.63005,-51.19523,79.51825
2142,52:49.9,21.51209,-27.4916,-6.4839,35.50492,-51.95693,79.4776
2143,52:49.9,21.51209,-27.4916,-6.4829,35.50474,-51.95693,79.47919
2144,52:49.9,21.51209,-27.4916,-6.4829,35.50474,-51.95693,79.47919
2145,52:50.0,21.51209,-27.4916,-6.4829,35.50474,-51.95693,79.47919
2146,52:50.0,21.06854,-27.68055,-6.48991,35.38665,-52.72408,79.43215
2147,52:50.0,21.06854,-27.68055,-6.48991,35.38665,-52.72408,79.43215
2148,52:50.1,20.51411,-27.77502,-6.49691,35.13531,-53.55112,79.34405
2149,52:50.1,20.51411,-27.77502,-6.49791,35.1355,-53.55112,79.34245
2150,52:50.1,20.51411,-27.77502,-6.49791,35.1355,-53.55112,79.34245
2151,52:50.2,20.51411,-27.77502,-6.49791,35.1355,-53.55112,79.34245
2152,52:50.2,20.07056,-27.86949,-6.51091,34.95608,-54.23999,79.26542
2153,52:50.2,20.07056,-27.86949,-6.51091,34.95608,-54.23999,79.26542
2154,52:50.3,19.51612,-27.86949,-6.51291,34.64109,-54.99766,79.16326
2155,52:50.3,19.51612,-27.86949,-6.51291,34.64109,-54.99766,79.16326
2156,52:50.3,19.51612,-27.86949,-6.51291,34.64109,-54.99766,79.16326
2157,52:50.4,19.51612,-27.86949,-6.51291,34.64109,-54.99766,79.16326
2158,52:50.4,18.96169,-27.86949,-6.51291,34.33179,-55.76963,79.06443
2159,52:50.5,18.96169,-27.86949,-6.51291,34.33179,-55.76963,79.06443
2160,52:50.5,18.51814,-27.86949,-6.50591,34.08748,-56.39758,78.99707
2161,52:50.5,18.51814,-27.86949,-6.50591,34.08748,-56.39758,78.99707
2162,52:50.5,18.51814,-27.86949,-6.50591,34.08748,-56.39758,78.99707
2163,52:50.6,17.9637,-27.68054,-6.48691,33.63015,-57.01784,78.87852
2164,52:50.6,17.9637,-27.68054,-6.48691,33.63015,-57.01784,78.87852
2165,52:50.7,17.9637,-27.68054,-6.48691,33.63015,-57.01784,78.87852
2166,52:50.7,17.52015,-27.58606,-6.47592,33.31492,-57.58001,78.79121
2167,52:50.7,17.52015,-27.58606,-6.47592,33.31492,-57.58001,78.79121
2168,52:50.7,17.52015,-27.58606,-6.47592,33.31492,-57.58001,78.79121
2169,52:50.8,17.0766,-27.30265,-6.46292,32.84531,-57.97583,78.65195
2170,52:50.8,17.0766,-27.30265,-6.46292,32.84531,-57.97583,78.65195
2171,52:50.8,17.0766,-27.30265,-6.46292,32.84531,-57.97583,78.65195
2172,52:50.9,16.74394,-27.1137,-6.45592,32.51448,-58.30278,78.54751
2173,52:50.9,16.74394,-27.1137,-6.45592,32.51448,-58.30278,78.54751
2174,52:51.0,16.74394,-27.1137,-6.45592,32.51448,-58.30278,78.54751
2175,52:51.0,16.52217,-26.73581,-6.45992,32.08607,-58.2848,78.38519
2176,52:51.0,16.52217,-26.73581,-6.45992,32.08607,-58.2848,78.38519
2177,52:51.1,16.52217,-26.73581,-6.45992,32.08607,-58.2848,78.38519
2178,52:51.1,16.18951,-26.45239,-6.47592,31.68228,-58.53235,78.2055
2179,52:51.1,16.18951,-26.45239,-6.47592,31.68228,-58.53235,78.2055
2180,52:51.2,16.18951,-26.45239,-6.47592,31.68228,-58.53235,78.2055
2181,52:51.2,15.96773,-26.0745,-6.49793,31.25813,-58.51716,78.00188
2182,52:51.2,15.96773,-26.0745,-6.49793,31.25813,-58.51716,78.00188
2183,52:51.3,15.96773,-26.0745,-6.49793,31.25813,-58.51716,78.00188
2184,52:51.3,15.74596,-25.6966,-6.51393,30.83313,-58.50152,77.80357
2185,52:51.3,15.74596,-25.6966,-6.51393,30.83313,-58.50152,77.80357
2186,52:51.4,15.74596,-25.6966,-6.51393,30.83313,-58.50152,77.80357
2187,52:51.4,15.52419,-25.22424,-6.54393,30.33291,-58.3899,77.54123
2188,52:51.4,15.52419,-25.22424,-6.54393,30.33291,-58.3899,77.54123
2189,52:51.4,15.52419,-25.22424,-6.54393,30.33291,-58.3899,77.54123
2190,52:51.5,15.4133,-24.84635,-6.54993,29.96352,-58.18682,77.37336
2191,52:51.5,15.4133,-24.84635,-6.54993,29.96352,-58.18682,77.37336
2192,52:51.5,15.4133,-24.84635,-6.54993,29.96352,-58.18682,77.37336
2193,52:51.6,15.4133,-24.46846,-6.55393,29.6518,-57.79213,77.23047
2194,52:51.6,15.4133,-24.46846,-6.55393,29.6518,-57.79213,77.23047
2195,52:51.7,15.4133,-24.46846,-6.55393,29.6518,-57.79213,77.23047
2196,52:51.7,15.4133,-23.99609,-6.55194,29.26278,-57.28633,77.0618
2197,52:51.7,15.4133,-23.99609,-6.55194,29.26278,-57.28633,77.0618
2198,52:51.7,15.4133,-23.99609,-6.55194,29.26278,-57.28633,77.0618
2199,52:51.8,15.52419,-23.6182,-6.53894,29.00996,-56.68317,76.97341
2200,52:51.8,15.52419,-23.6182,-6.53894,29.00996,-56.68317,76.97341
2201,52:51.9,15.52419,-23.6182,-6.53894,29.00996,-56.68317,76.97341
2202,52:51.9,15.52419,-23.24031,-6.53694,28.70269,-56.25765,76.83556
2203,52:51.9,15.52419,-23.24031,-6.53694,28.70269,-56.25765,76.83556
2204,52:52.0,15.52419,-23.24031,-6.53694,28.70269,-56.25765,76.83556
2205,52:52.0,15.74597,-22.86242,-6.53594,28.51919,-55.44376,76.75138
2206,52:52.0,15.74597,-22.86242,-6.53594,28.51919,-55.44376,76.75138
2207,52:52.1,15.74597,-22.86242,-6.53594,28.51919,-55.44376,76.75138
2208,52:52.1,15.85686,-22.579,-6.53594,28.35436,-54.92027,76.67295
2209,52:52.1,15.85686,-22.579,-6.53594,28.35436,-54.92027,76.67295
2210,52:52.2,15.85686,-22.579,-6.53594,28.35436,-54.92027,76.67295
2211,52:52.2,16.07863,-22.20111,-6.53094,28.17916,-54.08695,76.599
2212,52:52.2,16.07863,-22.20111,-6.53094,28.17916,-54.08695,76.599
2213,52:52.3,16.07863,-22.20111,-6.53094,28.17916,-54.08695,76.599
2214,52:52.3,16.18952,-21.82322,-6.52194,27.94439,-53.43019,76.50326
2215,52:52.3,16.18952,-21.82322,-6.52294,27.94463,-53.43019,76.50127
2216,52:52.4,16.18952,-21.82322,-6.52294,27.94463,-53.43019,76.50127
2217,52:52.4,16.41129,-21.35086,-6.50594,27.7041,-52.45239,76.41799
2218,52:52.4,16.41129,-21.35086,-6.50594,27.7041,-52.45239,76.41799
2219,52:52.5,16.41129,-21.35086,-6.50594,27.7041,-52.45239,76.41799
2220,52:52.5,16.52218,-20.97297,-6.49394,27.47761,-51.7695,76.32962
2221,52:52.5,16.52218,-20.97297,-6.49394,27.47761,-51.7695,76.32962
2222,52:52.6,16.52218,-20.97297,-6.49394,27.47761,-51.7695,76.32962
2223,52:52.6,16.74396,-20.5006,-6.46695,27.24805,-50.75962,76.27063
2224,52:52.6,16.74396,-20.5006,-6.46695,27.24805,-50.75962,76.27063
2225,52:52.7,16.74396,-20.5006,-6.46695,27.24805,-50.75962,76.27063
2226,52:52.7,16.85485,-20.02824,-6.45895,26.96172,-49.91757,76.13943
2227,52:52.7,16.85485,-20.02824,-6.45795,26.96148,-49.91757,76.1415
2228,52:52.8,16.85485,-20.02824,-6.45795,26.96148,-49.91757,76.1415
2229,52:52.8,17.07662,-19.55587,-6.44995,26.75154,-48.87182,76.0482
2230,52:52.8,17.07662,-19.55587,-6.44995,26.75154,-48.87182,76.0482
2231,52:52.9,17.07662,-19.55587,-6.44995,26.75154,-48.87182,76.0482
2232,52:52.9,17.2984,-19.08351,-6.44295,26.55045,-47.80902,75.95593
2233,52:52.9,17.2984,-19.08351,-6.44295,26.55045,-47.80902,75.95593
2234,52:53.0,17.2984,-19.08351,-6.44295,26.55045,-47.80902,75.95593
2235,52:53.0,17.40928,-18.51667,-6.42995,26.2163,-46.76554,75.80249
2236,52:53.0,17.40928,-18.51667,-6.42995,26.2163,-46.76554,75.80249
2237,52:53.1,17.40928,-18.51667,-6.42995,26.2163,-46.76554,75.80249
2238,52:53.1,17.63106,-17.94984,-6.42495,25.96788,-45.51331,75.67516
2239,52:53.1,17.63106,-17.94984,-6.42495,25.96788,-45.51331,75.67516
2240,52:53.2,17.63106,-17.94984,-6.42495,25.96788,-45.51331,75.67516
2241,52:53.2,17.74195,-17.383,-6.41895,25.6544,-44.4145,75.51014
2242,52:53.2,17.74195,-17.383,-6.41895,25.6544,-44.4145,75.51014
2243,52:53.3,17.74195,-17.383,-6.41895,25.6544,-44.4145,75.51014
2244,52:53.3,17.96372,-16.81616,-6.42095,25.43044,-43.11021,75.37505
2245,52:53.3,17.96372,-16.81616,-6.42095,25.43044,-43.11021,75.37505
2246,52:53.4,17.96372,-16.81616,-6.42095,25.43044,-43.11021,75.37505
2247,52:53.4,18.07461,-16.24933,-6.42795,25.14062,-41.95598,75.18612
2248,52:53.4,18.07461,-16.24933,-6.42795,25.14062,-41.95598,75.18612
2249,52:53.5,18.07461,-16.24933,-6.42795,25.14062,-41.95598,75.18612
2250,52:53.5,18.1855,-15.68249,-6.43495,24.86084,-40.77325,74.99882
2251,52:53.5,18.1855,-15.68249,-6.43495,24.86084,-40.77325,74.99882
2252,52:53.6,18.1855,-15.68249,-6.43495,24.86084,-40.77325,74.99882
2253,52:53.6,18.29639,-15.02118,-6.43996,24.53297,-39.38571,74.78142
2254,52:53.6,18.29639,-15.02118,-6.43996,24.53297,-39.38571,74.78142
2255,52:53.7,18.29639,-15.02118,-6.43996,24.53297,-39.38571,74.78142
2256,52:53.7,18.40728,-14.45434,-6.44596,24.27563,-38.14083,74.60143
2257,52:53.7,18.40728,-14.45434,-6.44496,24.27537,-38.14083,74.60371
2258,52:53.8,18.40728,-14.45434,-6.44496,24.27537,-38.14083,74.60371
2259,52:53.8,18.51817,-13.79303,-6.46196,23.97764,-36.68014,74.36552
2260,52:53.8,18.51817,-13.79303,-6.46196,23.97764,-36.68014,74.36552
2261,52:53.9,18.51817,-13.79303,-6.46196,23.97764,-36.68014,74.36552
2262,52:53.9,18.62905,-13.13172,-6.46196,23.69052,-35.18022,74.1711
2263,52:53.9,18.62905,-13.13172,-6.46296,23.69079,-35.18022,74.16877
2264,52:54.0,18.62905,-13.13172,-6.46296,23.69079,-35.18022,74.16877
2265,52:54.0,18.73994,-12.56489,-6.45996,23.46898,-33.84134,74.02277
2266,52:54.0,18.73994,-12.56489,-6.45996,23.46898,-33.84134,74.02277
2267,52:54.1,18.73994,-12.56489,-6.45996,23.46898,-33.84134,74.02277
2268,52:54.1,18.73994,-11.90358,-6.45796,23.12111,-32.42364,73.78096
2269,52:54.1,18.73994,-11.90358,-6.45796,23.12111,-32.42364,73.78096
2270,52:54.2,18.73994,-11.90358,-6.45796,23.12111,-32.42364,73.78096
2271,52:54.2,18.85083,-11.24227,-6.46096,22.87983,-30.81103,73.59729
2272,52:54.2,18.85083,-11.24227,-6.46096,22.87983,-30.81103,73.59729
2273,52:54.3,18.85083,-11.24227,-6.46096,22.87983,-30.81103,73.59729
2274,52:54.3,18.96172,-10.58096,-6.46196,22.65525,-29.16225,73.42739
2275,52:54.3,18.96172,-10.58096,-6.46196,22.65525,-29.16225,73.42739
2276,52:54.4,18.96172,-10.58096,-6.46196,22.65525,-29.16225,73.42739
2277,52:54.4,18.96172,-9.82518,-6.46296,22.31257,-27.39131,73.16265
2278,52:54.4,18.96172,-9.82518,-6.46296,22.31257,-27.39131,73.16265
2279,52:54.5,18.96172,-9.82518,-6.46296,22.31257,-27.39131,73.16265
2280,52:54.5,18.96172,-9.16387,-6.46397,22.02966,-25.79366,72.93712
2281,52:54.5,18.96172,-9.16387,-6.46397,22.02966,-25.79366,72.93712
2282,52:54.6,18.96172,-9.16387,-6.46397,22.02966,-25.79366,72.93712
2283,52:54.6,19.07261,-8.40808,-6.46197,21.8224,-23.79009,72.77552
2284,52:54.6,19.07261,-8.40808,-6.46197,21.8224,-23.79009,72.77552
2285,52:54.7,19.07261,-8.40808,-6.46197,21.8224,-23.79009,72.77552
2286,52:54.7,19.07261,-7.74677,-6.46197,21.57623,-22.10565,72.57275
2287,52:54.7,19.07261,-7.74677,-6.46197,21.57623,-22.10565,72.57275
2288,52:54.8,19.07261,-7.74677,-6.46197,21.57623,-22.10565,72.57275
2289,52:54.8,19.07261,-6.99099,-6.46097,21.31625,-20.13021,72.35607
2290,52:54.8,19.07261,-6.99099,-6.46097,21.31625,-20.13021,72.35607
2291,52:54.9,19.07261,-6.99099,-6.46097,21.31625,-20.13021,72.35607
2292,52:54.9,19.1835,-6.32968,-6.45797,21.20794,-18.26054,72.27149
2293,52:54.9,19.1835,-6.32968,-6.45797,21.20794,-18.26054,72.27149
2294,52:55.0,19.1835,-6.32968,-6.45797,21.20794,-18.26054,72.27149
2295,52:55.0,19.1835,-5.5739,-6.45397,20.99354,-16.20159,72.09579
2296,52:55.0,19.1835,-5.5739,-6.45397,20.99354,-16.20159,72.09579
2297,52:55.1,19.1835,-5.5739,-6.45397,20.99354,-16.20159,72.09579
2298,52:55.1,19.1835,-4.91259,-6.44797,20.82586,-14.36386,71.96405
2299,52:55.1,19.1835,-4.91259,-6.44797,20.82586,-14.36386,71.96405
2300,52:55.2,19.1835,-4.91259,-6.44797,20.82586,-14.36386,71.96405
2301,52:55.2,19.1835,-4.1568,-6.43997,20.65814,-12.22621,71.83588
2302,52:55.2,19.1835,-4.1568,-6.43997,20.65814,-12.22621,71.83588
2303,52:55.3,19.1835,-4.1568,-6.43997,20.65814,-12.22621,71.83588
2304,52:55.3,19.1835,-3.40102,-6.42997,20.51629,-10.05345,71.73526
2305,52:55.3,19.1835,-3.40102,-6.42997,20.51629,-10.05345,71.73526
2306,52:55.4,19.1835,-3.40102,-6.42997,20.51629,-10.05345,71.73526
2307,52:55.4,19.29438,-2.64524,-6.40797,20.50202,-7.80652,71.78684
2308,52:55.4,19.29438,-2.64524,-6.40797,20.50202,-7.80652,71.78684
2309,52:55.5,19.29438,-2.64524,-6.40797,20.50202,-7.80652,71.78684
2310,52:55.5,19.40527,-1.98393,-6.40297,20.53043,-5.83745,71.82761
2311,52:55.5,19.40527,-1.98393,-6.40397,20.53074,-5.83745,71.82496
2312,52:55.6,19.40527,-1.98393,-6.40397,20.53074,-5.83745,71.82496
2313,52:55.6,19.51616,-1.22815,-6.40497,20.57699,-3.60086,71.8643
2314,52:55.6,19.51616,-1.22815,-6.40497,20.57699,-3.60086,71.8643
2315,52:55.7,19.51616,-1.22815,-6.40497,20.57699,-3.60086,71.8643
2316,52:55.7,19.62705,-0.56684,-6.40597,20.65378,-1.65427,71.93115
2317,52:55.7,19.62705,-0.56684,-6.40497,20.65347,-1.65427,71.93379
2318,52:55.8,19.62705,-0.56684,-6.40497,20.65347,-1.65427,71.93379
2319,52:55.8,19.84882,0.18895,-6.39997,20.85596,0.5454,72.12958
2320,52:55.8,19.84882,0.18895,-6.39997,20.85596,0.5454,72.12958
2321,52:55.9,19.84882,0.18895,-6.39997,20.85596,0.5454,72.12958
2322,52:55.9,20.18148,0.75578,-6.39597,21.18424,2.14469,72.42697
2323,52:55.9,20.18148,0.75578,-6.39597,21.18424,2.14469,72.42697
2324,52:56.0,20.18148,0.75578,-6.39597,21.18424,2.14469,72.42697
2325,52:56.0,20.40326,1.41709,-6.38897,21.42709,3.97305,72.65213
2326,52:56.0,20.40326,1.41709,-6.38897,21.42709,3.97305,72.65213
2327,52:56.1,20.40326,1.41709,-6.38897,21.42709,3.97305,72.65213
2328,52:56.1,20.73592,1.98393,-6.38197,21.78632,5.4652,72.96628
2329,52:56.1,20.73592,1.98393,-6.38197,21.78632,5.4652,72.96628
2330,52:56.2,20.73592,1.98393,-6.38197,21.78632,5.4652,72.96628
2331,52:56.2,21.17947,2.55077,-6.38096,22.26641,6.86739,73.34707
2332,52:56.2,21.17947,2.55077,-6.38096,22.26641,6.86739,73.34707
2333,52:56.3,21.17947,2.55077,-6.38096,22.26641,6.86739,73.34707
2334,52:56.3,21.51213,3.1176,-6.36896,22.65071,8.24607,73.66926
2335,52:56.3,21.51213,3.1176,-6.36796,22.65043,8.24607,73.67169
2336,52:56.4,21.51213,3.1176,-6.36796,22.65043,8.24607,73.67169
2337,52:56.4,21.95568,3.58997,-6.35296,23.13655,9.28625,74.06268
2338,52:56.4,21.95568,3.58997,-6.35396,23.13682,9.28625,74.0603
2339,52:56.5,21.95568,3.58997,-6.35396,23.13682,9.28625,74.0603
2340,52:56.5,22.51011,3.96786,-6.34496,23.72146,9.99684,74.48578
2341,52:56.5,22.51011,3.96786,-6.34396,23.72119,9.99684,74.4881
2342,52:56.6,22.51011,3.96786,-6.34396,23.72119,9.99684,74.4881
2343,52:56.6,22.95366,4.34575,-6.34096,24.20669,10.72076,74.81417
2344,52:56.6,22.95366,4.34575,-6.34096,24.20669,10.72076,74.81417
2345,52:56.7,22.95366,4.34575,-6.34096,24.20669,10.72076,74.81417
2346,52:56.7,23.5081,4.62917,-6.33295,24.78238,11.14005,75.19426
2347,52:56.7,23.5081,4.62917,-6.33395,24.78263,11.14005,75.19202
2348,52:56.8,23.5081,4.62917,-6.33395,24.78263,11.14005,75.19202
2349,52:56.8,24.06254,4.91259,-6.32195,25.35954,11.53889,75.56433
2350,52:56.8,24.06254,4.91259,-6.32095,25.35929,11.53889,75.56652
2351,52:56.9,24.06254,4.91259,-6.32095,25.35929,11.53889,75.56652
2352,52:56.9,24.50609,5.19601,-6.30795,25.83287,11.97109,75.86643
2353,52:56.9,24.50609,5.19601,-6.30895,25.83311,11.97109,75.86428
2354,52:57.0,24.50609,5.19601,-6.30895,25.83311,11.97109,75.86428
2355,52:57.0,25.17141,5.29048,-6.29495,26.48047,11.86956,76.24797
2356,52:57.0,25.17141,5.29048,-6.29495,26.48047,11.86956,76.24797
2357,52:57.1,25.17141,5.29048,-6.29495,26.48047,11.86956,76.24797
2358,52:57.1,25.61496,5.38496,-6.28395,26.91861,11.87223,76.50017
2359,52:57.1,25.61496,5.38496,-6.28395,26.91861,11.87223,76.50017
2360,52:57.2,25.61496,5.38496,-6.28395,26.91861,11.87223,76.50017
2361,52:57.2,26.16939,5.47943,-6.27194,27.46268,11.82592,76.79825
2362,52:57.2,26.16939,5.47943,-6.27194,27.46268,11.82592,76.79825
2363,52:57.3,26.16939,5.47943,-6.27194,27.46268,11.82592,76.79825
2364,52:57.3,26.72383,5.47943,-6.26094,27.98904,11.58727,77.07399
2365,52:57.3,26.72383,5.47943,-6.26094,27.98904,11.58727,77.07399
2366,52:57.4,26.72383,5.47943,-6.26094,27.98904,11.58727,77.07399
2367,52:57.4,27.27827,5.47943,-6.24494,28.51539,11.35794,77.34955
2368,52:57.4,27.27827,5.47943,-6.24494,28.51539,11.35794,77.34955
2369,52:57.5,27.27827,5.47943,-6.24494,28.51539,11.35794,77.34955
2370,52:57.5,27.72182,5.38496,-6.23194,28.91944,10.99279,77.55555
2371,52:57.5,27.72182,5.38496,-6.23194,28.91944,10.99279,77.55555
2372,52:57.6,27.72182,5.38496,-6.23194,28.91944,10.99279,77.55555
2373,52:57.6,28.27625,5.29048,-6.21493,29.43061,10.59751,77.80893
2374,52:57.6,28.27625,5.29048,-6.21493,29.43061,10.59751,77.80893
2375,52:57.7,28.27625,5.29048,-6.21493,29.43061,10.59751,77.80893
2376,52:57.7,28.7198,5.10154,-6.20693,29.82245,10.07247,77.98724
2377,52:57.7,28.7198,5.10154,-6.20693,29.82245,10.07247,77.98724
2378,52:57.8,28.7198,5.10154,-6.20693,29.82245,10.07247,77.98724
2379,52:57.8,29.16335,4.91259,-6.19293,30.21567,9.56176,78.17298
2380,52:57.8,29.16335,4.91259,-6.19293,30.21567,9.56176,78.17298
2381,52:57.9,29.16335,4.91259,-6.19293,30.21567,9.56176,78.17298
2382,52:57.9,29.6069,4.72365,-6.18093,30.61185,9.06488,78.35115
2383,52:57.9,29.6069,4.72365,-6.18093,30.61185,9.06488,78.35115
2384,52:58.0,29.6069,4.72365,-6.18093,30.61185,9.06488,78.35115
2385,52:58.0,29.93956,4.44023,-6.16093,30.8877,8.43584,78.49449
2386,52:58.0,29.93956,4.44023,-6.16093,30.8877,8.43584,78.49449
2387,52:58.1,29.93956,4.44023,-6.16093,30.8877,8.43584,78.49449
2388,52:58.1,30.27222,4.15681,-6.14393,31.16784,7.81863,78.63118
2389,52:58.1,30.27222,4.15681,-6.14393,31.16784,7.81863,78.63118
2390,52:58.2,30.27222,4.15681,-6.14393,31.16784,7.81863,78.63118
2391,52:58.2,30.494,3.87339,-6.12893,31.34407,7.23902,78.7239
2392,52:58.2,30.494,3.87339,-6.12893,31.34407,7.23902,78.7239
2393,52:58.3,30.494,3.87339,-6.12893,31.34407,7.23902,78.7239
2394,52:58.3,30.82666,3.4955,-6.11492,31.6211,6.46926,78.84983
2395,52:58.3,30.82666,3.4955,-6.11592,31.62129,6.46926,78.84805
2396,52:58.4,30.82666,3.4955,-6.11592,31.62129,6.46926,78.84805
2397,52:58.4,31.04843,3.21208,-6.10192,31.80497,5.90646,78.93898
2398,52:58.4,31.04843,3.21208,-6.10192,31.80497,5.90646,78.93898
2399,52:58.5,31.04843,3.21208,-6.10192,31.80497,5.90646,78.93898
2400,52:58.5,31.15932,2.83419,-6.09192,31.8755,5.19721,78.98207
2401,52:58.5,31.15932,2.83419,-6.09192,31.8755,5.19721,78.98207
2402,52:58.6,31.15932,2.83419,-6.09192,31.8755,5.19721,78.98207
2403,52:58.6,31.27021,2.4563,-6.08692,31.95168,4.4914,79.0178
2404,52:58.6,31.27021,2.4563,-6.08692,31.95168,4.4914,79.0178
2405,52:58.7,31.27021,2.4563,-6.08692,31.95168,4.4914,79.0178
2406,52:58.7,31.3811,2.0784,-6.08992,32.03405,3.78923,79.04092
2407,52:58.7,31.3811,2.0784,-6.08892,32.03386,3.78923,79.04268
2408,52:58.8,31.3811,2.0784,-6.08892,32.03386,3.78923,79.04268
2409,52:58.8,31.49198,1.70051,-6.09792,32.12198,3.09087,79.05676
2410,52:58.8,31.49198,1.70051,-6.09792,32.12198,3.09087,79.05676
2411,52:58.9,31.49198,1.70051,-6.09792,32.12198,3.09087,79.05676
2412,52:58.9,31.3811,1.32262,-6.10592,31.99695,2.41342,78.99888
2413,52:58.9,31.3811,1.32262,-6.10592,31.99695,2.41342,78.99888
2414,52:59.0,31.3811,1.32262,-6.10592,31.99695,2.41342,78.99888
2415,52:59.0,31.3811,1.0392,-6.12192,31.98955,1.89669,78.9671
2416,52:59.0,31.3811,1.0392,-6.12192,31.98955,1.89669,78.9671
2417,52:59.1,31.3811,1.0392,-6.12192,31.98955,1.89669,78.9671
2418,52:59.1,31.27021,0.66131,-6.12792,31.87185,1.21153,78.91485
2419,52:59.1,31.27021,0.66131,-6.12792,31.87185,1.21153,78.91485
2420,52:59.2,31.27021,0.66131,-6.12792,31.87185,1.21153,78.91485
2421,52:59.2,31.15932,0.28342,-6.13392,31.7586,0.52114,78.86379
2422,52:59.2,31.15932,0.28342,-6.13392,31.7586,0.52114,78.86379
2423,52:59.3,31.15932,0.28342,-6.13392,31.7586,0.52114,78.86379
2424,52:59.3,31.04843,0.0,-6.13992,31.64971,0.0,78.81391
2425,52:59.3,31.04843,0.0,-6.13992,31.64971,0.0,78.81391
2426,52:59.4,31.04843,0.0,-6.13992,31.64971,0.0,78.81391
2427,52:59.4,30.82666,-0.37789,-6.15593,31.43758,-0.70233,78.70771
2428,52:59.4,30.82666,-0.37789,-6.15593,31.43758,-0.70233,78.70771
2429,52:59.5,30.82666,-0.37789,-6.15593,31.43758,-0.70233,78.70771
2430,52:59.5,30.71577,-0.75578,-6.15693,31.33588,-1.40952,78.66871
2431,52:59.5,30.71577,-0.75578,-6.15593,31.33569,-1.40952,78.6705
2432,52:59.6,30.71577,-0.75578,-6.15593,31.33569,-1.40952,78.6705
2433,52:59.6,30.494,-1.13368,-6.15093,31.12881,-2.1291,78.60359
2434,52:59.6,30.494,-1.13368,-6.15093,31.12881,-2.1291,78.60359
2435,52:59.7,30.494,-1.13368,-6.15093,31.12881,-2.1291,78.60359
2436,52:59.7,30.27222,-1.51157,-6.14593,30.92676,-2.85855,78.53758
2437,52:59.7,30.27222,-1.51157,-6.14693,30.92696,-2.85855,78.53576
2438,52:59.8,30.27222,-1.51157,-6.14693,30.92696,-2.85855,78.53576
2439,52:59.8,30.05045,-1.98393,-6.13193,30.73379,-3.77719,78.49126
2440,52:59.8,30.05045,-1.98393,-6.13193,30.73379,-3.77719,78.49126
2441,52:59.9,30.05045,-1.98393,-6.13193,30.73379,-3.77719,78.49126
2442,52:59.9,29.82867,-2.4563,-6.12193,30.54932,-4.7075,78.43995
2443,52:59.9,29.82867,-2.4563,-6.12193,30.54932,-4.7075,78.43995
2444,53:00.0,29.82867,-2.4563,-6.12193,30.54932,-4.7075,78.43995
2445,53:00.0,29.6069,-2.92866,-6.11593,30.37351,-5.64922,78.38365
2446,53:00.0,29.6069,-2.92866,-6.11593,30.37351,-5.64922,78.38365
2447,53:00.1,29.6069,-2.92866,-6.11593,30.37351,-5.64922,78.38365
2448,53:00.1,29.38512,-3.40103,-6.12493,30.20873,-6.60202,78.30197
2449,53:00.1,29.38512,-3.40103,-6.12493,30.20873,-6.60202,78.30197
2450,53:00.2,29.38512,-3.40103,-6.12493,30.20873,-6.60202,78.30197
2451,53:00.2,29.05246,-3.96786,-6.13993,29.95811,-7.7771,78.17339
2452,53:00.2,29.05246,-3.96786,-6.13993,29.95811,-7.7771,78.17339
2453,53:00.3,29.05246,-3.96786,-6.13993,29.95811,-7.7771,78.17339
2454,53:00.3,28.83069,-4.44023,-6.15093,29.81205,-8.75536,78.093
2455,53:00.3,28.83069,-4.44023,-6.15093,29.81205,-8.75536,78.093
2456,53:00.4,28.83069,-4.44023,-6.15093,29.81205,-8.75536,78.093
2457,53:00.4,28.60891,-5.00706,-6.15893,29.68961,-9.92723,78.02739
2458,53:00.4,28.60891,-5.00706,-6.15893,29.68961,-9.92723,78.02739
2459,53:00.5,28.60891,-5.00706,-6.15893,29.68961,-9.92723,78.02739
2460,53:00.5,28.38714,-5.5739,-6.16493,29.57878,-11.10888,77.96998
2461,53:00.5,28.38714,-5.5739,-6.16493,29.57878,-11.10888,77.96998
2462,53:00.6,28.38714,-5.5739,-6.16493,29.57878,-11.10888,77.96998
2463,53:00.6,28.16536,-6.14074,-6.16793,29.47948,-12.29941,77.92288
2464,53:00.6,28.16536,-6.14074,-6.16793,29.47948,-12.29941,77.92288
2465,53:00.7,28.16536,-6.14074,-6.16793,29.47948,-12.29941,77.92288
2466,53:00.7,27.94359,-6.70758,-6.17694,29.39371,-13.4979,77.86916
2467,53:00.7,27.94359,-6.70758,-6.17694,29.39371,-13.4979,77.86916
2468,53:00.8,27.94359,-6.70758,-6.17694,29.39371,-13.4979,77.86916
2469,53:00.8,27.72181,-7.27441,-6.18794,29.32075,-14.70335,77.81653
2470,53:00.8,27.72181,-7.27441,-6.18794,29.32075,-14.70335,77.81653
2471,53:00.9,27.72181,-7.27441,-6.18794,29.32075,-14.70335,77.81653
2472,53:00.9,27.50004,-7.93572,-6.19094,29.28405,-16.09663,77.79502
2473,53:00.9,27.50004,-7.93572,-6.19094,29.28405,-16.09663,77.79502
2474,53:01.0,27.50004,-7.93572,-6.19094,29.28405,-16.09663,77.79502
2475,53:01.0,27.27826,-8.50256,-6.19794,29.23716,-17.31212,77.7611
2476,53:01.0,27.27826,-8.50256,-6.19794,29.23716,-17.31212,77.7611
2477,53:01.1,27.27826,-8.50256,-6.19794,29.23716,-17.31212,77.7611
2478,53:01.1,26.9456,-9.16387,-6.19794,29.12828,-18.78255,77.71464
2479,53:01.1,26.9456,-9.16387,-6.19694,29.12806,-18.78255,77.71656
2480,53:01.2,26.9456,-9.16387,-6.19694,29.12806,-18.78255,77.71656
2481,53:01.2,26.72383,-9.82518,-6.19394,29.13867,-20.18627,77.72714
2482,53:01.2,26.72383,-9.82518,-6.19494,29.13888,-20.18627,77.72522
2483,53:01.3,26.72383,-9.82518,-6.19494,29.13888,-20.18627,77.72522
2484,53:01.3,26.50205,-10.39202,-6.19194,29.13233,-21.4112,77.72845
2485,53:01.3,26.50205,-10.39202,-6.19194,29.13233,-21.4112,77.72845
2486,53:01.4,26.50205,-10.39202,-6.19194,29.13233,-21.4112,77.72845
2487,53:01.4,26.28028,-11.05333,-6.19094,29.17459,-22.81134,77.74851
2488,53:01.4,26.28028,-11.05333,-6.19094,29.17459,-22.81134,77.74851
2489,53:01.5,26.28028,-11.05333,-6.19094,29.17459,-22.81134,77.74851
2490,53:01.5,26.0585,-11.62017,-6.19194,29.19613,-24.03334,77.75568
2491,53:01.5,26.0585,-11.62017,-6.19194,29.19613,-24.03334,77.75568
2492,53:01.6,26.0585,-11.62017,-6.19194,29.19613,-24.03334,77.75568
2493,53:01.6,25.72584,-12.28148,-6.19094,29.17158,-25.51974,77.74723
2494,53:01.6,25.72584,-12.28148,-6.19094,29.17158,-25.51974,77.74723
2495,53:01.7,25.72584,-12.28148,-6.19094,29.17158,-25.51974,77.74723
2496,53:01.7,25.50406,-12.94279,-6.19394,29.26325,-26.90685,77.7802
2497,53:01.7,25.50406,-12.94279,-6.19394,29.26325,-26.90685,77.7802
2498,53:01.8,25.50406,-12.94279,-6.19394,29.26325,-26.90685,77.7802
2499,53:01.8,25.28229,-13.6041,-6.20794,29.37353,-28.28416,77.79884
2500,53:01.8,25.28229,-13.6041,-6.20794,29.37353,-28.28416,77.79884
2501,53:01.9,25.28229,-13.6041,-6.20794,29.37353,-28.28416,77.79884
2502,53:01.9,25.06051,-14.26541,-6.21293,29.49799,-29.65019,77.84118
2503,53:01.9,25.06051,-14.26541,-6.21293,29.49799,-29.65019,77.84118
2504,53:02.0,25.06051,-14.26541,-6.21293,29.49799,-29.65019,77.84118
2505,53:02.0,24.72785,-14.92672,-6.21693,29.54528,-31.11686,77.853
2506,53:02.0,24.72785,-14.92672,-6.21693,29.54528,-31.11686,77.853
2507,53:02.1,24.72785,-14.92672,-6.21693,29.54528,-31.11686,77.853
2508,53:02.1,24.50607,-15.49355,-6.21593,29.65191,-32.30243,77.89932
2509,53:02.1,24.50607,-15.49355,-6.21593,29.65191,-32.30243,77.89932
2510,53:02.2,24.50607,-15.49355,-6.21593,29.65191,-32.30243,77.89932
2511,53:02.2,24.2843,-16.15486,-6.21393,29.82146,-33.6334,77.97308
2512,53:02.2,24.2843,-16.15486,-6.21393,29.82146,-33.6334,77.97308
2513,53:02.3,24.2843,-16.15486,-6.21393,29.82146,-33.6334,77.97308
2514,53:02.3,24.06252,-16.81617,-6.21093,30.00607,-34.9479,78.05403
2515,53:02.3,24.06252,-16.81617,-6.21093,30.00607,-34.9479,78.05403
2516,53:02.4,24.06252,-16.81617,-6.21093,30.00607,-34.9479,78.05403
2517,53:02.4,23.84075,-17.47748,-6.20693,30.20546,-36.24488,78.14179
2518,53:02.4,23.84075,-17.47748,-6.20693,30.20546,-36.24488,78.14179
2519,53:02.5,23.84075,-17.47748,-6.20693,30.20546,-36.24488,78.14179
2520,53:02.5,23.61897,-18.13879,-6.20093,30.41912,-37.52338,78.23783
2521,53:02.5,23.61897,-18.13879,-6.20093,30.41912,-37.52338,78.23783
2522,53:02.6,23.61897,-18.13879,-6.20093,30.41912,-37.52338,78.23783
2523,53:02.6,23.28631,-18.8001,-6.18793,30.56119,-38.91552,78.31817
2524,53:02.6,23.28631,-18.8001,-6.18793,30.56119,-38.91552,78.31817
2525,53:02.7,23.28631,-18.8001,-6.18793,30.56119,-38.91552,78.31817
2526,53:02.7,23.06453,-19.46141,-6.18493,30.8054,-40.15703,78.41777
2527,53:02.7,23.06453,-19.46141,-6.18593,30.8056,-40.15703,78.41594
2528,53:02.8,23.06453,-19.46141,-6.18593,30.8056,-40.15703,78.41594
2529,53:02.8,22.84276,-20.12272,-6.18693,31.06435,-41.37758,78.51187
2530,53:02.8,22.84276,-20.12272,-6.18693,31.06435,-41.37758,78.51187
2531,53:02.9,22.84276,-20.12272,-6.18693,31.06435,-41.37758,78.51187
2532,53:02.9,22.62098,-20.68956,-6.18793,31.2739,-42.4466,78.58802
2533,53:02.9,22.62098,-20.68956,-6.18693,31.27371,-42.4466,78.58982
2534,53:03.0,22.62098,-20.68956,-6.18693,31.27371,-42.4466,78.58982
2535,53:03.0,22.39921,-21.35087,-6.18792,31.55748,-43.62734,78.69193
2536,53:03.0,22.39921,-21.35087,-6.18792,31.55748,-43.62734,78.69193
2537,53:03.1,22.39921,-21.35087,-6.18792,31.55748,-43.62734,78.69193
2538,53:03.1,22.28832,-21.9177,-6.19092,31.86663,-44.51966,78.79757
2539,53:03.1,22.28832,-21.9177,-6.19092,31.86663,-44.51966,78.79757
2540,53:03.2,22.28832,-21.9177,-6.19092,31.86663,-44.51966,78.79757
2541,53:03.2,22.06654,-22.57901,-6.19092,32.17253,-45.65765,78.90544
2542,53:03.2,22.06654,-22.57901,-6.19092,32.17253,-45.65765,78.90544
2543,53:03.3,22.06654,-22.57901,-6.19092,32.17253,-45.65765,78.90544
2544,53:03.3,21.95565,-23.14585,-6.18692,32.49706,-46.51165,79.02481
2545,53:03.3,21.95565,-23.14585,-6.18692,32.49706,-46.51165,79.02481
2546,53:03.4,21.95565,-23.14585,-6.18692,32.49706,-46.51165,79.02481
2547,53:03.4,21.95565,-23.71269,-6.18492,32.90282,-47.2033,79.16535
2548,53:03.4,21.95565,-23.71269,-6.18492,32.90282,-47.2033,79.16535
2549,53:03.5,21.95565,-23.71269,-6.18492,32.90282,-47.2033,79.16535
2550,53:03.5,21.84476,-24.27953,-6.18192,33.24011,-48.02167,79.28187
2551,53:03.5,21.84476,-24.27953,-6.18192,33.24011,-48.02167,79.28187
2552,53:03.6,21.84476,-24.27953,-6.18192,33.24011,-48.02167,79.28187
2553,53:03.6,21.84476,-24.94084,-6.17891,33.72563,-48.78607,79.44314
2554,53:03.6,21.84476,-24.94084,-6.17791,33.72544,-48.78607,79.44481
2555,53:03.7,21.84476,-24.94084,-6.17791,33.72544,-48.78607,79.44481
2556,53:03.7,21.95565,-25.50767,-6.17891,34.21799,-49.27988,79.59675
2557,53:03.7,21.95565,-25.50767,-6.17991,34.21817,-49.27988,79.5951
2558,53:03.8,21.95565,-25.50767,-6.17991,34.21817,-49.27988,79.5951
2559,53:03.8,22.06653,-26.07451,-6.18091,34.71333,-49.75918,79.74347
2560,53:03.8,22.06653,-26.07451,-6.18091,34.71333,-49.75918,79.74347
2561,53:03.9,22.06653,-26.07451,-6.18091,34.71333,-49.75918,79.74347
2562,53:03.9,22.17742,-26.54687,-6.18791,35.14064,-50.12441,79.85792
2563,53:03.9,22.17742,-26.54687,-6.18791,35.14064,-50.12441,79.85792
2564,53:04.0,22.17742,-26.54687,-6.18791,35.14064,-50.12441,79.85792
2565,53:04.0,22.39919,-27.11371,-6.1969,35.71105,-50.43919,80.00693
2566,53:04.0,22.39919,-27.11371,-6.1969,35.71105,-50.43919,80.00693
2567,53:04.1,22.39919,-27.11371,-6.1969,35.71105,-50.43919,80.00693
2568,53:04.1,22.62097,-27.58608,-6.1989,36.20948,-50.64777,80.14266
2569,53:04.1,22.62097,-27.58608,-6.1989,36.20948,-50.64777,80.14266
2570,53:04.2,22.62097,-27.58608,-6.1989,36.20948,-50.64777,80.14266
2571,53:04.2,22.95363,-28.15292,-6.1949,36.84878,-50.80896,80.32166
2572,53:04.2,22.95363,-28.15292,-6.1949,36.84878,-50.80896,80.32166
2573,53:04.3,22.95363,-28.15292,-6.1949,36.84878,-50.80896,80.32166
2574,53:04.3,23.1754,-28.53081,-6.18589,37.27427,-50.91326,80.44722
2575,53:04.3,23.1754,-28.53081,-6.18589,37.27427,-50.91326,80.44722
2576,53:04.4,23.1754,-28.53081,-6.18589,37.27427,-50.91326,80.44722
2577,53:04.4,23.61895,-28.9087,-6.17289,37.83744,-50.75054,80.61066
2578,53:04.4,23.61895,-28.9087,-6.17289,37.83744,-50.75054,80.61066
2579,53:04.5,23.61895,-28.9087,-6.17289,37.83744,-50.75054,80.61066
2580,53:04.5,23.95161,-29.28659,-6.16189,38.33214,-50.72249,80.74957
2581,53:04.5,23.95161,-29.28659,-6.16289,38.3323,-50.72249,80.7481
2582,53:04.6,23.95161,-29.28659,-6.16289,38.3323,-50.72249,80.7481
2583,53:04.6,24.39516,-29.57001,-6.13888,38.82261,-50.47749,80.90183
2584,53:04.6,24.39516,-29.57001,-6.13888,38.82261,-50.47749,80.90183
2585,53:04.7,24.39516,-29.57001,-6.13888,38.82261,-50.47749,80.90183
2586,53:04.7,24.8387,-29.85343,-6.12788,39.31589,-50.23881,81.03317
2587,53:04.7,24.8387,-29.85343,-6.12688,39.31574,-50.23881,81.03461
2588,53:04.8,24.8387,-29.85343,-6.12688,39.31574,-50.23881,81.03461
2589,53:04.8,25.28225,-30.04238,-6.11188,39.73779,-49.91761,81.15249
2590,53:04.8,25.28225,-30.04238,-6.11188,39.73779,-49.91761,81.15249
2591,53:04.9,25.28225,-30.04238,-6.11188,39.73779,-49.91761,81.15249
2592,53:04.9,25.7258,-30.23133,-6.09588,40.16105,-49.60338,81.26957
2593,53:04.9,25.7258,-30.23133,-6.09588,40.16105,-49.60338,81.26957
2594,53:05.0,25.7258,-30.23133,-6.09588,40.16105,-49.60338,81.26957
2595,53:05.0,26.28024,-30.3258,-6.04987,40.58209,-49.08791,81.42653
2596,53:05.0,26.28024,-30.3258,-6.04987,40.58209,-49.08791,81.42653
2597,53:05.1,26.28024,-30.3258,-6.04987,40.58209,-49.08791,81.42653
2598,53:05.1,26.72379,-30.42028,-6.04587,40.94028,-48.70115,81.50776
2599,53:05.1,26.72379,-30.42028,-6.04587,40.94028,-48.70115,81.50776
2600,53:05.2,26.72379,-30.42028,-6.04587,40.94028,-48.70115,81.50776
2601,53:05.2,27.16733,-30.3258,-6.05487,41.16285,-48.14447,81.54136
2602,53:05.2,27.16733,-30.3258,-6.05487,41.16285,-48.14447,81.54136
2603,53:05.3,27.16733,-30.3258,-6.05487,41.16285,-48.14447,81.54136
2604,53:05.3,27.61088,-30.3258,-6.06487,41.45839,-47.68293,81.58812
2605,53:05.3,27.61088,-30.3258,-6.06487,41.45839,-47.68293,81.58812
2606,53:05.4,27.61088,-30.3258,-6.06487,41.45839,-47.68293,81.58812
2607,53:05.4,28.16532,-30.23133,-6.11087,41.76795,-47.02622,81.58714
2608,53:05.4,28.16532,-30.23133,-6.11087,41.76795,-47.02622,81.58714
2609,53:05.5,28.16532,-30.23133,-6.11087,41.76795,-47.02622,81.58714
2610,53:05.5,28.49798,-30.04239,-6.12387,41.85907,-46.51122,81.5876
2611,53:05.5,28.49798,-30.04239,-6.12487,41.85922,-46.51122,81.58624
2612,53:05.6,28.49798,-30.04239,-6.12487,41.85922,-46.51122,81.58624
2613,53:05.6,28.94153,-29.85344,-6.14086,42.03035,-45.88859,81.5987
2614,53:05.6,28.94153,-29.85344,-6.14086,42.03035,-45.88859,81.5987
2615,53:05.7,28.94153,-29.85344,-6.14086,42.03035,-45.88859,81.5987
2616,53:05.7,29.2742,-29.57003,-6.15886,42.06301,-45.28804,81.58049
2617,53:05.7,29.2742,-29.57003,-6.15786,42.06286,-45.28804,81.58183
2618,53:05.8,29.2742,-29.57003,-6.15786,42.06286,-45.28804,81.58183
2619,53:05.8,29.71775,-29.28661,-6.19286,42.18058,-44.58136,81.55744
2620,53:05.8,29.71775,-29.28661,-6.19286,42.18058,-44.58136,81.55744
2621,53:05.9,29.71775,-29.28661,-6.19286,42.18058,-44.58136,81.55744
2622,53:05.9,30.05041,-29.00319,-6.20686,42.22247,-43.98406,81.54667
2623,53:05.9,30.05041,-29.00319,-6.20686,42.22247,-43.98406,81.54667
2624,53:06.0,30.05041,-29.00319,-6.20686,42.22247,-43.98406,81.54667
2625,53:06.0,30.27218,-28.6253,-6.21886,42.12466,-43.39832,81.51039
2626,53:06.0,30.27218,-28.6253,-6.21886,42.12466,-43.39832,81.51039
2627,53:06.1,30.27218,-28.6253,-6.21886,42.12466,-43.39832,81.51039
2628,53:06.1,30.49396,-28.34188,-6.22986,42.0946,-42.90519,81.48915
2629,53:06.1,30.49396,-28.34188,-6.22986,42.0946,-42.90519,81.48915
2630,53:06.2,30.49396,-28.34188,-6.22986,42.0946,-42.90519,81.48915
2631,53:06.2,30.71573,-27.96399,-6.25286,42.00642,-42.31512,81.43942
2632,53:06.2,30.71573,-27.96399,-6.25286,42.00642,-42.31512,81.43942
2633,53:06.3,30.71573,-27.96399,-6.25286,42.00642,-42.31512,81.43942
2634,53:06.3,30.82662,-27.5861,-6.25787,41.83819,-41.8247,81.39782
2635,53:06.3,30.82662,-27.5861,-6.25687,41.83804,-41.8247,81.39917
2636,53:06.4,30.82662,-27.5861,-6.25687,41.83804,-41.8247,81.39917
2637,53:06.4,30.93751,-27.20821,-6.25487,41.67181,-41.33024,81.36738
2638,53:06.4,30.93751,-27.20821,-6.25487,41.67181,-41.33024,81.36738
2639,53:06.5,30.93751,-27.20821,-6.25487,41.67181,-41.33024,81.36738
2640,53:06.5,31.0484,-26.83032,-6.24787,41.50789,-40.83177,81.3428
2641,53:06.5,31.0484,-26.83032,-6.24787,41.50789,-40.83177,81.3428
2642,53:06.6,31.0484,-26.83032,-6.24787,41.50789,-40.83177,81.3428
2643,53:06.6,31.0484,-26.5469,-6.20287,41.31848,-40.53099,81.36592
2644,53:06.6,31.0484,-26.5469,-6.20287,41.31848,-40.53099,81.36592
2645,53:06.7,31.0484,-26.5469,-6.20287,41.31848,-40.53099,81.36592
2646,53:06.7,31.0484,-26.16901,-6.18887,41.07459,-40.12571,81.33402
2647,53:06.7,31.0484,-26.16901,-6.18987,41.07474,-40.12571,81.33264
2648,53:06.8,31.0484,-26.16901,-6.18987,41.07474,-40.12571,81.33264
2649,53:06.8,30.93751,-25.79111,-6.17487,40.7485,-39.81634,81.28404
2650,53:06.8,30.93751,-25.79111,-6.17487,40.7485,-39.81634,81.28404
2651,53:06.9,30.93751,-25.79111,-6.17487,40.7485,-39.81634,81.28404
2652,53:06.9,30.93752,-25.5077,-6.16287,40.56789,-39.50527,81.26208
2653,53:06.9,30.93752,-25.5077,-6.16287,40.56789,-39.50527,81.26208
2654,53:07.0,30.93752,-25.5077,-6.16287,40.56789,-39.50527,81.26208
2655,53:07.0,30.71574,-25.22428,-6.12888,40.21547,-39.39341,81.23391
2656,53:07.0,30.71574,-25.22428,-6.12888,40.21547,-39.39341,81.23391
2657,53:07.1,30.71574,-25.22428,-6.12888,40.21547,-39.39341,81.23391
2658,53:07.1,30.60485,-24.94086,-6.11888,39.95177,-39.17767,81.1901
2659,53:07.1,30.60485,-24.94086,-6.11888,39.95177,-39.17767,81.1901
2660,53:07.2,30.60485,-24.94086,-6.11888,39.95177,-39.17767,81.1901
2661,53:07.2,30.49397,-24.65744,-6.10888,39.68866,-38.95902,81.14583
2662,53:07.2,30.49397,-24.65744,-6.10888,39.68866,-38.95902,81.14583
2663,53:07.3,30.49397,-24.65744,-6.10888,39.68866,-38.95902,81.14583
2664,53:07.3,30.27219,-24.37402,-6.10188,39.34122,-38.83969,81.07732
2665,53:07.3,30.27219,-24.37402,-6.10188,39.34122,-38.83969,81.07732
2666,53:07.4,30.27219,-24.37402,-6.10188,39.34122,-38.83969,81.07732
2667,53:07.4,30.05042,-24.18507,-6.09488,39.05244,-38.82768,81.02119
2668,53:07.4,30.05042,-24.18507,-6.09488,39.05244,-38.82768,81.02119
2669,53:07.5,30.05042,-24.18507,-6.09488,39.05244,-38.82768,81.02119
2670,53:07.5,29.93953,-23.99613,-6.10688,38.85207,-38.7117,80.95658
2671,53:07.5,29.93953,-23.99613,-6.10688,38.85207,-38.7117,80.95658
2672,53:07.6,29.93953,-23.99613,-6.10688,38.85207,-38.7117,80.95658
2673,53:07.6,29.71776,-23.80718,-6.12789,38.56784,-38.69855,80.85776
2674,53:07.6,29.71776,-23.80718,-6.12789,38.56784,-38.69855,80.85776
2675,53:07.7,29.71776,-23.80718,-6.12789,38.56784,-38.69855,80.85776
2676,53:07.7,29.49599,-23.61823,-6.14789,38.28356,-38.6852,80.75896
2677,53:07.7,29.49599,-23.61823,-6.14789,38.28356,-38.6852,80.75896
2678,53:07.8,29.49599,-23.61823,-6.14789,38.28356,-38.6852,80.75896
2679,53:07.8,29.27421,-23.33481,-6.19689,37.94594,-38.55876,80.60102
2680,53:07.8,29.27421,-23.33481,-6.19689,37.94594,-38.55876,80.60102
2681,53:07.9,29.27421,-23.33481,-6.19689,37.94594,-38.55876,80.60102
2682,53:07.9,29.05244,-23.14587,-6.20989,37.66083,-38.54408,80.50916
2683,53:07.9,29.05244,-23.14587,-6.20989,37.66083,-38.54408,80.50916
2684,53:08.0,29.05244,-23.14587,-6.20989,37.66083,-38.54408,80.50916
2685,53:08.0,28.83066,-22.86245,-6.22289,37.31787,-38.41409,80.40087
2686,53:08.0,28.83066,-22.86245,-6.22289,37.31787,-38.41409,80.40087
2687,53:08.1,28.83066,-22.86245,-6.22289,37.31787,-38.41409,80.40087
2688,53:08.1,28.60889,-22.57903,-6.2259,36.97354,-38.2816,80.3059
2689,53:08.1,28.60889,-22.57903,-6.2259,36.97354,-38.2816,80.3059
2690,53:08.2,28.60889,-22.57903,-6.2259,36.97354,-38.2816,80.3059
2691,53:08.2,28.38712,-22.29561,-6.2289,36.62952,-38.14655,80.2092
2692,53:08.2,28.38712,-22.29561,-6.2289,36.62952,-38.14655,80.2092
2693,53:08.3,28.38712,-22.29561,-6.2289,36.62952,-38.14655,80.2092
2694,53:08.3,28.05445,-22.01219,-6.2249,36.1986,-38.11857,80.0979
2695,53:08.3,28.05445,-22.01219,-6.2249,36.1986,-38.11857,80.0979
2696,53:08.4,28.05445,-22.01219,-6.2249,36.1986,-38.11857,80.0979
2697,53:08.4,27.72179,-21.72877,-6.2139,35.7666,-38.0899,79.99496
2698,53:08.4,27.72179,-21.72877,-6.2139,35.7666,-38.0899,79.99496
2699,53:08.5,27.72179,-21.72877,-6.2139,35.7666,-38.0899,79.99496
2700,53:08.5,27.50002,-21.44535,-6.2069,35.42146,-37.94819,79.90795
2701,53:08.5,27.50002,-21.44535,-6.2069,35.42146,-37.94819,79.90795
2702,53:08.6,27.50002,-21.44535,-6.2069,35.42146,-37.94819,79.90795
2703,53:08.6,27.16736,-21.16193,-6.18291,34.98744,-37.9167,79.82136
2704,53:08.6,27.16736,-21.16193,-6.18291,34.98744,-37.9167,79.82136
2705,53:08.7,27.16736,-21.16193,-6.18291,34.98744,-37.9167,79.82136
2706,53:08.7,26.72381,-20.78404,-6.18091,34.41427,-37.87345,79.65336
2707,53:08.7,26.72381,-20.78404,-6.18091,34.41427,-37.87345,79.65336
2708,53:08.8,26.72381,-20.78404,-6.18091,34.41427,-37.87345,79.65336
2709,53:08.8,26.39115,-20.50062,-6.17791,33.98433,-37.84003,79.52613
2710,53:08.8,26.39115,-20.50062,-6.17791,33.98433,-37.84003,79.52613
2711,53:08.9,26.39115,-20.50062,-6.17791,33.98433,-37.84003,79.52613
2712,53:08.9,26.05849,-20.12273,-6.17391,33.49755,-37.67582,79.37913
2713,53:08.9,26.05849,-20.12273,-6.17391,33.49755,-37.67582,79.37913
2714,53:09.0,26.05849,-20.12273,-6.17391,33.49755,-37.67582,79.37913
2715,53:09.0,25.61494,-19.74484,-6.16492,32.924,-37.62621,79.20784
2716,53:09.0,25.61494,-19.74484,-6.16492,32.924,-37.62621,79.20784
2717,53:09.1,25.61494,-19.74484,-6.16492,32.924,-37.62621,79.20784
2718,53:09.1,25.17139,-19.36694,-6.16092,32.35173,-37.57479,79.02179
2719,53:09.1,25.17139,-19.36694,-6.16092,32.35173,-37.57479,79.02179
2720,53:09.2,25.17139,-19.36694,-6.16092,32.35173,-37.57479,79.02179
2721,53:09.2,24.83873,-18.98905,-6.15592,31.866,-37.39768,78.86149
2722,53:09.2,24.83873,-18.98905,-6.15592,31.866,-37.39768,78.86149
2723,53:09.3,24.83873,-18.98905,-6.15592,31.866,-37.39768,78.86149
2724,53:09.3,24.39518,-18.61116,-6.15193,31.29451,-37.34012,78.66287
2725,53:09.3,24.39518,-18.61116,-6.15193,31.29451,-37.34012,78.66287
2726,53:09.4,24.39518,-18.61116,-6.15193,31.29451,-37.34012,78.66287
2727,53:09.4,23.95163,-18.13879,-6.14693,30.66727,-37.13698,78.43734
2728,53:09.4,23.95163,-18.13879,-6.14693,30.66727,-37.13698,78.43734
2729,53:09.5,23.95163,-18.13879,-6.14693,30.66727,-37.13698,78.43734
2730,53:09.5,23.61897,-17.7609,-6.14993,30.18488,-36.94229,78.24413
2731,53:09.5,23.61897,-17.7609,-6.14993,30.18488,-36.94229,78.24413
2732,53:09.6,23.61897,-17.7609,-6.14993,30.18488,-36.94229,78.24413
2733,53:09.6,23.17542,-17.28854,-6.15693,29.56183,-36.72241,77.97883
2734,53:09.6,23.17542,-17.28854,-6.15693,29.56183,-36.72241,77.97883
2735,53:09.7,23.17542,-17.28854,-6.15693,29.56183,-36.72241,77.97883
2736,53:09.7,22.73188,-16.81617,-6.16294,28.93965,-36.49262,77.70423
2737,53:09.7,22.73188,-16.81617,-6.16294,28.93965,-36.49262,77.70423
2738,53:09.8,22.73188,-16.81617,-6.16294,28.93965,-36.49262,77.70423
2739,53:09.8,22.28833,-16.34381,-6.17794,28.3206,-36.25222,77.40002
2740,53:09.8,22.28833,-16.34381,-6.17794,28.3206,-36.25222,77.40002
2741,53:09.9,22.28833,-16.34381,-6.17794,28.3206,-36.25222,77.40002
2742,53:09.9,21.84478,-15.87144,-6.17294,27.69842,-36.00048,77.12277
2743,53:09.9,21.84478,-15.87144,-6.17294,27.69842,-36.00048,77.12277
2744,53:10.0,21.84478,-15.87144,-6.17294,27.69842,-36.00048,77.12277
2745,53:10.0,21.40123,-15.39908,-6.16495,27.07676,-35.73659,76.83924
2746,53:10.0,21.40123,-15.39908,-6.16495,27.07676,-35.73659,76.83924
2747,53:10.1,21.40123,-15.39908,-6.16495,27.07676,-35.73659,76.83924
2748,53:10.1,20.95768,-14.83224,-6.15795,26.40341,-35.28793,76.51296
2749,53:10.1,20.95768,-14.83224,-6.15795,26.40341,-35.28793,76.51296
2750,53:10.2,20.95768,-14.83224,-6.15795,26.40341,-35.28793,76.51296
2751,53:10.2,20.51413,-14.35987,-6.14795,25.78435,-34.99198,76.20568
2752,53:10.2,20.51413,-14.35987,-6.14795,25.78435,-34.99198,76.20568
2753,53:10.3,20.51413,-14.35987,-6.14795,25.78435,-34.99198,76.20568
2754,53:10.3,20.07059,-13.79304,-6.14595,25.11671,-34.49787,75.83614
2755,53:10.3,20.07059,-13.79304,-6.14595,25.11671,-34.49787,75.83614
2756,53:10.4,20.07059,-13.79304,-6.14595,25.11671,-34.49787,75.83614
2757,53:10.4,19.62704,-13.32067,-6.14196,24.50274,-34.16434,75.48319
2758,53:10.4,19.62704,-13.32067,-6.14196,24.50274,-34.16434,75.48319
2759,53:10.5,19.62704,-13.32067,-6.14196,24.50274,-34.16434,75.48319
2760,53:10.5,19.29438,-12.75383,-6.13996,23.92974,-33.46522,75.13261
2761,53:10.5,19.29438,-12.75383,-6.13996,23.92974,-33.46522,75.13261
2762,53:10.6,19.29438,-12.75383,-6.13996,23.92974,-33.46522,75.13261
2763,53:10.6,18.96172,-12.187,-6.13096,23.35933,-32.7295,74.78374
2764,53:10.6,18.96172,-12.187,-6.13096,23.35933,-32.7295,74.78374
2765,53:10.7,18.96172,-12.187,-6.13096,23.35933,-32.7295,74.78374
2766,53:10.7,18.51817,-11.62016,-6.13296,22.70603,-32.10829,74.32962
2767,53:10.7,18.51817,-11.62016,-6.13396,22.7063,-32.10829,74.32719
2768,53:10.8,18.51817,-11.62016,-6.13396,22.7063,-32.10829,74.32719
2769,53:10.8,18.18551,-10.95885,-6.13596,22.10111,-31.07377,73.8811
2770,53:10.8,18.18551,-10.95885,-6.13496,22.10083,-31.07377,73.88359
2771,53:10.9,18.18551,-10.95885,-6.13496,22.10083,-31.07377,73.88359
2772,53:10.9,17.85284,-10.39201,-6.13497,21.54892,-30.20337,73.45911
2773,53:10.9,17.85284,-10.39201,-6.13497,21.54892,-30.20337,73.45911
2774,53:11.0,17.85284,-10.39201,-6.13497,21.54892,-30.20337,73.45911
2775,53:11.0,17.63107,-9.7307,-6.13197,21.05094,-28.89459,73.06469
2776,53:11.0,17.63107,-9.7307,-6.13197,21.05094,-28.89459,73.06469
2777,53:11.1,17.63107,-9.7307,-6.13197,21.05094,-28.89459,73.06469
2778,53:11.1,17.29841,-9.16386,-6.12797,20.51252,-27.91249,72.61788
2779,53:11.1,17.29841,-9.16386,-6.12797,20.51252,-27.91249,72.61788
2780,53:11.2,17.29841,-9.16386,-6.12797,20.51252,-27.91249,72.61788
2781,53:11.2,17.07664,-8.50255,-6.12097,20.03425,-26.46897,72.21023
2782,53:11.2,17.07664,-8.50255,-6.12097,20.03425,-26.46897,72.21023
2783,53:11.3,17.07664,-8.50255,-6.12097,20.03425,-26.46897,72.21023
2784,53:11.3,16.96575,-7.93572,-6.11797,19.70385,-25.06781,71.91086
2785,53:11.3,16.96575,-7.93572,-6.11797,19.70385,-25.06781,71.91086
2786,53:11.4,16.96575,-7.93572,-6.11797,19.70385,-25.06781,71.91086
2787,53:11.4,16.74397,-7.27441,-6.12297,19.25535,-23.4825,71.4587
2788,53:11.4,16.74397,-7.27441,-6.12197,19.25503,-23.4825,71.46152
2789,53:11.5,16.74397,-7.27441,-6.12197,19.25503,-23.4825,71.46152
2790,53:11.5,16.63309,-6.70757,-6.12297,18.95104,-21.96258,71.14984
2791,53:11.5,16.63309,-6.70757,-6.12297,18.95104,-21.96258,71.14984
2792,53:11.6,16.63309,-6.70757,-6.12297,18.95104,-21.96258,71.14984
2793,53:11.6,16.5222,-6.04626,-6.12598,18.62976,-20.09998,70.80238
2794,53:11.6,16.5222,-6.04626,-6.12598,18.62976,-20.09998,70.80238
2795,53:11.7,16.5222,-6.04626,-6.12598,18.62976,-20.09998,70.80238
2796,53:11.7,16.41131,-5.47942,-6.12498,18.35404,-18.46318,70.50572
2797,53:11.7,16.41131,-5.47942,-6.12598,18.35437,-18.46318,70.50278
2798,53:11.8,16.41131,-5.47942,-6.12598,18.35437,-18.46318,70.50278
2799,53:11.8,16.30043,-4.81811,-6.11998,18.06578,-16.46673,70.1986
2800,53:11.8,16.30043,-4.81811,-6.11998,18.06578,-16.46673,70.1986
2801,53:11.9,16.30043,-4.81811,-6.11998,18.06578,-16.46673,70.1986
2802,53:11.9,16.30043,-4.25128,-6.11998,17.92293,-14.61755,70.0341
2803,53:11.9,16.30043,-4.25128,-6.11998,17.92293,-14.61755,70.0341
2804,53:12.0,16.30043,-4.25128,-6.11998,17.92293,-14.61755,70.0341
2805,53:12.0,16.18954,-3.58997,-6.12398,17.67745,-12.50281,69.73096
2806,53:12.0,16.18954,-3.58997,-6.12398,17.67745,-12.50281,69.73096
2807,53:12.1,16.18954,-3.58997,-6.12398,17.67745,-12.50281,69.73096
2808,53:12.1,16.18954,-3.02313,-6.12398,17.5711,-10.57722,69.60284
2809,53:12.1,16.18954,-3.02313,-6.12398,17.5711,-10.57722,69.60284
2810,53:12.2,16.18954,-3.02313,-6.12398,17.5711,-10.57722,69.60284
2811,53:12.2,16.18954,-2.45629,-6.12098,17.48145,-8.62718,69.50403
2812,53:12.2,16.18954,-2.45629,-6.12098,17.48145,-8.62718,69.50403
2813,53:12.3,16.18954,-2.45629,-6.12098,17.48145,-8.62718,69.50403
2814,53:12.3,16.30043,-1.88946,-6.11898,17.51331,-6.6119,69.54997
2815,53:12.3,16.30043,-1.88946,-6.11898,17.51331,-6.6119,69.54997
2816,53:12.4,16.30043,-1.88946,-6.11898,17.51331,-6.6119,69.54997
2817,53:12.4,16.41132,-1.22815,-6.11798,17.5576,-4.27977,69.60734
2818,53:12.4,16.41132,-1.22815,-6.11798,17.5576,-4.27977,69.60734
2819,53:12.5,16.41132,-1.22815,-6.11798,17.5576,-4.27977,69.60734
2820,53:12.5,16.5222,-0.75578,-6.11898,17.63509,-2.61908,69.69744
2821,53:12.5,16.5222,-0.75578,-6.11898,17.63509,-2.61908,69.69744
2822,53:12.6,16.5222,-0.75578,-6.11898,17.63509,-2.61908,69.69744
2823,53:12.6,16.74398,-0.18895,-6.12398,17.82974,-0.64652,69.91158
2824,53:12.6,16.74398,-0.18895,-6.12398,17.82974,-0.64652,69.91158
2825,53:12.7,16.74398,-0.18895,-6.12398,17.82974,-0.64652,69.91158
2826,53:12.7,16.96575,0.28342,-6.12398,18.03941,0.95706,70.15494
2827,53:12.7,16.96575,0.28342,-6.12398,18.03941,0.95706,70.15494
2828,53:12.8,16.96575,0.28342,-6.12398,18.03941,0.95706,70.15494
2829,53:12.8,17.18753,0.85026,-6.12198,18.26506,2.83207,70.41687
2830,53:12.8,17.18753,0.85026,-6.12198,18.26506,2.83207,70.41687
2831,53:12.9,17.18753,0.85026,-6.12198,18.26506,2.83207,70.41687
2832,53:12.9,17.52019,1.22815,-6.11898,18.59858,4.00981,70.79177
2833,53:12.9,17.52019,1.22815,-6.11898,18.59858,4.00981,70.79177
2834,53:13.0,17.52019,1.22815,-6.11898,18.59858,4.00981,70.79177
2835,53:13.0,17.85285,1.70051,-6.11297,18.94688,5.44109,71.1775
2836,53:13.0,17.85285,1.70051,-6.11297,18.94688,5.44109,71.1775
2837,53:13.1,17.85285,1.70051,-6.11297,18.94688,5.44109,71.1775
2838,53:13.1,18.18551,2.0784,-6.10897,19.29643,6.51998,71.54343
2839,53:13.1,18.18551,2.0784,-6.10897,19.29643,6.51998,71.54343
2840,53:13.2,18.18551,2.0784,-6.10897,19.29643,6.51998,71.54343
2841,53:13.2,18.62906,2.45629,-6.10497,19.75717,7.51128,72.00101
2842,53:13.2,18.62906,2.45629,-6.10497,19.75717,7.51128,72.00101
2843,53:13.3,18.62906,2.45629,-6.10497,19.75717,7.51128,72.00101
2844,53:13.3,18.96172,2.73971,-6.09897,20.10598,8.22157,72.34161
2845,53:13.3,18.96172,2.73971,-6.09897,20.10598,8.22157,72.34161
2846,53:13.4,18.96172,2.73971,-6.09897,20.10598,8.22157,72.34161
2847,53:13.4,19.40527,3.02313,-6.08797,20.5613,8.85488,72.77717
2848,53:13.4,19.40527,3.02313,-6.08797,20.5613,8.85488,72.77717
2849,53:13.5,19.40527,3.02313,-6.08797,20.5613,8.85488,72.77717
2850,53:13.5,19.84882,3.30655,-6.07797,21.02024,9.45786,73.19303
2851,53:13.5,19.84882,3.30655,-6.07897,21.02053,9.45786,73.19042
2852,53:13.6,19.84882,3.30655,-6.07897,21.02053,9.45786,73.19042
2853,53:13.6,20.29237,3.4955,-6.06597,21.46613,9.77366,73.58556
2854,53:13.6,20.29237,3.4955,-6.06597,21.46613,9.77366,73.58556
2855,53:13.7,20.29237,3.4955,-6.06597,21.46613,9.77366,73.58556
2856,53:13.7,20.73592,3.68444,-6.05497,21.91383,10.07539,73.96003
2857,53:13.7,20.73592,3.68444,-6.05497,21.91383,10.07539,73.96003
2858,53:13.8,20.73592,3.68444,-6.05497,21.91383,10.07539,73.96003
2859,53:13.8,21.17947,3.77891,-6.03696,22.34491,10.11646,74.32551
2860,53:13.8,21.17947,3.77891,-6.03596,22.34464,10.11646,74.32798
2861,53:13.9,21.17947,3.77891,-6.03596,22.34464,10.11646,74.32798
2862,53:13.9,21.62302,3.87339,-6.02496,22.77846,10.15583,74.6626
2863,53:13.9,21.62302,3.87339,-6.02496,22.77846,10.15583,74.6626
2864,53:14.0,21.62302,3.87339,-6.02496,22.77846,10.15583,74.6626
2865,53:14.0,22.06656,3.87339,-6.01296,23.19681,9.95582,74.97651
2866,53:14.0,22.06656,3.87339,-6.01296,23.19681,9.95582,74.97651
2867,53:14.1,22.06656,3.87339,-6.01296,23.19681,9.95582,74.97651
2868,53:14.1,22.39923,3.87339,-5.99996,23.51017,9.81085,75.21415
2869,53:14.1,22.39923,3.87339,-5.99996,23.51017,9.81085,75.21415
2870,53:14.2,22.39923,3.87339,-5.99996,23.51017,9.81085,75.21415
2871,53:14.2,22.84278,3.87339,-5.98396,23.92913,9.62395,75.51835
2872,53:14.2,22.84278,3.87339,-5.98396,23.92913,9.62395,75.51835
2873,53:14.3,22.84278,3.87339,-5.98396,23.92913,9.62395,75.51835
2874,53:14.3,23.28632,3.77891,-5.97596,24.33609,9.21763,75.7851
2875,53:14.3,23.28632,3.77891,-5.97596,24.33609,9.21763,75.7851
2876,53:14.4,23.28632,3.77891,-5.97596,24.33609,9.21763,75.7851
2877,53:14.4,23.61899,3.68444,-5.96896,24.63859,8.86639,75.98001
2878,53:14.5,23.61899,3.68444,-5.96896,24.63859,8.86639,75.98001
2879,53:14.5,23.61899,3.68444,-5.96896,24.63859,8.86639,75.98001
2880,53:14.5,23.95165,3.4955,-5.95795,24.92784,8.30311,76.172
2881,53:14.5,23.95165,3.4955,-5.95695,24.9276,8.30311,76.17423
2882,53:14.6,23.95165,3.4955,-5.95695,24.9276,8.30311,76.17423
2883,53:14.6,24.28431,3.30655,-5.94395,25.21887,7.75371,76.36743
2884,53:14.6,24.28431,3.30655,-5.94395,25.21887,7.75371,76.36743
2885,53:14.7,24.28431,3.30655,-5.94395,25.21887,7.75371,76.36743
2886,53:14.7,24.61697,3.11761,-5.93895,25.51443,7.21777,76.53989
2887,53:14.7,24.61697,3.11761,-5.93895,25.51443,7.21777,76.53989
2888,53:14.8,24.61697,3.11761,-5.93895,25.51443,7.21777,76.53989
2889,53:14.8,24.83875,2.92866,-5.93795,25.70602,6.72452,76.64437
2890,53:14.9,24.83875,2.92866,-5.93795,25.70602,6.72452,76.64437
2891,53:14.9,24.83875,2.92866,-5.93795,25.70602,6.72452,76.64437
2892,53:14.9,25.06052,2.73971,-5.93595,25.89925,6.23902,76.75038
2893,53:14.9,25.06052,2.73971,-5.93695,25.89948,6.23902,76.74823
2894,53:15.0,25.06052,2.73971,-5.93695,25.89948,6.23902,76.74823
2895,53:15.0,25.2823,2.4563,-5.94395,26.08751,5.54914,76.82968
2896,53:15.0,25.2823,2.4563,-5.94395,26.08751,5.54914,76.82968
2897,53:15.1,25.2823,2.4563,-5.94395,26.08751,5.54914,76.82968
2898,53:15.1,25.50407,2.17288,-5.94395,26.27755,4.86968,76.92662
2899,53:15.2,25.50407,2.17288,-5.94395,26.27755,4.86968,76.92662
2900,53:15.2,25.50407,2.17288,-5.94395,26.27755,4.86968,76.92662
2901,53:15.2,25.61496,1.88946,-5.94395,26.36336,4.21872,76.96992
2902,53:15.3,25.61496,1.88946,-5.94395,26.36336,4.21872,76.96992
2903,53:15.3,25.61496,1.88946,-5.94395,26.36336,4.21872,76.96992
2904,53:15.3,25.61496,1.51157,-5.94295,26.33875,3.37717,76.95977
2905,53:15.4,25.61496,1.51157,-5.94295,26.33875,3.37717,76.95977
2906,53:15.4,25.61496,1.51157,-5.94295,26.33875,3.37717,76.95977
2907,53:15.4,25.61496,1.22815,-5.93895,26.3231,2.74503,76.96082
2908,53:15.4,25.61496,1.22815,-5.93895,26.3231,2.74503,76.96082
2909,53:15.5,25.61496,1.22815,-5.93895,26.3231,2.74503,76.96082
2910,53:15.5,25.61496,0.94473,-5.93895,26.3114,2.11222,76.95491
2911,53:15.6,25.61496,0.94473,-5.93895,26.3114,2.11222,76.95491
2912,53:15.6,25.61496,0.94473,-5.93895,26.3114,2.11222,76.95491
2913,53:15.6,25.61496,0.66131,-5.93795,26.30252,1.4789,76.95267
2914,53:15.6,25.61496,0.66131,-5.93795,26.30252,1.4789,76.95267
2915,53:15.7,25.61496,0.66131,-5.93795,26.30252,1.4789,76.95267
2916,53:15.7,25.50407,0.37789,-5.93695,26.1887,0.84888,76.8972
2917,53:15.7,25.50407,0.37789,-5.93695,26.1887,0.84888,76.8972
2918,53:15.8,25.50407,0.37789,-5.93695,26.1887,0.84888,76.8972
2919,53:15.8,25.39318,0.09447,-5.92395,26.0752,0.21316,76.86848
2920,53:15.8,25.39318,0.09447,-5.92395,26.0752,0.21316,76.86848
2921,53:15.9,25.39318,0.09447,-5.92395,26.0752,0.21316,76.86848
2922,53:15.9,25.2823,-0.18895,-5.91895,25.9666,-0.42819,76.8239
2923,53:15.9,25.2823,-0.18895,-5.91895,25.9666,-0.42819,76.8239
2924,53:16.0,25.2823,-0.18895,-5.91895,25.9666,-0.42819,76.8239
2925,53:16.0,25.2823,-0.56684,-5.91495,25.97118,-1.28437,76.83533
2926,53:16.1,25.2823,-0.56684,-5.91495,25.97118,-1.28437,76.83533
2927,53:16.1,25.2823,-0.56684,-5.91495,25.97118,-1.28437,76.83533
2928,53:16.1,25.17141,-0.94473,-5.91095,25.87338,-2.14941,76.79376
2929,53:16.2,25.17141,-0.94473,-5.91095,25.87338,-2.14941,76.79376
2930,53:16.2,25.17141,-0.94473,-5.91095,25.87338,-2.14941,76.79376
2931,53:16.2,24.94963,-1.32262,-5.90495,25.67298,-3.0345,76.70255
2932,53:16.3,24.94963,-1.32262,-5.90495,25.67298,-3.0345,76.70255
2933,53:16.3,24.94963,-1.32262,-5.90495,25.67298,-3.0345,76.70255
2934,53:16.3,24.83875,-1.70051,-5.89995,25.58641,-3.91648,76.66824
2935,53:16.4,24.83875,-1.70051,-5.89995,25.58641,-3.91648,76.66824
2936,53:16.4,24.83875,-1.70051,-5.89995,25.58641,-3.91648,76.66824
2937,53:16.4,24.72786,-2.0784,-5.89595,25.50586,-4.80448,76.63459
2938,53:16.5,24.72786,-2.0784,-5.89595,25.50586,-4.80448,76.63459
2939,53:16.5,24.72786,-2.0784,-5.89595,25.50586,-4.80448,76.63459
2940,53:16.5,24.61697,-2.55077,-5.89495,25.44115,-5.91578,76.60227
2941,53:16.5,24.61697,-2.55077,-5.89495,25.44115,-5.91578,76.60227
2942,53:16.6,24.61697,-2.55077,-5.89495,25.44115,-5.91578,76.60227
2943,53:16.6,24.50608,-3.02313,-5.90095,25.38718,-7.03262,76.55933
2944,53:16.7,24.50608,-3.02313,-5.90095,25.38718,-7.03262,76.55933
2945,53:16.7,24.50608,-3.02313,-5.90095,25.38718,-7.03262,76.55933
2946,53:16.7,24.28431,-3.4955,-5.90395,25.23495,-8.19093,76.46971
2947,53:16.8,24.28431,-3.4955,-5.90395,25.23495,-8.19093,76.46971
2948,53:16.8,24.28431,-3.4955,-5.90395,25.23495,-8.19093,76.46971
2949,53:16.8,24.17342,-3.96786,-5.90695,25.19901,-9.32149,76.44303
2950,53:16.9,24.17342,-3.96786,-5.90695,25.19901,-9.32149,76.44303
2951,53:16.9,24.17342,-3.96786,-5.90695,25.19901,-9.32149,76.44303
2952,53:16.9,24.06253,-4.5347,-5.90895,25.18898,-10.67249,76.43285
2953,53:17.0,24.06253,-4.5347,-5.90895,25.18898,-10.67249,76.43285
2954,53:17.0,24.06253,-4.5347,-5.90895,25.18898,-10.67249,76.43285
2955,53:17.0,23.84076,-5.00706,-5.90995,25.06751,-11.86094,76.36349
2956,53:17.1,23.84076,-5.00706,-5.90995,25.06751,-11.86094,76.36349
2957,53:17.1,23.84076,-5.00706,-5.90995,25.06751,-11.86094,76.36349
2958,53:17.1,23.72987,-5.5739,-5.91195,25.08239,-13.21856,76.36703
2959,53:17.2,23.72987,-5.5739,-5.91195,25.08239,-13.21856,76.36703
2960,53:17.2,23.72987,-5.5739,-5.91195,25.08239,-13.21856,76.36703
2961,53:17.2,23.61898,-6.14074,-5.91695,25.11126,-14.57376,76.37127
2962,53:17.3,23.61898,-6.14074,-5.91695,25.11126,-14.57376,76.37127
2963,53:17.3,23.61898,-6.14074,-5.91695,25.11126,-14.57376,76.37127
2964,53:17.3,23.5081,-6.70757,-5.92095,25.15313,-15.92506,76.38502
2965,53:17.4,23.5081,-6.70757,-5.92095,25.15313,-15.92506,76.38502
2966,53:17.4,23.5081,-6.70757,-5.92095,25.15313,-15.92506,76.38502
2967,53:17.4,23.28632,-7.36888,-5.93195,25.13446,-17.55981,76.34891
2968,53:17.5,23.28632,-7.36888,-5.93195,25.13446,-17.55981,76.34891
2969,53:17.5,23.28632,-7.36888,-5.93195,25.13446,-17.55981,76.34891
2970,53:17.5,23.17543,-7.93572,-5.94195,25.20681,-18.9022,76.36546
2971,53:17.6,23.17543,-7.93572,-5.94195,25.20681,-18.9022,76.36546
2972,53:17.6,23.17543,-7.93572,-5.94195,25.20681,-18.9022,76.36546
2973,53:17.6,23.06455,-8.50256,-5.95195,25.29214,-20.236,76.38904
2974,53:17.7,23.06455,-8.50256,-5.95195,25.29214,-20.236,76.38904
2975,53:17.7,23.06455,-8.50256,-5.95195,25.29214,-20.236,76.38904
2976,53:17.7,22.95366,-9.16387,-5.95795,25.4233,-21.76354,76.44669
2977,53:17.8,22.95366,-9.16387,-5.95795,25.4233,-21.76354,76.44669
2978,53:17.8,22.95366,-9.16387,-5.95795,25.4233,-21.76354,76.44669
2979,53:17.8,22.73188,-9.73071,-5.96795,25.43701,-23.17403,76.43096
2980,53:17.9,22.73188,-9.73071,-5.96795,25.43701,-23.17403,76.43096
2981,53:17.9,22.73188,-9.73071,-5.96795,25.43701,-23.17403,76.43096
2982,53:17.9,22.621,-10.39202,-5.97795,25.60155,-24.6739,76.49681
2983,53:18.0,22.621,-10.39202,-5.97795,25.60155,-24.6739,76.49681
2984,53:18.0,22.621,-10.39202,-5.97795,25.60155,-24.6739,76.49681
2985,53:18.0,22.51011,-11.05333,-5.98695,25.78225,-26.15281,76.57266
2986,53:18.1,22.51011,-11.05333,-5.98695,25.78225,-26.15281,76.57266
2987,53:18.1,22.51011,-11.05333,-5.98695,25.78225,-26.15281,76.57266
2988,53:18.1,22.28833,-11.62016,-5.99395,25.84038,-27.53557,76.58747
2989,53:18.2,22.28833,-11.62016,-5.99395,25.84038,-27.53557,76.58747
2990,53:18.2,22.28833,-11.62016,-5.99395,25.84038,-27.53557,76.58747
2991,53:18.2,22.17745,-12.28147,-5.99595,26.05043,-28.9769,76.6931
2992,53:18.3,22.17745,-12.28147,-5.99595,26.05043,-28.9769,76.6931
2993,53:18.3,22.17745,-12.28147,-5.99595,26.05043,-28.9769,76.6931
2994,53:18.3,22.06656,-12.94278,-5.99995,26.27638,-30.39306,76.80064
2995,53:18.4,22.06656,-12.94278,-5.99995,26.27638,-30.39306,76.80064
2996,53:18.4,22.06656,-12.94278,-5.99995,26.27638,-30.39306,76.80064
2997,53:18.4,21.84478,-13.60409,-6.00795,26.42653,-31.91307,76.85917
2998,53:18.5,21.84478,-13.60409,-6.00795,26.42653,-31.91307,76.85917
2999,53:18.5,21.84478,-13.60409,-6.00795,26.42653,-31.91307,76.85917
3000,53:18.5,21.73389,-14.17093,-6.00895,26.6324,-33.10515,76.96034
3001,53:18.6,21.73389,-14.17093,-6.00895,26.6324,-33.10515,76.96034
3002,53:18.6,21.73389,-14.17093,-6.00895,26.6324,-33.10515,76.96034
3003,53:18.6,21.62301,-14.83224,-5.99595,26.89797,-34.44806,77.11973
3004,53:18.7,21.62301,-14.83224,-5.99595,26.89797,-34.44806,77.11973
3005,53:18.7,21.62301,-14.83224,-5.99595,26.89797,-34.44806,77.11973
3006,53:18.7,21.40123,-15.49355,-5.98995,27.09137,-35.90288,77.22625
3007,53:18.8,21.40123,-15.49355,-5.98995,27.09137,-35.90288,77.22625
3008,53:18.8,21.40123,-15.49355,-5.98995,27.09137,-35.90288,77.22625
3009,53:18.8,21.29034,-16.15486,-5.98194,27.38689,-37.19079,77.38354
3010,53:18.9,21.29034,-16.15486,-5.98194,27.38689,-37.19079,77.38354
3011,53:18.9,21.29034,-16.15486,-5.98194,27.38689,-37.19079,77.38354
3012,53:18.9,21.17945,-16.81617,-5.97594,27.69593,-38.44905,77.53931
3013,53:19.0,21.17945,-16.81617,-5.97594,27.69593,-38.44905,77.53931
3014,53:19.0,21.17945,-16.81617,-5.97594,27.69593,-38.44905,77.53931
3015,53:19.0,21.06856,-17.47748,-5.95994,28.01549,-39.67748,77.71718
3016,53:19.1,21.06856,-17.47748,-5.95994,28.01549,-39.67748,77.71718
3017,53:19.1,21.06856,-17.47748,-5.95994,28.01549,-39.67748,77.71718
3018,53:19.1,20.95768,-18.23326,-5.95494,28.41016,-41.0234,77.90074
3019,53:19.2,20.95768,-18.23326,-5.95494,28.41016,-41.0234,77.90074
3020,53:19.2,20.95768,-18.23326,-5.95494,28.41016,-41.0234,77.90074
3021,53:19.2,20.84679,-18.89457,-5.95494,28.75856,-42.18771,78.04949
3022,53:19.3,20.84679,-18.89457,-5.95494,28.75856,-42.18771,78.04949
3023,53:19.3,20.84679,-18.89457,-5.95494,28.75856,-42.18771,78.04949
3024,53:19.3,20.7359,-19.55588,-5.95294,29.11782,-43.32247,78.2031
3025,53:19.4,20.7359,-19.55588,-5.95294,29.11782,-43.32247,78.2031
3026,53:19.4,20.7359,-19.55588,-5.95294,29.11782,-43.32247,78.2031
3027,53:19.4,20.62501,-20.21719,-5.94593,29.48695,-44.4279,78.36675
3028,53:19.5,20.62501,-20.21719,-5.94593,29.48695,-44.4279,78.36675
3029,53:19.5,20.62501,-20.21719,-5.94593,29.48695,-44.4279,78.36675
3030,53:19.5,20.62501,-20.78403,-5.94293,29.87784,-45.22002,78.52691
3031,53:19.6,20.62501,-20.78403,-5.94293,29.87784,-45.22002,78.52691
3032,53:19.6,20.62501,-20.78403,-5.94293,29.87784,-45.22002,78.52691
3033,53:19.6,20.62501,-21.44534,-5.93993,30.341,-46.11707,78.71015
3034,53:19.7,20.62501,-21.44534,-5.93993,30.341,-46.11707,78.71015
3035,53:19.7,20.62501,-21.44534,-5.93993,30.341,-46.11707,78.71015
3036,53:19.7,20.62501,-22.10665,-5.93593,30.8112,-46.98583,78.89224
3037,53:19.8,20.62501,-22.10665,-5.93593,30.8112,-46.98583,78.89224
3038,53:19.8,20.62501,-22.10665,-5.93593,30.8112,-46.98583,78.89224
3039,53:19.8,20.73589,-22.76796,-5.93093,31.36133,-47.67434,79.09881
3040,53:19.9,20.73589,-22.76796,-5.93093,31.36133,-47.67434,79.09881
3041,53:19.9,20.73589,-22.76796,-5.93093,31.36133,-47.67434,79.09881
3042,53:19.9,20.73589,-23.42927,-5.93092,31.84468,-48.48981,79.26625
3043,53:20.0,20.73589,-23.42927,-5.93092,31.84468,-48.48981,79.26625
3044,53:20.0,20.73589,-23.42927,-5.93092,31.84468,-48.48981,79.26625
3045,53:20.0,20.95766,-23.9961,-5.93592,32.4079,-48.86676,79.44596
3046,53:20.1,20.95766,-23.9961,-5.93592,32.4079,-48.86676,79.44596
3047,53:20.1,20.95766,-23.9961,-5.93592,32.4079,-48.86676,79.44596
3048,53:20.1,21.17944,-24.56294,-5.93692,32.97201,-49.23039,79.62679
3049,53:20.2,21.17944,-24.56294,-5.93692,32.97201,-49.23039,79.62679
3050,53:20.2,21.17944,-24.56294,-5.93692,32.97201,-49.23039,79.62679
3051,53:20.2,21.40121,-25.12978,-5.92991,33.53627,-49.58137,79.81536
3052,53:20.3,21.40121,-25.12978,-5.92991,33.53627,-49.58137,79.81536
3053,53:20.3,21.40121,-25.12978,-5.92991,33.53627,-49.58137,79.81536
3054,53:20.3,21.62298,-25.69662,-5.92791,34.10293,-49.92033,79.98976
3055,53:20.4,21.62298,-25.69662,-5.92791,34.10293,-49.92033,79.98976
3056,53:20.4,21.62298,-25.69662,-5.92791,34.10293,-49.92033,79.98976
3057,53:20.4,21.95564,-26.16898,-5.92591,34.66962,-50.00352,80.15839
3058,53:20.5,21.95564,-26.16898,-5.92591,34.66962,-50.00352,80.15839
3059,53:20.5,22.2883,-26.64135,-5.92591,35.237,-50.08395,80.3184
3060,53:20.5,22.2883,-26.64135,-5.92591,35.237,-50.08395,80.3184
3061,53:20.6,22.2883,-26.64135,-5.92591,35.237,-50.08395,80.3184
3062,53:20.6,22.2883,-26.64135,-5.92591,35.237,-50.08395,80.3184
3063,53:20.6,22.73185,-27.01924,-5.9319,35.80452,-49.92539,80.46357
3064,53:20.7,22.73185,-27.01924,-5.9319,35.80452,-49.92539,80.46357
3065,53:20.7,22.73185,-27.01924,-5.9319,35.80452,-49.92539,80.46357
3066,53:20.7,23.1754,-27.39713,-5.9299,36.37122,-49.77192,80.61671
3067,53:20.8,23.1754,-27.39713,-5.9299,36.37122,-49.77192,80.61671
3068,53:20.8,23.1754,-27.39713,-5.9299,36.37122,-49.77192,80.61671
3069,53:20.8,23.61895,-27.68055,-5.9269,36.86727,-49.52691,80.74881
3070,53:20.9,23.61895,-27.68055,-5.9269,36.86727,-49.52691,80.74881
3071,53:20.9,23.61895,-27.68055,-5.9269,36.86727,-49.52691,80.74881
3072,53:20.9,24.0625,-27.96397,-5.92089,37.36368,-49.28859,80.8821
3073,53:21.0,24.0625,-27.96397,-5.92089,37.36368,-49.28859,80.8821
3074,53:21.0,24.61693,-28.24739,-5.89989,37.93043,-48.92862,81.05159
3075,53:21.0,24.61693,-28.24739,-5.89989,37.93043,-48.92862,81.05159
3076,53:21.1,24.61693,-28.24739,-5.89989,37.93043,-48.92862,81.05159
3077,53:21.1,24.61693,-28.24739,-5.89989,37.93043,-48.92862,81.05159
3078,53:21.1,25.06048,-28.43634,-5.90089,38.35979,-48.6108,81.15105
3079,53:21.2,25.06048,-28.43634,-5.90089,38.35979,-48.6108,81.15105
3080,53:21.2,25.50403,-28.53081,-5.90489,38.72119,-48.20609,81.22831
3081,53:21.2,25.50403,-28.53081,-5.90489,38.72119,-48.20609,81.22831
3082,53:21.3,25.50403,-28.53081,-5.90489,38.72119,-48.20609,81.22831
3083,53:21.3,25.50403,-28.53081,-5.90489,38.72119,-48.20609,81.22831
3084,53:21.3,26.05847,-28.62529,-5.90488,39.15761,-47.68746,81.32684
3085,53:21.4,26.05847,-28.62529,-5.90488,39.15761,-47.68746,81.32684
3086,53:21.4,26.50202,-28.62529,-5.90788,39.45462,-47.2057,81.38822
3087,53:21.4,26.50202,-28.62529,-5.90788,39.45462,-47.2057,81.38822
3088,53:21.5,26.50202,-28.62529,-5.90788,39.45462,-47.2057,81.38822
3089,53:21.5,26.94556,-28.62529,-5.91388,39.75481,-46.73134,81.44499
3090,53:21.5,26.94556,-28.62529,-5.91388,39.75481,-46.73134,81.44499
3091,53:21.6,26.94556,-28.62529,-5.91388,39.75481,-46.73134,81.44499
3092,53:21.6,27.38911,-28.62529,-5.92388,40.05825,-46.26425,81.49582
3093,53:21.6,27.38911,-28.62529,-5.92388,40.05825,-46.26425,81.49582
3094,53:21.7,27.38911,-28.62529,-5.92388,40.05825,-46.26425,81.49582
3095,53:21.7,27.83266,-28.53082,-5.93288,40.29719,-45.70967,81.53368
3096,53:21.7,27.83266,-28.53082,-5.93288,40.29719,-45.70967,81.53368
3097,53:21.8,27.83266,-28.53082,-5.93288,40.29719,-45.70967,81.53368
3098,53:21.8,28.27621,-28.34188,-5.95987,40.47624,-45.06645,81.53277
3099,53:21.8,28.27621,-28.34188,-5.95987,40.47624,-45.06645,81.53277
3100,53:21.9,28.27621,-28.34188,-5.95987,40.47624,-45.06645,81.53277
3101,53:21.9,28.27621,-28.34188,-5.95987,40.47624,-45.06645,81.53277
3102,53:21.9,28.71976,-28.15293,-5.96487,40.657,-44.42897,81.56357
3103,53:22.0,28.71976,-28.15293,-5.96487,40.657,-44.42897,81.56357
3104,53:22.0,29.05242,-27.96399,-5.96587,40.76297,-43.90636,81.58424
3105,53:22.0,29.05242,-27.96399,-5.96587,40.76297,-43.90636,81.58424
3106,53:22.1,29.05242,-27.96399,-5.96587,40.76297,-43.90636,81.58424
3107,53:22.1,29.05242,-27.96399,-5.96587,40.76297,-43.90636,81.58424
3108,53:22.1,29.38509,-27.68057,-5.96687,40.8081,-43.28912,81.59219
3109,53:22.2,29.38509,-27.68057,-5.96687,40.8081,-43.28912,81.59219
3110,53:22.2,29.71775,-27.39715,-5.96187,40.85697,-42.67333,81.60941
3111,53:22.2,29.71775,-27.39715,-5.96187,40.85697,-42.67333,81.60941
3112,53:22.3,29.71775,-27.39715,-5.96187,40.85697,-42.67333,81.60941
3113,53:22.3,29.93953,-27.01926,-5.96087,40.76699,-42.06503,81.59218
3114,53:22.3,29.93953,-27.01926,-5.96087,40.76699,-42.06503,81.59218
3115,53:22.4,29.93953,-27.01926,-5.96087,40.76699,-42.06503,81.59218
3116,53:22.4,30.1613,-26.73584,-5.95987,40.74346,-41.5547,81.58871
3117,53:22.4,30.1613,-26.73584,-5.95987,40.74346,-41.5547,81.58871
3118,53:22.5,30.1613,-26.73584,-5.95987,40.74346,-41.5547,81.58871
3119,53:22.5,30.1613,-26.73584,-5.95987,40.74346,-41.5547,81.58871
3120,53:22.5,30.38308,-26.35795,-5.95687,40.66149,-40.94232,81.5759
3121,53:22.6,30.38308,-26.35795,-5.95687,40.66149,-40.94232,81.5759
3122,53:22.6,30.49396,-25.98006,-5.93487,40.49775,-40.43013,81.57306
3123,53:22.6,30.49396,-25.98006,-5.93487,40.49775,-40.43013,81.57306
3124,53:22.7,30.49396,-25.98006,-5.93487,40.49775,-40.43013,81.57306
3125,53:22.7,30.49396,-25.60217,-5.93188,40.25593,-40.01619,81.52638
3126,53:22.7,30.49396,-25.60217,-5.93188,40.25593,-40.01619,81.52638
3127,53:22.8,30.49396,-25.60217,-5.93188,40.25593,-40.01619,81.52638
3128,53:22.8,30.60485,-25.22427,-5.93188,40.10122,-39.49507,81.49344
3129,53:22.8,30.60485,-25.22427,-5.93188,40.10122,-39.49507,81.49344
3130,53:22.9,30.60485,-25.22427,-5.93188,40.10122,-39.49507,81.49344
3131,53:22.9,30.60485,-24.84638,-5.93088,39.86446,-39.07123,81.44399
3132,53:22.9,30.60485,-24.84638,-5.93088,39.86446,-39.07123,81.44399
3133,53:23.0,30.60485,-24.84638,-5.93088,39.86446,-39.07123,81.44399
3134,53:23.0,30.60485,-24.46849,-5.92588,39.62929,-38.64223,81.40015
3135,53:23.0,30.60485,-24.46849,-5.92588,39.62929,-38.64223,81.40015
3136,53:23.1,30.60485,-24.46849,-5.92588,39.62929,-38.64223,81.40015
3137,53:23.1,30.49397,-24.0906,-5.92388,39.3107,-38.30916,81.33286
3138,53:23.1,30.49397,-24.0906,-5.92388,39.3107,-38.30916,81.33286
3139,53:23.2,30.49397,-24.0906,-5.92388,39.3107,-38.30916,81.33286
3140,53:23.2,30.38308,-23.80718,-5.92388,39.05132,-38.08108,81.27484
3141,53:23.2,30.38308,-23.80718,-5.92388,39.05132,-38.08108,81.27484
3142,53:23.3,30.38308,-23.80718,-5.92388,39.05132,-38.08108,81.27484
3143,53:23.3,30.2722,-23.42929,-5.92588,38.73569,-37.73822,81.20019
3144,53:23.3,30.2722,-23.42929,-5.92588,38.73569,-37.73822,81.20019
3145,53:23.4,30.2722,-23.42929,-5.92588,38.73569,-37.73822,81.20019
3146,53:23.4,30.16131,-23.14587,-5.93389,38.47917,-37.50273,81.129
3147,53:23.4,30.16131,-23.14587,-5.93389,38.47917,-37.50273,81.129
3148,53:23.5,30.16131,-23.14587,-5.93389,38.47917,-37.50273,81.129
3149,53:23.5,30.05042,-22.86245,-5.93689,38.22259,-37.26398,81.06441
3150,53:23.5,30.05042,-22.86245,-5.93689,38.22259,-37.26398,81.06441
3151,53:23.6,30.05042,-22.86245,-5.93789,38.22274,-37.26398,81.06293
3152,53:23.6,29.93954,-22.48456,-5.93889,37.91044,-36.90651,80.98716
3153,53:23.6,29.93954,-22.48456,-5.93889,37.91044,-36.90651,80.98716
3154,53:23.7,29.93954,-22.48456,-5.93889,37.91044,-36.90651,80.98716
3155,53:23.7,29.71776,-22.10667,-5.93889,37.5116,-36.64509,80.89052
3156,53:23.7,29.71776,-22.10667,-5.93889,37.5116,-36.64509,80.89052
3157,53:23.8,29.71776,-22.10667,-5.93889,37.5116,-36.64509,80.89052
3158,53:23.8,29.60688,-21.72877,-5.94289,37.20248,-36.27531,80.80793
3159,53:23.8,29.60688,-21.72877,-5.94289,37.20248,-36.27531,80.80793
3160,53:23.9,29.60688,-21.72877,-5.94289,37.20248,-36.27531,80.80793
3161,53:23.9,29.49599,-21.25641,-5.9439,36.8399,-35.77857,80.71509
3162,53:23.9,29.49599,-21.25641,-5.9439,36.8399,-35.77857,80.71509
3163,53:24.0,29.49599,-21.25641,-5.9429,36.83974,-35.77857,80.71662
3164,53:24.0,29.27422,-20.78404,-5.9429,36.39058,-35.37391,80.601
3165,53:24.0,29.27422,-20.78404,-5.9429,36.39058,-35.37391,80.601
3166,53:24.1,29.27422,-20.78404,-5.9429,36.39058,-35.37391,80.601
3167,53:24.1,29.05244,-20.40615,-5.9459,35.99735,-35.08383,80.49254
3168,53:24.1,29.05244,-20.40615,-5.9459,35.99735,-35.08383,80.49254
3169,53:24.2,29.05244,-20.40615,-5.9459,35.99735,-35.08383,80.49254
3170,53:24.2,28.94156,-19.83931,-5.9499,35.58951,-34.43047,80.37602
3171,53:24.2,28.94156,-19.83931,-5.9499,35.58951,-34.43047,80.37602
3172,53:24.3,28.94156,-19.83931,-5.9499,35.58951,-34.43047,80.37602
3173,53:24.3,28.71978,-19.36695,-5.95591,35.14794,-33.99343,80.24401
3174,53:24.3,28.71978,-19.36695,-5.95591,35.14794,-33.99343,80.24401
3175,53:24.4,28.71978,-19.36695,-5.95591,35.14794,-33.99343,80.24401
3176,53:24.4,28.49801,-18.89458,-5.96391,34.70893,-33.54494,80.10598
3177,53:24.4,28.49801,-18.89458,-5.96391,34.70893,-33.54494,80.10598
3178,53:24.5,28.49801,-18.89458,-5.96391,34.70893,-33.54494,80.10598
3179,53:24.5,28.27624,-18.42222,-5.97091,34.27208,-33.0846,79.96668
3180,53:24.5,28.27624,-18.42222,-5.97091,34.27208,-33.0846,79.96668
3181,53:24.6,28.27624,-18.42222,-5.97091,34.27208,-33.0846,79.96668
3182,53:24.6,28.05446,-17.85538,-5.98291,33.7885,-32.47489,79.80089
3183,53:24.6,28.05446,-17.85538,-5.98291,33.7885,-32.47489,79.80089
3184,53:24.7,28.05446,-17.85538,-5.98291,33.7885,-32.47489,79.80089
3185,53:24.7,27.83269,-17.38302,-5.98992,33.35726,-31.987,79.65537
3186,53:24.7,27.83269,-17.38302,-5.98992,33.35726,-31.987,79.65537
3187,53:24.8,27.83269,-17.38302,-5.98992,33.35726,-31.987,79.65537
3188,53:24.8,27.50003,-16.81618,-5.99492,32.7868,-31.44565,79.46446
3189,53:24.8,27.50003,-16.81618,-5.99492,32.7868,-31.44565,79.46446
3190,53:24.9,27.50003,-16.81618,-5.99492,32.7868,-31.44565,79.46446
3191,53:24.9,27.27825,-16.34381,-6.00092,32.361,-30.92801,79.3134
3192,53:24.9,27.27825,-16.34381,-6.00092,32.361,-30.92801,79.3134
3193,53:25.0,27.27825,-16.34381,-6.00092,32.361,-30.92801,79.3134
3194,53:25.0,26.94559,-15.87145,-6.01292,31.8453,-30.49887,79.11627
3195,53:25.0,26.94559,-15.87145,-6.01292,31.8453,-30.49887,79.11627
3196,53:25.1,26.94559,-15.87145,-6.01292,31.8453,-30.49887,79.11627
3197,53:25.1,26.61293,-15.30461,-6.01793,31.2841,-29.90242,78.90924
3198,53:25.1,26.61293,-15.30461,-6.01793,31.2841,-29.90242,78.90924
3199,53:25.2,26.61293,-15.30461,-6.01793,31.2841,-29.90242,78.90924
3200,53:25.2,26.28027,-14.83225,-6.01993,30.77154,-29.43982,78.7183
3201,53:25.2,26.28027,-14.83225,-6.01993,30.77154,-29.43982,78.7183
3202,53:25.3,26.28027,-14.83225,-6.01993,30.77154,-29.43982,78.7183
3203,53:25.3,25.94761,-14.35988,-6.01893,30.26074,-28.96094,78.52722
3204,53:25.3,25.94761,-14.35988,-6.01893,30.26074,-28.96094,78.52722
3205,53:25.4,25.94761,-14.35988,-6.01893,30.26074,-28.96094,78.52722
3206,53:25.4,25.61495,-13.88752,-6.00693,29.75016,-28.46498,78.35117
3207,53:25.4,25.61495,-13.88752,-6.00693,29.75016,-28.46498,78.35117
3208,53:25.5,25.61495,-13.88752,-6.00693,29.75016,-28.46498,78.35117
3209,53:25.5,25.28229,-13.41515,-6.00394,29.24393,-27.95107,78.15263
3210,53:25.5,25.28229,-13.41515,-6.00394,29.24393,-27.95107,78.15263
3211,53:25.6,25.28229,-13.41515,-6.00394,29.24393,-27.95107,78.15263
3212,53:25.6,24.83874,-12.94279,-6.00094,28.64419,-27.52278,77.90699
3213,53:25.6,24.83874,-12.94279,-6.00094,28.64419,-27.52278,77.90699
3214,53:25.7,24.83874,-12.94279,-6.00094,28.64419,-27.52278,77.90699
3215,53:25.7,24.50608,-12.47042,-5.99694,28.14289,-26.9702,77.69656
3216,53:25.7,24.50608,-12.47042,-5.99694,28.14289,-26.9702,77.69656
3217,53:25.8,24.50608,-12.47042,-5.99694,28.14289,-26.9702,77.69656
3218,53:25.8,24.06253,-11.90358,-5.99394,27.50687,-26.32131,77.41386
3219,53:25.8,24.06253,-11.90358,-5.99394,27.50687,-26.32131,77.41386
3220,53:25.9,24.06253,-11.90358,-5.99394,27.50687,-26.32131,77.41386
3221,53:25.9,23.72987,-11.33675,-5.98995,26.97235,-25.53575,77.16893
3222,53:25.9,23.72987,-11.33675,-5.98995,26.97235,-25.53575,77.16893
3223,53:26.0,23.72987,-11.33675,-5.98995,26.97235,-25.53575,77.16893
3224,53:26.0,23.28632,-10.76991,-5.98595,26.34531,-24.82051,76.86706
3225,53:26.0,23.28632,-10.76991,-5.98595,26.34531,-24.82051,76.86706
3226,53:26.1,23.28632,-10.76991,-5.98595,26.34531,-24.82051,76.86706
3227,53:26.1,22.84277,-10.29754,-5.98695,25.76189,-24.2659,76.56185
3228,53:26.1,22.84277,-10.29754,-5.98695,25.76189,-24.2659,76.56185
3229,53:26.2,22.84277,-10.29754,-5.98695,25.76189,-24.2659,76.56185
3230,53:26.2,22.39922,-9.63623,-5.98895,25.10876,-23.27756,76.20076
3231,53:26.2,22.39922,-9.63623,-5.98895,25.10876,-23.27756,76.20076
3232,53:26.3,22.39922,-9.63623,-5.98895,25.10876,-23.27756,76.20076
3233,53:26.3,21.95567,-9.06939,-5.99196,24.49916,-22.44442,75.84311
3234,53:26.3,21.95567,-9.06939,-5.99196,24.49916,-22.44442,75.84311
3235,53:26.4,21.95567,-9.06939,-5.99196,24.49916,-22.44442,75.84311
3236,53:26.4,21.40124,-8.50256,-5.99896,23.79693,-21.66757,75.3988
3237,53:26.4,21.40124,-8.50256,-5.99896,23.79693,-21.66757,75.3988
3238,53:26.5,21.40124,-8.50256,-5.99896,23.79693,-21.66757,75.3988
3239,53:26.5,20.95769,-7.93572,-6.00596,23.20069,-20.73939,74.99698
3240,53:26.5,20.95769,-7.93572,-6.00596,23.20069,-20.73939,74.99698
3241,53:26.6,20.95769,-7.93572,-6.00596,23.20069,-20.73939,74.99698
3242,53:26.6,20.51414,-7.27441,-6.02196,22.58342,-19.52474,74.53474
3243,53:26.6,20.51414,-7.27441,-6.02196,22.58342,-19.52474,74.53474
3244,53:26.7,20.51414,-7.27441,-6.02196,22.58342,-19.52474,74.53474
3245,53:26.7,20.07059,-6.70757,-6.02596,22.00301,-18.47958,74.10531
3246,53:26.7,20.07059,-6.70757,-6.02596,22.00301,-18.47958,74.10531
3247,53:26.8,20.07059,-6.70757,-6.02596,22.00301,-18.47958,74.10531
3248,53:26.8,19.51616,-6.04626,-6.02397,21.30084,-17.2134,73.57236
3249,53:26.8,19.51616,-6.04626,-6.02397,21.30084,-17.2134,73.57236
3250,53:26.9,19.51616,-6.04626,-6.02397,21.30084,-17.2134,73.57236
3251,53:26.9,19.07261,-5.38495,-6.02197,20.71295,-15.76647,73.09806
3252,53:26.9,19.07261,-5.38495,-6.02197,20.71295,-15.76647,73.09806
3253,53:27.0,19.07261,-5.38495,-6.02197,20.71295,-15.76647,73.09806
3254,53:27.0,18.51817,-4.72364,-6.01697,20.03595,-14.30993,72.52385
3255,53:27.0,18.51817,-4.72364,-6.01697,20.03595,-14.30993,72.52385
3256,53:27.1,18.51817,-4.72364,-6.01697,20.03595,-14.30993,72.52385
3257,53:27.1,18.07462,-4.06233,-6.01597,19.47785,-12.66693,72.00932
3258,53:27.1,18.07462,-4.06233,-6.01597,19.47785,-12.66693,72.00932
3259,53:27.2,18.07462,-4.06233,-6.01597,19.47785,-12.66693,72.00932
3260,53:27.2,17.52019,-3.40102,-6.01397,18.83326,-10.98564,71.37775
3261,53:27.2,17.52019,-3.40102,-6.01397,18.83326,-10.98564,71.37775
3262,53:27.3,17.52019,-3.40102,-6.01397,18.83326,-10.98564,71.37775
3263,53:27.3,17.18753,-2.64524,-6.01498,18.40077,-8.74943,70.92005
3264,53:27.3,17.18753,-2.64524,-6.01498,18.40077,-8.74943,70.92005
3265,53:27.4,17.18753,-2.64524,-6.01498,18.40077,-8.74943,70.92005
3266,53:27.4,16.74398,-1.98393,-6.01398,17.90153,-6.75725,70.36982
3267,53:27.4,16.74398,-1.98393,-6.01398,17.90153,-6.75725,70.36982
3268,53:27.5,16.74398,-1.98393,-6.01398,17.90153,-6.75725,70.36982
3269,53:27.5,16.41132,-1.22815,-6.02298,17.52472,-4.27977,69.89847
3270,53:27.5,16.41132,-1.22815,-6.02198,17.52438,-4.27977,69.90155
3271,53:27.6,16.41132,-1.22815,-6.02198,17.52438,-4.27977,69.90155
3272,53:27.6,16.07865,-0.47236,-6.03398,17.18008,-1.68277,69.43807
3273,53:27.6,16.07865,-0.47236,-6.03398,17.18008,-1.68277,69.43807
3274,53:27.7,16.07865,-0.47236,-6.03398,17.18008,-1.68277,69.43807
3275,53:27.7,15.85688,0.18895,-6.04298,16.97038,0.68269,69.13975
3276,53:27.7,15.85688,0.18895,-6.04298,16.97038,0.68269,69.13975
3277,53:27.8,15.85688,0.18895,-6.04298,16.97038,0.68269,69.13975
3278,53:27.8,15.74599,0.94473,-6.06398,16.89972,3.43352,68.97217
3279,53:27.8,15.74599,0.94473,-6.06398,16.89972,3.43352,68.97217
3280,53:27.9,15.74599,0.94473,-6.06398,16.89972,3.43352,68.97217
3281,53:27.9,15.52422,1.70051,-6.06998,16.75523,6.25121,68.7601
3282,53:27.9,15.52422,1.70051,-6.06998,16.75523,6.25121,68.7601
3283,53:28.0,15.52422,1.70051,-6.06998,16.75523,6.25121,68.7601
3284,53:28.0,15.52422,2.36182,-6.07098,16.83557,8.65052,68.86268
3285,53:28.0,15.52422,2.36182,-6.07098,16.83557,8.65052,68.86268
3286,53:28.1,15.52422,2.36182,-6.07098,16.83557,8.65052,68.86268
3287,53:28.1,15.41333,3.02313,-6.06598,16.83764,11.09697,68.88365
3288,53:28.1,15.41333,3.02313,-6.06698,16.838,11.09697,68.88047
3289,53:28.2,15.41333,3.02313,-6.06698,16.838,11.09697,68.88047
3290,53:28.2,15.52422,3.68444,-6.06098,17.06786,13.35127,69.19977
3291,53:28.2,15.52422,3.68444,-6.06098,17.06786,13.35127,69.19977
3292,53:28.3,15.52422,3.68444,-6.06098,17.06786,13.35127,69.19977
3293,53:28.3,15.52422,4.34575,-6.05398,17.22026,15.63872,69.41715
3294,53:28.3,15.52422,4.34575,-6.05398,17.22026,15.63872,69.41715
3295,53:28.4,15.52422,4.34575,-6.05398,17.22026,15.63872,69.41715
3296,53:28.4,15.6351,5.10153,-6.04898,17.52348,18.07083,69.80643
3297,53:28.4,15.6351,5.10153,-6.04898,17.52348,18.07083,69.80643
3298,53:28.5,15.6351,5.10153,-6.04898,17.52348,18.07083,69.80643
3299,53:28.5,15.74599,5.76284,-6.04398,17.82347,20.10201,70.17782
3300,53:28.5,15.74599,5.76284,-6.04298,17.82313,20.10201,70.18084
3301,53:28.6,15.74599,5.76284,-6.04298,17.82313,20.10201,70.18084
3302,53:28.6,15.85688,6.42415,-6.03198,18.14098,22.05451,70.57907
3303,53:28.6,15.85688,6.42415,-6.03198,18.14098,22.05451,70.57907
3304,53:28.7,15.85688,6.42415,-6.03198,18.14098,22.05451,70.57907
3305,53:28.7,16.07865,7.08546,-6.02098,18.57361,23.78189,71.0848
3306,53:28.7,16.07865,7.08546,-6.02098,18.57361,23.78189,71.0848
3307,53:28.8,16.07865,7.08546,-6.02198,18.57393,23.78189,71.08188
3308,53:28.8,16.30042,7.6523,-6.00797,18.98308,25.14789,71.54915
3309,53:28.8,16.30042,7.6523,-6.00797,18.98308,25.14789,71.54915
3310,53:28.9,16.30042,7.6523,-6.00797,18.98308,25.14789,71.54915
3311,53:28.9,16.63309,8.21913,-5.99297,19.49691,26.29599,72.09855
3312,53:28.9,16.63309,8.21913,-5.99297,19.49691,26.29599,72.09855
3313,53:29.0,16.63309,8.21913,-5.99297,19.49691,26.29599,72.09855
3314,53:29.0,16.96575,8.6915,-5.97597,19.97726,27.12592,72.59412
3315,53:29.0,16.96575,8.6915,-5.97597,19.97726,27.12592,72.59412
3316,53:29.1,16.96575,8.6915,-5.97597,19.97726,27.12592,72.59412
3317,53:29.1,17.29841,9.16386,-5.96097,20.46325,27.91249,73.06412
3318,53:29.1,17.29841,9.16386,-5.96097,20.46325,27.91249,73.06412
3319,53:29.2,17.29841,9.16386,-5.96097,20.46325,27.91249,73.06412
3320,53:29.2,17.63107,9.63623,-5.94697,20.95419,28.65873,73.51238
3321,53:29.2,17.63107,9.63623,-5.94697,20.95419,28.65873,73.51238
3322,53:29.3,17.63107,9.63623,-5.94697,20.95419,28.65873,73.51238
3323,53:29.3,18.07462,10.01412,-5.93697,21.49935,28.98835,73.96966
3324,53:29.3,18.07462,10.01412,-5.93697,21.49935,28.98835,73.96966
3325,53:29.4,18.07462,10.01412,-5.93697,21.49935,28.98835,73.96966
3326,53:29.4,18.51817,10.39201,-5.92196,22.04509,29.30024,74.41726
3327,53:29.4,18.51817,10.39201,-5.92196,22.04509,29.30024,74.41726
3328,53:29.5,18.51817,10.39201,-5.92196,22.04509,29.30024,74.41726
3329,53:29.5,18.96172,10.67543,-5.90996,22.5486,29.37947,74.80536
3330,53:29.5,18.96172,10.67543,-5.91096,22.54886,29.37947,74.80291
3331,53:29.6,18.96172,10.67543,-5.91096,22.54886,29.37947,74.80291
3332,53:29.6,19.40526,10.95885,-5.89496,23.05236,29.45497,75.18372
3333,53:29.6,19.40526,10.95885,-5.89496,23.05236,29.45497,75.18372
3334,53:29.7,19.40526,10.95885,-5.89496,23.05236,29.45497,75.18372
3335,53:29.7,19.84881,11.14779,-5.88396,23.51318,29.3201,75.50823
3336,53:29.7,19.84881,11.14779,-5.88296,23.51293,29.3201,75.51059
3337,53:29.8,19.84881,11.14779,-5.88296,23.51293,29.3201,75.51059
3338,53:29.8,20.40325,11.33674,-5.87196,24.06853,29.05804,75.87913
3339,53:29.8,20.40325,11.33674,-5.87196,24.06853,29.05804,75.87913
3340,53:29.9,20.40325,11.33674,-5.87196,24.06853,29.05804,75.87913
3341,53:29.9,20.8468,11.52569,-5.86296,24.53171,28.93714,76.17277
3342,53:29.9,20.8468,11.52569,-5.86396,24.53195,28.93714,76.1705
3343,53:30.0,20.8468,11.52569,-5.86396,24.53195,28.93714,76.1705
3344,53:30.0,21.40123,11.62016,-5.85895,25.04732,28.50049,76.4723
3345,53:30.0,21.40123,11.62016,-5.85795,25.04709,28.50049,76.47453
3346,53:30.1,21.40123,11.62016,-5.85795,25.04709,28.50049,76.47453
3347,53:30.1,21.84478,11.62016,-5.85095,25.42551,28.01039,76.69578
3348,53:30.1,21.84478,11.62016,-5.85095,25.42551,28.01039,76.69578
3349,53:30.2,21.84478,11.62016,-5.85095,25.42551,28.01039,76.69578
3350,53:30.2,22.28833,11.62016,-5.84195,25.80555,27.53557,76.91575
3351,53:30.2,22.28833,11.62016,-5.84195,25.80555,27.53557,76.91575
3352,53:30.3,22.28833,11.62016,-5.84195,25.80555,27.53557,76.91575
3353,53:30.3,22.73188,11.52569,-5.83595,26.14648,26.88626,77.10282
3354,53:30.3,22.73188,11.52569,-5.83595,26.14648,26.88626,77.10282
3355,53:30.4,22.73188,11.52569,-5.83595,26.14648,26.88626,77.10282
3356,53:30.4,23.28632,11.43122,-5.83195,26.58829,26.14635,77.32957
3357,53:30.4,23.28632,11.43122,-5.83195,26.58829,26.14635,77.32957
3358,53:30.5,23.28632,11.43122,-5.83195,26.58829,26.14635,77.32957
3359,53:30.5,23.61898,11.33674,-5.82895,26.83942,25.64028,77.45663
3360,53:30.5,23.61898,11.33674,-5.82895,26.83942,25.64028,77.45663
3361,53:30.6,23.61898,11.33674,-5.82895,26.83942,25.64028,77.45663
3362,53:30.6,24.06253,11.05333,-5.82994,27.11401,24.67208,77.58354
3363,53:30.6,24.06253,11.05333,-5.82994,27.11401,24.67208,77.58354
3364,53:30.7,24.06253,11.05333,-5.82994,27.11401,24.67208,77.58354
3365,53:30.7,24.39519,10.86438,-5.82994,27.33402,24.00577,77.68505
3366,53:30.7,24.39519,10.86438,-5.82994,27.33402,24.00577,77.68505
3367,53:30.8,24.39519,10.86438,-5.82994,27.33402,24.00577,77.68505
3368,53:30.8,24.72785,10.58096,-5.82994,27.52111,23.16591,77.77007
3369,53:30.8,24.72785,10.58096,-5.82994,27.52111,23.16591,77.77007
3370,53:30.9,24.72785,10.58096,-5.82994,27.52111,23.16591,77.77007
3371,53:30.9,25.06052,10.29754,-5.83094,27.71405,22.33811,77.85441
3372,53:30.9,25.06052,10.29754,-5.83094,27.71405,22.33811,77.85441
3373,53:31.0,25.06052,10.29754,-5.83094,27.71405,22.33811,77.85441
3374,53:31.0,25.28229,10.01413,-5.82694,27.81061,21.60815,77.90564
3375,53:31.0,25.28229,10.01413,-5.82694,27.81061,21.60815,77.90564
3376,53:31.1,25.28229,10.01413,-5.82694,27.81061,21.60815,77.90564
3377,53:31.1,25.50407,9.63623,-5.83094,27.88036,20.69814,77.92795
3378,53:31.1,25.50407,9.63623,-5.83094,27.88036,20.69814,77.92795
3379,53:31.2,25.50407,9.63623,-5.83094,27.88036,20.69814,77.92795
3380,53:31.2,25.61495,9.25834,-5.83594,27.855,19.87203,77.90628
3381,53:31.2,25.61495,9.25834,-5.83594,27.855,19.87203,77.90628
3382,53:31.3,25.61495,9.25834,-5.83594,27.855,19.87203,77.90628
3383,53:31.3,25.72584,8.97492,-5.84094,27.86548,19.23225,77.90038
3384,53:31.3,25.72584,8.97492,-5.84094,27.86548,19.23225,77.90038
3385,53:31.4,25.72584,8.97492,-5.84094,27.86548,19.23225,77.90038
3386,53:31.4,25.72584,8.59703,-5.84294,27.74649,18.47854,77.84347
3387,53:31.4,25.72584,8.59703,-5.84294,27.74649,18.47854,77.84347
3388,53:31.5,25.72584,8.59703,-5.84294,27.74649,18.47854,77.84347
3389,53:31.5,25.83673,8.21914,-5.84194,27.7348,17.64683,77.84038
3390,53:31.5,25.83673,8.21914,-5.84194,27.7348,17.64683,77.84038
3391,53:31.6,25.83673,8.21914,-5.84194,27.7348,17.64683,77.84038
3392,53:31.6,25.83673,7.74678,-5.83794,27.59766,16.69061,77.78752
3393,53:31.6,25.83673,7.74678,-5.83794,27.59766,16.69061,77.78752
3394,53:31.7,25.83673,7.74678,-5.83794,27.59766,16.69061,77.78752
3395,53:31.7,25.83673,7.27441,-5.83794,27.4688,15.72473,77.72935
3396,53:31.7,25.83673,7.27441,-5.83794,27.4688,15.72473,77.72935
3397,53:31.8,25.83673,7.27441,-5.83794,27.4688,15.72473,77.72935
3398,53:31.8,25.72584,6.80205,-5.83994,27.2432,14.81038,77.62182
3399,53:31.8,25.72584,6.80205,-5.83994,27.2432,14.81038,77.62182
3400,53:31.9,25.72584,6.80205,-5.83994,27.2432,14.81038,77.62182
3401,53:31.9,25.72584,6.32968,-5.83994,27.12911,13.82271,77.56893
3402,53:31.9,25.72584,6.32968,-5.83994,27.12911,13.82271,77.56893
3403,53:32.0,25.72584,6.32968,-5.83994,27.12911,13.82271,77.56893
3404,53:32.0,25.72584,5.76285,-5.83895,27.00227,12.62638,77.51177
3405,53:32.0,25.72584,5.76285,-5.83895,27.00227,12.62638,77.51177
3406,53:32.1,25.72584,5.76285,-5.83895,27.00227,12.62638,77.51177
3407,53:32.1,25.72584,5.29048,-5.83795,26.9052,11.62078,77.46816
3408,53:32.1,25.72584,5.29048,-5.83795,26.9052,11.62078,77.46816
3409,53:32.2,25.72584,5.29048,-5.83795,26.9052,11.62078,77.46816
3410,53:32.2,25.61496,4.72364,-5.83395,26.6922,10.44851,77.37531
3411,53:32.2,25.61496,4.72364,-5.83395,26.6922,10.44851,77.37531
3412,53:32.3,25.61496,4.72364,-5.83395,26.6922,10.44851,77.37531
3413,53:32.3,25.61496,4.06233,-5.83695,26.5838,9.01162,77.31635
3414,53:32.3,25.61496,4.06233,-5.83595,26.58358,9.01162,77.31845
3415,53:32.4,25.61496,4.06233,-5.83595,26.58358,9.01162,77.31845
3416,53:32.4,25.61496,3.40102,-5.83995,26.49147,7.56321,77.26475
3417,53:32.4,25.61496,3.40102,-5.83995,26.49147,7.56321,77.26475
3418,53:32.5,25.61496,3.40102,-5.84095,26.49169,7.56321,77.26264
3419,53:32.5,25.61496,2.83419,-5.84295,26.42534,6.31385,77.22567
3420,53:32.5,25.61496,2.83419,-5.84295,26.42534,6.31385,77.22567
3421,53:32.6,25.61496,2.83419,-5.84295,26.42534,6.31385,77.22567
3422,53:32.6,25.72584,2.17288,-5.84495,26.47081,4.8279,77.24355
3423,53:32.6,25.72584,2.17288,-5.84495,26.47081,4.8279,77.24355
3424,53:32.7,25.72584,2.17288,-5.84495,26.47081,4.8279,77.24355
3425,53:32.7,25.72584,1.51157,-5.84695,26.42519,3.36265,77.21671
3426,53:32.7,25.72584,1.51157,-5.84695,26.42519,3.36265,77.21671
3427,53:32.8,25.72584,1.51157,-5.84695,26.42519,3.36265,77.21671
3428,53:32.8,25.72584,0.75578,-5.84995,26.39341,1.68277,77.19437
3429,53:32.8,25.72584,0.75578,-5.84995,26.39341,1.68277,77.19437
3430,53:32.9,25.72584,0.75578,-5.84995,26.39341,1.68277,77.19437
3431,53:32.9,25.72584,0.18895,-5.84995,26.38326,0.42081,77.18937
3432,53:32.9,25.72584,0.18895,-5.84995,26.38326,0.42081,77.18937
3433,53:33.0,25.72584,0.18895,-5.84995,26.38326,0.42081,77.18937
3434,53:33.0,25.83673,-0.37789,-5.84695,26.49276,-0.83796,77.24986
3435,53:33.0,25.83673,-0.37789,-5.84695,26.49276,-0.83796,77.24986
3436,53:33.1,25.83673,-0.37789,-5.84695,26.49276,-0.83796,77.24986
3437,53:33.1,25.83673,-1.0392,-5.84695,26.51044,-2.3033,77.25851
3438,53:33.1,25.83673,-1.0392,-5.84695,26.51044,-2.3033,77.25851
3439,53:33.2,25.83673,-1.0392,-5.84695,26.51044,-2.3033,77.25851
3440,53:33.2,25.94762,-1.79498,-5.85295,26.66004,-3.95726,77.31798
3441,53:33.2,25.94762,-1.79498,-5.85295,26.66004,-3.95726,77.31798
3442,53:33.3,25.94762,-1.79498,-5.85295,26.66004,-3.95726,77.31798
3443,53:33.3,25.94762,-2.55077,-5.84695,26.72026,-5.61439,77.36022
3444,53:33.3,25.94762,-2.55077,-5.84695,26.72026,-5.61439,77.36022
3445,53:33.4,25.94762,-2.55077,-5.84695,26.72026,-5.61439,77.36022
3446,53:33.4,25.94762,-3.30655,-5.83595,26.80057,-7.26216,77.42282
3447,53:33.4,25.94762,-3.30655,-5.83595,26.80057,-7.26216,77.42282
3448,53:33.5,25.94762,-3.30655,-5.83595,26.80057,-7.26216,77.42282
3449,53:33.5,26.05851,-4.06233,-5.82095,27.00799,-8.86068,77.55357
3450,53:33.5,26.05851,-4.06233,-5.82095,27.00799,-8.86068,77.55357
3451,53:33.6,26.05851,-4.06233,-5.82095,27.00799,-8.86068,77.55357
3452,53:33.6,26.0585,-4.91259,-5.80894,27.14633,-10.67619,77.64393
3453,53:33.6,26.0585,-4.91259,-5.80894,27.14633,-10.67619,77.64393
3454,53:33.7,26.0585,-4.91259,-5.80894,27.14633,-10.67619,77.64393
3455,53:33.7,26.0585,-5.66837,-5.80194,27.29173,-12.27208,77.72584
3456,53:33.7,26.0585,-5.66837,-5.80194,27.29173,-12.27208,77.72584
3457,53:33.8,26.0585,-5.66837,-5.80194,27.29173,-12.27208,77.72584
3458,53:33.8,26.16939,-6.42416,-5.80794,27.56518,-13.79244,77.83671
3459,53:33.8,26.16939,-6.42416,-5.80794,27.56518,-13.79244,77.83671
3460,53:33.9,26.16939,-6.42416,-5.80794,27.56518,-13.79244,77.83671
3461,53:33.9,26.16939,-7.17994,-5.81394,27.75231,-15.34237,77.9073
3462,53:33.9,26.16939,-7.17994,-5.81394,27.75231,-15.34237,77.9073
3463,53:34.0,26.16939,-7.17994,-5.81394,27.75231,-15.34237,77.9073
3464,53:34.0,26.16939,-7.93572,-5.82194,27.95904,-16.86964,77.98129
3465,53:34.0,26.16939,-7.93572,-5.82194,27.95904,-16.86964,77.98129
3466,53:34.1,26.16939,-7.93572,-5.82194,27.95904,-16.86964,77.98129
3467,53:34.1,26.16939,-8.69151,-5.83594,28.18577,-18.37261,78.05031
3468,53:34.1,26.16939,-8.69151,-5.83594,28.18577,-18.37261,78.05031
3469,53:34.2,26.16939,-8.69151,-5.83594,28.18577,-18.37261,78.05031
3470,53:34.2,26.16939,-9.44729,-5.85694,28.43223,-19.84985,78.11216
3471,53:34.2,26.16939,-9.44729,-5.85694,28.43223,-19.84985,78.11216
3472,53:34.3,26.16939,-9.44729,-5.85694,28.43223,-19.84985,78.11216
3473,53:34.3,26.16939,-10.20307,-5.87094,28.69508,-21.3001,78.19407
3474,53:34.3,26.16939,-10.20307,-5.87094,28.69508,-21.3001,78.19407
3475,53:34.4,26.16939,-10.20307,-5.87094,28.69508,-21.3001,78.19407
3476,53:34.4,26.16939,-11.05333,-5.87994,29.01011,-22.89804,78.30594
3477,53:34.4,26.16939,-11.05333,-5.87994,29.01011,-22.89804,78.30594
3478,53:34.5,26.16939,-11.05333,-5.87994,29.01011,-22.89804,78.30594
3479,53:34.5,26.0585,-11.80911,-5.88694,29.20884,-24.37894,78.3726
3480,53:34.5,26.0585,-11.80911,-5.88594,29.20864,-24.37894,78.37452
3481,53:34.6,26.0585,-11.80911,-5.88594,29.20864,-24.37894,78.37452
3482,53:34.6,25.94761,-12.65937,-5.89693,29.46713,-26.00691,78.45608
3483,53:34.6,25.94761,-12.65937,-5.89693,29.46713,-26.00691,78.45608
3484,53:34.7,25.94761,-12.65937,-5.89693,29.46713,-26.00691,78.45608
3485,53:34.7,25.72584,-13.32068,-5.90293,29.56525,-27.37484,78.48305
3486,53:34.7,25.72584,-13.32068,-5.90393,29.56544,-27.37484,78.48115
3487,53:34.8,25.72584,-13.32068,-5.90393,29.56544,-27.37484,78.48115
3488,53:34.8,25.50406,-14.07646,-5.91093,29.72445,-28.89563,78.52984
3489,53:34.8,25.50406,-14.07646,-5.91093,29.72445,-28.89563,78.52984
3490,53:34.9,25.50406,-14.07646,-5.91093,29.72445,-28.89563,78.52984
3491,53:34.9,25.28229,-14.73777,-5.91293,29.85563,-30.23914,78.577
3492,53:34.9,25.28229,-14.73777,-5.91293,29.85563,-30.23914,78.577
3493,53:35.0,25.28229,-14.73777,-5.91293,29.85563,-30.23914,78.577
3494,53:35.0,25.06051,-15.30461,-5.90793,29.95269,-31.41267,78.62427
3495,53:35.0,25.06051,-15.30461,-5.90793,29.95269,-31.41267,78.62427
3496,53:35.1,25.06051,-15.30461,-5.90793,29.95269,-31.41267,78.62427
3497,53:35.1,24.72785,-15.96592,-5.90193,30.02016,-32.84894,78.66185
3498,53:35.1,24.72785,-15.96592,-5.90193,30.02016,-32.84894,78.66185
3499,53:35.2,24.72785,-15.96592,-5.90193,30.02016,-32.84894,78.66185
3500,53:35.2,24.39518,-16.53275,-5.89393,30.05321,-34.12572,78.69004
3501,53:35.2,24.39518,-16.53275,-5.89393,30.05321,-34.12572,78.69004
3502,53:35.3,24.39518,-16.53275,-5.89393,30.05321,-34.12572,78.69004
3503,53:35.3,24.06252,-17.09959,-5.88693,30.10078,-35.39881,78.72174
3504,53:35.3,24.06252,-17.09959,-5.88693,30.10078,-35.39881,78.72174
3505,53:35.4,24.06252,-17.09959,-5.88693,30.10078,-35.39881,78.72174
3506,53:35.4,23.61897,-17.57195,-5.87393,30.01887,-36.64837,78.71586
3507,53:35.4,23.61897,-17.57195,-5.87393,30.01887,-36.64837,78.71586
3508,53:35.5,23.61897,-17.57195,-5.87393,30.01887,-36.64837,78.71586
3509,53:35.5,23.17542,-18.04432,-5.86693,29.95194,-37.90422,78.70397
3510,53:35.5,23.17542,-18.04432,-5.86793,29.95213,-37.90422,78.70209
3511,53:35.6,23.17542,-18.04432,-5.86793,29.95213,-37.90422,78.70209
3512,53:35.6,22.73187,-18.42221,-5.85893,29.84029,-39.02176,78.67681
3513,53:35.6,22.73187,-18.42221,-5.85893,29.84029,-39.02176,78.67681
3514,53:35.7,22.73187,-18.42221,-5.85893,29.84029,-39.02176,78.67681
3515,53:35.7,22.28832,-18.8001,-5.84993,29.73945,-40.14748,78.65559
3516,53:35.7,22.28832,-18.8001,-5.84993,29.73945,-40.14748,78.65559
3517,53:35.8,22.28832,-18.8001,-5.84993,29.73945,-40.14748,78.65559
3518,53:35.8,21.84477,-19.08352,-5.83393,29.58732,-41.14035,78.62808
3519,53:35.8,21.84477,-19.08352,-5.83393,29.58732,-41.14035,78.62808
3520,53:35.9,21.84477,-19.08352,-5.83393,29.58732,-41.14035,78.62808
3521,53:35.9,21.29034,-19.36693,-5.82693,29.36511,-42.29149,78.5548
3522,53:35.9,21.29034,-19.36693,-5.82593,29.36491,-42.29149,78.55672
3523,53:36.0,21.29034,-19.36693,-5.82593,29.36491,-42.29149,78.55672
3524,53:36.0,20.84679,-19.55588,-5.81894,29.16986,-43.16996,78.49318
3525,53:36.0,20.84679,-19.55588,-5.81894,29.16986,-43.16996,78.49318
3526,53:36.1,20.84679,-19.55588,-5.81894,29.16986,-43.16996,78.49318
3527,53:36.1,20.40324,-19.65035,-5.81794,28.91845,-43.92314,78.39378
3528,53:36.1,20.40324,-19.65035,-5.81794,28.91845,-43.92314,78.39378
3529,53:36.2,20.40324,-19.65035,-5.81794,28.91845,-43.92314,78.39378
3530,53:36.2,19.8488,-19.74482,-5.82694,28.59696,-44.84953,78.24303
3531,53:36.2,19.8488,-19.74482,-5.82694,28.59696,-44.84953,78.24303
3532,53:36.3,19.8488,-19.74482,-5.82694,28.59696,-44.84953,78.24303
3533,53:36.3,19.40525,-19.83929,-5.83494,28.35856,-45.63366,78.12625
3534,53:36.3,19.40525,-19.83929,-5.83494,28.35856,-45.63366,78.12625
3535,53:36.4,19.40525,-19.83929,-5.83494,28.35856,-45.63366,78.12625
3536,53:36.4,18.85081,-19.93377,-5.83994,28.05019,-46.59941,77.98334
3537,53:36.4,18.85081,-19.93377,-5.83994,28.05019,-46.59941,77.98334
3538,53:36.5,18.85081,-19.93377,-5.83994,28.05019,-46.59941,77.98334
3539,53:36.5,18.29638,-19.93377,-5.84494,27.68169,-47.45246,77.81034
3540,53:36.5,18.29638,-19.93377,-5.84494,27.68169,-47.45246,77.81034
3541,53:36.6,18.29638,-19.93377,-5.84494,27.68169,-47.45246,77.81034
3542,53:36.6,17.85283,-19.83929,-5.85194,27.32337,-48.01683,77.63295
3543,53:36.6,17.85283,-19.83929,-5.85194,27.32337,-48.01683,77.63295
3544,53:36.7,17.85283,-19.83929,-5.85194,27.32337,-48.01683,77.63295
3545,53:36.7,17.29839,-19.74482,-5.84995,26.8945,-48.77847,77.43691
3546,53:36.7,17.29839,-19.74482,-5.84995,26.8945,-48.77847,77.43691
3547,53:36.8,17.29839,-19.74482,-5.84995,26.8945,-48.77847,77.43691
3548,53:36.8,16.85484,-19.65034,-5.84895,26.54114,-49.37906,77.26906
3549,53:36.8,16.85484,-19.65034,-5.84895,26.54114,-49.37906,77.26906
3550,53:36.9,16.85484,-19.65034,-5.84895,26.54114,-49.37906,77.26906
3551,53:36.9,16.4113,-19.4614,-5.84995,26.12085,-49.85993,77.05844
3552,53:36.9,16.4113,-19.4614,-5.84995,26.12085,-49.85993,77.05844
3553,53:37.0,16.4113,-19.4614,-5.84995,26.12085,-49.85993,77.05844
3554,53:37.0,16.18952,-19.17798,-5.85695,25.77207,-49.82986,76.86421
3555,53:37.0,16.18952,-19.17798,-5.85695,25.77207,-49.82986,76.86421
3556,53:37.1,16.18952,-19.17798,-5.85695,25.77207,-49.82986,76.86421
3557,53:37.1,15.85686,-18.89456,-5.85895,25.35294,-49.99565,76.63842
3558,53:37.1,15.85686,-18.89456,-5.85795,25.35271,-49.99565,76.64062
3559,53:37.2,15.85686,-18.89456,-5.85795,25.35271,-49.99565,76.64062
3560,53:37.2,15.5242,-18.61114,-5.85395,24.93279,-50.16734,76.42079
3561,53:37.2,15.5242,-18.61114,-5.85395,24.93279,-50.16734,76.42079
3562,53:37.3,15.5242,-18.61114,-5.85395,24.93279,-50.16734,76.42079
3563,53:37.3,15.19154,-18.23325,-5.84896,24.44268,-50.19969,76.1552
3564,53:37.3,15.19154,-18.23325,-5.84996,24.44292,-50.19969,76.15292
3565,53:37.4,15.19154,-18.23325,-5.84996,24.44292,-50.19969,76.15292
3566,53:37.4,14.96976,-17.85536,-5.83696,24.02036,-50.02385,75.93631
3567,53:37.4,14.96976,-17.85536,-5.83696,24.02036,-50.02385,75.93631
3568,53:37.5,14.96976,-17.85536,-5.83696,24.02036,-50.02385,75.93631
3569,53:37.5,14.74799,-17.47747,-5.83096,23.60011,-49.84136,75.6956
3570,53:37.5,14.74799,-17.47747,-5.83096,23.60011,-49.84136,75.6956
3571,53:37.6,14.74799,-17.47747,-5.83096,23.60011,-49.84136,75.6956
3572,53:37.6,14.6371,-17.09957,-5.82296,23.24967,-49.43673,75.49565
3573,53:37.6,14.6371,-17.09957,-5.82296,23.24967,-49.43673,75.49565
3574,53:37.7,14.6371,-17.09957,-5.82296,23.24967,-49.43673,75.49565
3575,53:37.7,14.6371,-16.62721,-5.81096,22.90145,-48.6422,75.3012
3576,53:37.7,14.6371,-16.62721,-5.81096,22.90145,-48.6422,75.3012
3577,53:37.8,14.6371,-16.62721,-5.81096,22.90145,-48.6422,75.3012
3578,53:37.8,14.63711,-16.24932,-5.78596,22.62217,-47.98802,75.18107
3579,53:37.8,14.63711,-16.24932,-5.78596,22.62217,-47.98802,75.18107
3580,53:37.9,14.63711,-16.24932,-5.78596,22.62217,-47.98802,75.18107
3581,53:37.9,14.63711,-15.77696,-5.77696,22.28296,-47.14631,74.97416
3582,53:37.9,14.63711,-15.77696,-5.77696,22.28296,-47.14631,74.97416
3583,53:38.0,14.63711,-15.77696,-5.77696,22.28296,-47.14631,74.97416
3584,53:38.0,14.74799,-15.39906,-5.77596,22.09064,-46.2372,74.8429
3585,53:38.0,14.74799,-15.39906,-5.77596,22.09064,-46.2372,74.8429
3586,53:38.1,14.74799,-15.39906,-5.77596,22.09064,-46.2372,74.8429
3587,53:38.1,14.96977,-15.11565,-5.77896,22.0448,-45.27781,74.80254
3588,53:38.1,14.96977,-15.11565,-5.77896,22.0448,-45.27781,74.80254
3589,53:38.2,14.96977,-15.11565,-5.77896,22.0448,-45.27781,74.80254
3590,53:38.2,15.19154,-14.73776,-5.78396,21.94171,-44.13135,74.71587
3591,53:38.2,15.19154,-14.73776,-5.78396,21.94171,-44.13135,74.71587
3592,53:38.3,15.19154,-14.73776,-5.78396,21.94171,-44.13135,74.71587
3593,53:38.3,15.41332,-14.35986,-5.78797,21.84666,-42.97357,74.63686
3594,53:38.3,15.41332,-14.35986,-5.78797,21.84666,-42.97357,74.63686
3595,53:38.4,15.41332,-14.35986,-5.78797,21.84666,-42.97357,74.63686
3596,53:38.4,15.63509,-14.07645,-5.79097,21.82058,-41.99706,74.60987
3597,53:38.4,15.63509,-14.07645,-5.79097,21.82058,-41.99706,74.60987
3598,53:38.5,15.63509,-14.07645,-5.79097,21.82058,-41.99706,74.60987
3599,53:38.5,15.74598,-13.69856,-5.79797,21.66109,-41.02234,74.47449
3600,53:38.5,15.74598,-13.69856,-5.79797,21.66109,-41.02234,74.47449
3601,53:38.6,15.74598,-13.69856,-5.79797,21.66109,-41.02234,74.47449
3602,53:38.6,16.07864,-13.41514,-5.80497,21.72985,-39.83977,74.5057
3603,53:38.6,16.07864,-13.41514,-5.80497,21.72985,-39.83977,74.5057
3604,53:38.7,16.07864,-13.41514,-5.80497,21.72985,-39.83977,74.5057
3605,53:38.7,16.18953,-13.03725,-5.81197,21.58355,-38.8441,74.37872
3606,53:38.7,16.18953,-13.03725,-5.81197,21.58355,-38.8441,74.37872
3607,53:38.8,16.18953,-13.03725,-5.81197,21.58355,-38.8441,74.37872
3608,53:38.8,16.41131,-12.65936,-5.81797,21.52763,-37.64588,74.32052
3609,53:38.8,16.41131,-12.65936,-5.81797,21.52763,-37.64588,74.32052
3610,53:38.9,16.41131,-12.65936,-5.81797,21.52763,-37.64588,74.32052
3611,53:38.9,16.63308,-12.37594,-5.81997,21.53358,-36.6513,74.31943
3612,53:38.9,16.63308,-12.37594,-5.81997,21.53358,-36.6513,74.31943
3613,53:39.0,16.63308,-12.37594,-5.81997,21.53358,-36.6513,74.31943
3614,53:39.0,16.85486,-12.09252,-5.83297,21.54852,-35.65755,74.29468
3615,53:39.0,16.85486,-12.09252,-5.83297,21.54852,-35.65755,74.29468
3616,53:39.1,16.85486,-12.09252,-5.83297,21.54852,-35.65755,74.29468
3617,53:39.1,16.96574,-11.71463,-5.83897,21.42808,-34.62458,74.18743
3618,53:39.1,16.96574,-11.71463,-5.83897,21.42808,-34.62458,74.18743
3619,53:39.2,16.96574,-11.71463,-5.83897,21.42808,-34.62458,74.18743
3620,53:39.2,17.18752,-11.24226,-5.84397,21.35302,-33.18849,74.11643
3621,53:39.2,17.18752,-11.24226,-5.84397,21.35302,-33.18849,74.11643
3622,53:39.3,17.18752,-11.24226,-5.84397,21.35302,-33.18849,74.11643
3623,53:39.3,17.29841,-10.7699,-5.84697,21.19936,-31.90618,73.98978
3624,53:39.3,17.29841,-10.7699,-5.84697,21.19936,-31.90618,73.98978
3625,53:39.4,17.29841,-10.7699,-5.84697,21.19936,-31.90618,73.98978
3626,53:39.4,17.40929,-10.29754,-5.84797,21.0552,-30.60417,73.87436
3627,53:39.4,17.40929,-10.29754,-5.84697,21.05492,-30.60417,73.87698
3628,53:39.5,17.40929,-10.29754,-5.84697,21.05492,-30.60417,73.87698
3629,53:39.5,17.52018,-9.82517,-5.84597,20.92047,-29.28335,73.77335
3630,53:39.5,17.52018,-9.82517,-5.84597,20.92047,-29.28335,73.77335
3631,53:39.6,17.52018,-9.82517,-5.84597,20.92047,-29.28335,73.77335
3632,53:39.6,17.52018,-9.35281,-5.84297,20.70198,-28.09466,73.60594
3633,53:39.6,17.52018,-9.35281,-5.84297,20.70198,-28.09466,73.60594
3634,53:39.7,17.52018,-9.35281,-5.84297,20.70198,-28.09466,73.60594
3635,53:39.7,17.52018,-8.88044,-5.83997,20.49206,-26.87905,73.44193
3636,53:39.7,17.52018,-8.88044,-5.84097,20.49234,-26.87905,73.43925
3637,53:39.8,17.52018,-8.88044,-5.84097,20.49234,-26.87905,73.43925
3638,53:39.8,17.4093,-8.40808,-5.82497,20.19182,-25.77892,73.23292
3639,53:39.8,17.4093,-8.40808,-5.82497,20.19182,-25.77892,73.23292
3640,53:39.9,17.4093,-8.40808,-5.82497,20.19182,-25.77892,73.23292
3641,53:39.9,17.29841,-8.03019,-5.81997,19.93968,-24.90146,73.02953
3642,53:39.9,17.29841,-8.03019,-5.81997,19.93968,-24.90146,73.02953
3643,53:40.0,17.29841,-8.03019,-5.81997,19.93968,-24.90146,73.02953
3644,53:40.0,17.07664,-7.55782,-5.81097,19.5576,-23.87336,72.71523
3645,53:40.0,17.07664,-7.55782,-5.81097,19.5576,-23.87336,72.71523
3646,53:40.1,17.07664,-7.55782,-5.81097,19.5576,-23.87336,72.71523
3647,53:40.1,16.85486,-7.17993,-5.80197,19.2172,-23.07332,72.4273
3648,53:40.1,16.85486,-7.17993,-5.80197,19.2172,-23.07332,72.4273
3649,53:40.2,16.85486,-7.17993,-5.80197,19.2172,-23.07332,72.4273
3650,53:40.2,16.63309,-6.89651,-5.78597,18.91293,-22.52018,72.18606
3651,53:40.2,16.63309,-6.89651,-5.78597,18.91293,-22.52018,72.18606
3652,53:40.3,16.63309,-6.89651,-5.78597,18.91293,-22.52018,72.18606
3653,53:40.3,16.41131,-6.51862,-5.77698,18.57948,-21.66313,71.88453
3654,53:40.3,16.41131,-6.51862,-5.77698,18.57948,-21.66313,71.88453
3655,53:40.4,16.41131,-6.51862,-5.77698,18.57948,-21.66313,71.88453
3656,53:40.4,16.07865,-6.2352,-5.76798,18.18434,-21.196,71.50665
3657,53:40.4,16.07865,-6.2352,-5.76798,18.18434,-21.196,71.50665
3658,53:40.5,16.07865,-6.2352,-5.76798,18.18434,-21.196,71.50665
3659,53:40.5,15.74599,-6.04626,-5.75498,17.82171,-21.00615,71.16042
3660,53:40.5,15.74599,-6.04626,-5.75498,17.82171,-21.00615,71.16042
3661,53:40.6,15.74599,-6.04626,-5.75498,17.82171,-21.00615,71.16042
3662,53:40.6,15.41333,-5.85731,-5.73398,17.4573,-20.8076,70.82483
3663,53:40.6,15.41333,-5.85731,-5.73398,17.4573,-20.8076,70.82483
3664,53:40.7,15.41333,-5.85731,-5.73398,17.4573,-20.8076,70.82483
3665,53:40.7,15.08067,-5.66837,-5.72598,17.09806,-20.59973,70.43412
3666,53:40.7,15.08067,-5.66837,-5.72598,17.09806,-20.59973,70.43412
3667,53:40.8,15.08067,-5.66837,-5.72598,17.09806,-20.59973,70.43412
3668,53:40.8,14.748,-5.57389,-5.72298,16.77273,-20.7037,70.04954
3669,53:40.8,14.748,-5.57389,-5.72298,16.77273,-20.7037,70.04954
3670,53:40.9,14.748,-5.57389,-5.72298,16.77273,-20.7037,70.04954
3671,53:40.9,14.41534,-5.47942,-5.72698,16.45067,-20.81232,69.62698
3672,53:40.9,14.41534,-5.47942,-5.72698,16.45067,-20.81232,69.62698
3673,53:41.0,14.41534,-5.47942,-5.72698,16.45067,-20.81232,69.62698
3674,53:41.0,13.97179,-5.38495,-5.73498,16.0343,-21.07745,69.04285
3675,53:41.0,13.97179,-5.38495,-5.73498,16.0343,-21.07745,69.04285
3676,53:41.1,13.97179,-5.38495,-5.73498,16.0343,-21.07745,69.04285
3677,53:41.1,13.63913,-5.38495,-5.74198,15.74782,-21.5449,68.61576
3678,53:41.1,13.63913,-5.38495,-5.74198,15.74782,-21.5449,68.61576
3679,53:41.2,13.63913,-5.38495,-5.74198,15.74782,-21.5449,68.61576
3680,53:41.2,13.30647,-5.38495,-5.74798,15.46283,-22.03251,68.17771
3681,53:41.2,13.30647,-5.38495,-5.74798,15.46283,-22.03251,68.17771
3682,53:41.3,13.30647,-5.38495,-5.74798,15.46283,-22.03251,68.17771
3683,53:41.3,12.97381,-5.38495,-5.75498,15.18016,-22.54153,67.72129
3684,53:41.3,12.97381,-5.38495,-5.75498,15.18016,-22.54153,67.72129
3685,53:41.4,12.97381,-5.38495,-5.75498,15.18016,-22.54153,67.72129
3686,53:41.4,12.64115,-5.47942,-5.77599,14.93937,-23.43476,67.25512
3687,53:41.4,12.64115,-5.47942,-5.77599,14.93937,-23.43476,67.25512
3688,53:41.5,12.64115,-5.47942,-5.77599,14.93937,-23.43476,67.25512
3689,53:41.5,12.41937,-5.57389,-5.78499,14.79105,-24.17085,66.97617
3690,53:41.5,12.41937,-5.57389,-5.78399,14.79066,-24.17085,66.97974
3691,53:41.6,12.41937,-5.57389,-5.78399,14.79066,-24.17085,66.97974
3692,53:41.6,12.08671,-5.76284,-5.79599,14.59083,-25.4914,66.59457
3693,53:41.6,12.08671,-5.76284,-5.79699,14.59123,-25.4914,66.59097
3694,53:41.7,12.08671,-5.76284,-5.79699,14.59123,-25.4914,66.59097
3695,53:41.7,11.86494,-5.85731,-5.80299,14.44851,-26.27397,66.31975
3696,53:41.7,11.86494,-5.85731,-5.80299,14.44851,-26.27397,66.31975
3697,53:41.8,11.86494,-5.85731,-5.80299,14.44851,-26.27397,66.31975
3698,53:41.8,11.64316,-6.04626,-5.80899,14.34799,-27.44271,66.11738
3699,53:41.8,11.64316,-6.04626,-5.80899,14.34799,-27.44271,66.11738
3700,53:41.9,11.64316,-6.04626,-5.80899,14.34799,-27.44271,66.11738
3701,53:41.9,11.53227,-6.2352,-5.80599,14.33808,-28.39894,66.11296
3702,53:41.9,11.53227,-6.2352,-5.80599,14.33808,-28.39894,66.11296
3703,53:42.0,11.53227,-6.2352,-5.80599,14.33808,-28.39894,66.11296
3704,53:42.0,11.3105,-6.42415,-5.80499,14.24412,-29.59575,65.94988
3705,53:42.0,11.3105,-6.42415,-5.80499,14.24412,-29.59575,65.94988
3706,53:42.1,11.3105,-6.42415,-5.80499,14.24412,-29.59575,65.94988
3707,53:42.1,11.19961,-6.61309,-5.80799,14.24419,-30.5608,65.93679
3708,53:42.1,11.19961,-6.61309,-5.80799,14.24419,-30.5608,65.93679
3709,53:42.2,11.19961,-6.61309,-5.80799,14.24419,-30.5608,65.93679
3710,53:42.2,11.08872,-6.80204,-5.81299,14.24845,-31.52576,65.92242
3711,53:42.2,11.08872,-6.80204,-5.81299,14.24845,-31.52576,65.92242
3712,53:42.3,11.08872,-6.80204,-5.81299,14.24845,-31.52576,65.92242
3713,53:42.3,10.97784,-7.08546,-5.81899,14.30305,-32.83953,65.99381
3714,53:42.3,10.97784,-7.08546,-5.81899,14.30305,-32.83953,65.99381
3715,53:42.4,10.97784,-7.08546,-5.81899,14.30305,-32.83953,65.99381
3716,53:42.4,10.86695,-7.2744,-5.82599,14.31606,-33.79859,65.98633
3717,53:42.4,10.86695,-7.2744,-5.82599,14.31606,-33.79859,65.98633
3718,53:42.5,10.86695,-7.2744,-5.82599,14.31606,-33.79859,65.98633
3719,53:42.5,10.86695,-7.46335,-5.83099,14.41501,-34.48102,66.1397
3720,53:42.5,10.86695,-7.46335,-5.83099,14.41501,-34.48102,66.1397
3721,53:42.6,10.86695,-7.46335,-5.83099,14.41501,-34.48102,66.1397
3722,53:42.6,10.75606,-7.74677,-5.83899,14.48444,-35.76231,66.22655
3723,53:42.6,10.75606,-7.74677,-5.83899,14.48444,-35.76231,66.22655
3724,53:42.7,10.75606,-7.74677,-5.83899,14.48444,-35.76231,66.22655
3725,53:42.7,10.75606,-8.03018,-5.84899,14.64197,-36.74402,66.45513
3726,53:42.7,10.75606,-8.03018,-5.84899,14.64197,-36.74402,66.45513
3727,53:42.8,10.75606,-8.03018,-5.84899,14.64197,-36.74402,66.45513
3728,53:42.8,10.75606,-8.21913,-5.85699,14.74962,-37.38487,66.60336
3729,53:42.8,10.75606,-8.21913,-5.85699,14.74962,-37.38487,66.60336
3730,53:42.9,10.75606,-8.21913,-5.85699,14.74962,-37.38487,66.60336
3731,53:42.9,10.75606,-8.50255,-5.85899,14.91019,-38.32598,66.86171
3732,53:42.9,10.75606,-8.50255,-5.85899,14.91019,-38.32598,66.86171
3733,53:43.0,10.75606,-8.50255,-5.85899,14.91019,-38.32598,66.86171
3734,53:43.0,10.75606,-8.78597,-5.86198,15.07478,-39.24328,67.11639
3735,53:43.0,10.75606,-8.78597,-5.86198,15.07478,-39.24328,67.11639
3736,53:43.1,10.75606,-8.78597,-5.86198,15.07478,-39.24328,67.11639
3737,53:43.1,10.75606,-8.97491,-5.86098,15.18529,-39.84179,67.29636
3738,53:43.1,10.75606,-8.97491,-5.86098,15.18529,-39.84179,67.29636
3739,53:43.2,10.75606,-8.97491,-5.86098,15.18529,-39.84179,67.29636
3740,53:43.2,10.75606,-9.3528,-5.85998,15.41127,-41.0082,67.65144
3741,53:43.2,10.75606,-9.3528,-5.85998,15.41127,-41.0082,67.65144
3742,53:43.3,10.75606,-9.3528,-5.85998,15.41127,-41.0082,67.65144
3743,53:43.3,10.86695,-9.63622,-5.85698,15.66051,-41.56488,68.03767
3744,53:43.3,10.86695,-9.63622,-5.85698,15.66051,-41.56488,68.03767
3745,53:43.4,10.86695,-9.63622,-5.85698,15.66051,-41.56488,68.03767
3746,53:43.4,10.86695,-9.91964,-5.84798,15.83315,-42.39066,68.32443
3747,53:43.4,10.86695,-9.91964,-5.84798,15.83315,-42.39066,68.32443
3748,53:43.5,10.86695,-9.91964,-5.84798,15.83315,-42.39066,68.32443
3749,53:43.5,10.86695,-10.20306,-5.84298,16.01041,-43.19528,68.59556
3750,53:43.5,10.86695,-10.20306,-5.84298,16.01041,-43.19528,68.59556
3751,53:43.6,10.86695,-10.20306,-5.84298,16.01041,-43.19528,68.59556
3752,53:43.6,10.86695,-10.58095,-5.83398,16.25061,-44.23603,68.96116
3753,53:43.6,10.86695,-10.58095,-5.83398,16.25061,-44.23603,68.96116
3754,53:43.7,10.86695,-10.58095,-5.83398,16.25061,-44.23603,68.96116
3755,53:43.7,10.86695,-10.95884,-5.82598,16.49632,-45.24123,69.31877
3756,53:43.7,10.86695,-10.95884,-5.82598,16.49632,-45.24123,69.31877
3757,53:43.8,10.86695,-10.95884,-5.82598,16.49632,-45.24123,69.31877
3758,53:43.8,10.86695,-11.33673,-5.81498,16.74592,-46.21208,69.68095
3759,53:43.8,10.86695,-11.33673,-5.81498,16.74592,-46.21208,69.68095
3760,53:43.9,10.86695,-11.33673,-5.81498,16.74592,-46.21208,69.68095
3761,53:43.9,10.86694,-11.71462,-5.81998,17.00573,-47.14978,69.98682
3762,53:43.9,10.86694,-11.71462,-5.81998,17.00573,-47.14978,69.98682
3763,53:44.0,10.86694,-11.71462,-5.81998,17.00573,-47.14978,69.98682
3764,53:44.0,10.86694,-12.18699,-5.82498,17.33619,-48.27711,70.36657
3765,53:44.0,10.86694,-12.18699,-5.82498,17.33619,-48.27711,70.36657
3766,53:44.1,10.86694,-12.18699,-5.82498,17.33619,-48.27711,70.36657
3767,53:44.1,10.86694,-12.56488,-5.82598,17.60422,-49.14456,70.67403
3768,53:44.1,10.86694,-12.56488,-5.82598,17.60422,-49.14456,70.67403
3769,53:44.2,10.86694,-12.56488,-5.82598,17.60422,-49.14456,70.67403
3770,53:44.2,10.86694,-13.03724,-5.82098,17.94279,-50.18775,71.06964
3771,53:44.2,10.86694,-13.03724,-5.82098,17.94279,-50.18775,71.06964
3772,53:44.3,10.86694,-13.03724,-5.82098,17.94279,-50.18775,71.06964
3773,53:44.3,10.86694,-13.41513,-5.81598,18.21762,-50.99076,71.38242
3774,53:44.3,10.86694,-13.41513,-5.81598,18.21762,-50.99076,71.38242
3775,53:44.4,10.86694,-13.41513,-5.81598,18.21762,-50.99076,71.38242
3776,53:44.4,10.97783,-13.88749,-5.81698,18.63364,-51.67423,71.80958
3777,53:44.4,10.97783,-13.88749,-5.81698,18.63364,-51.67423,71.80958
3778,53:44.5,10.97783,-13.88749,-5.81698,18.63364,-51.67423,71.80958
3779,53:44.5,10.97783,-14.35986,-5.82197,18.98983,-52.6028,72.14653
3780,53:44.5,10.97783,-14.35986,-5.82197,18.98983,-52.6028,72.14653
3781,53:44.6,10.97783,-14.35986,-5.82197,18.98983,-52.6028,72.14653
3782,53:44.6,11.08872,-14.83222,-5.83097,19.41532,-53.21785,72.52267
3783,53:44.6,11.08872,-14.83222,-5.83097,19.41532,-53.21785,72.52267
3784,53:44.7,11.08872,-14.83222,-5.83097,19.41532,-53.21785,72.52267
3785,53:44.7,11.1996,-15.30459,-5.83597,19.84238,-53.80405,72.89543
3786,53:44.7,11.1996,-15.30459,-5.83597,19.84238,-53.80405,72.89543
3787,53:44.8,11.1996,-15.30459,-5.83597,19.84238,-53.80405,72.89543
3788,53:44.8,11.31049,-15.77695,-5.83897,20.27148,-54.36328,73.25943
3789,53:44.8,11.31049,-15.77695,-5.83897,20.27148,-54.36328,73.25943
3790,53:44.9,11.31049,-15.77695,-5.83897,20.27148,-54.36328,73.25943
3791,53:44.9,11.53226,-16.24931,-5.84197,20.76444,-54.63639,73.65951
3792,53:44.9,11.53226,-16.24931,-5.84197,20.76444,-54.63639,73.65951
3793,53:45.0,11.53226,-16.24931,-5.84197,20.76444,-54.63639,73.65951
3794,53:45.0,11.75404,-16.72168,-5.84997,21.26015,-54.89577,74.02838
3795,53:45.0,11.75404,-16.72168,-5.84997,21.26015,-54.89577,74.02838
3796,53:45.1,11.75404,-16.72168,-5.84997,21.26015,-54.89577,74.02838
3797,53:45.1,11.97581,-17.09957,-5.85797,21.68251,-54.99424,74.32561
3798,53:45.1,11.97581,-17.09957,-5.85797,21.68251,-54.99424,74.32561
3799,53:45.2,11.97581,-17.09957,-5.85797,21.68251,-54.99424,74.32561
3800,53:45.2,12.30847,-17.47746,-5.86196,22.1658,-54.84495,74.66514
3801,53:45.2,12.30847,-17.47746,-5.86196,22.1658,-54.84495,74.66514
3802,53:45.3,12.30847,-17.47746,-5.86196,22.1658,-54.84495,74.66514
3803,53:45.3,12.64113,-17.85535,-5.86396,22.64946,-54.70249,74.99515
3804,53:45.3,12.64113,-17.85535,-5.86396,22.64946,-54.70249,74.99515
3805,53:45.4,12.64113,-17.85535,-5.86396,22.64946,-54.70249,74.99515
3806,53:45.4,12.97379,-18.13877,-5.86196,23.05856,-54.42568,75.27259
3807,53:45.4,12.97379,-18.13877,-5.86196,23.05856,-54.42568,75.27259
3808,53:45.5,12.97379,-18.13877,-5.86196,23.05856,-54.42568,75.27259
3809,53:45.5,13.30645,-18.42219,-5.85696,23.46791,-54.1592,75.54775
3810,53:45.5,13.30645,-18.42219,-5.85696,23.46791,-54.1592,75.54775
3811,53:45.6,13.30645,-18.42219,-5.85696,23.46791,-54.1592,75.54775
3812,53:45.6,13.63912,-18.70561,-5.85096,23.878,-53.9025,75.81607
3813,53:45.6,13.63912,-18.70561,-5.85096,23.878,-53.9025,75.81607
3814,53:45.7,13.63912,-18.70561,-5.85096,23.878,-53.9025,75.81607
3815,53:45.7,13.97178,-18.89456,-5.84096,24.21429,-53.51854,76.04148
3816,53:45.7,13.97178,-18.89456,-5.84096,24.21429,-53.51854,76.04148
3817,53:45.8,13.97178,-18.89456,-5.84096,24.21429,-53.51854,76.04148
3818,53:45.8,14.41533,-19.0835,-5.82596,24.61551,-52.93327,76.30943
3819,53:45.8,14.41533,-19.0835,-5.82596,24.61551,-52.93327,76.30943
3820,53:45.9,14.41533,-19.0835,-5.82596,24.61551,-52.93327,76.30943
3821,53:45.9,14.85887,-19.27245,-5.81995,25.0217,-52.36812,76.55003
3822,53:45.9,14.85887,-19.27245,-5.81995,25.0217,-52.36812,76.55003
3823,53:46.0,14.85887,-19.27245,-5.81995,25.0217,-52.36812,76.55003
3824,53:46.0,15.19154,-19.36692,-5.81695,25.29224,-51.88914,76.70354
3825,53:46.0,15.19154,-19.36692,-5.81695,25.29224,-51.88914,76.70354
3826,53:46.1,15.19154,-19.36692,-5.81695,25.29224,-51.88914,76.70354
3827,53:46.1,15.63509,-19.4614,-5.81295,25.63186,-51.22196,76.89207
3828,53:46.1,15.63509,-19.4614,-5.81295,25.63186,-51.22196,76.89207
3829,53:46.2,15.63509,-19.4614,-5.81295,25.63186,-51.22196,76.89207
3830,53:46.2,16.07863,-19.4614,-5.80295,25.90256,-50.43713,77.05416
3831,53:46.2,16.07863,-19.4614,-5.80295,25.90256,-50.43713,77.05416
3832,53:46.3,16.07863,-19.4614,-5.80295,25.90256,-50.43713,77.05416
3833,53:46.3,16.4113,-19.55587,-5.79795,26.17974,-49.99661,77.20479
3834,53:46.3,16.4113,-19.55587,-5.79795,26.17974,-49.99661,77.20479
3835,53:46.4,16.4113,-19.55587,-5.79795,26.17974,-49.99661,77.20479
3836,53:46.4,16.85485,-19.4614,-5.79495,26.38964,-49.10529,77.31494
3837,53:46.4,16.85485,-19.4614,-5.79495,26.38964,-49.10529,77.31494
3838,53:46.5,16.85485,-19.4614,-5.79495,26.38964,-49.10529,77.31494
3839,53:46.5,17.18751,-19.4614,-5.79295,26.60291,-48.55038,77.42272
3840,53:46.5,17.18751,-19.4614,-5.79295,26.60291,-48.55038,77.42272
3841,53:46.6,17.18751,-19.4614,-5.79295,26.60291,-48.55038,77.42272
3842,53:46.6,17.63106,-19.36693,-5.78995,26.82267,-47.68623,77.534
3843,53:46.6,17.63106,-19.36693,-5.78995,26.82267,-47.68623,77.534
3844,53:46.7,17.63106,-19.36693,-5.78995,26.82267,-47.68623,77.534
3845,53:46.7,17.96372,-19.27246,-5.78795,26.97449,-47.01294,77.60963
3846,53:46.7,17.96372,-19.27246,-5.78795,26.97449,-47.01294,77.60963
3847,53:46.8,17.96372,-19.27246,-5.78795,26.97449,-47.01294,77.60963
3848,53:46.8,18.40727,-19.17798,-5.78494,27.20456,-46.17473,77.72253
3849,53:46.8,18.40727,-19.17798,-5.78494,27.20456,-46.17473,77.72253
3850,53:46.9,18.40727,-19.17798,-5.78494,27.20456,-46.17473,77.72253
3851,53:46.9,18.73993,-19.08351,-5.78194,27.36414,-45.52045,77.80167
3852,53:46.9,18.73993,-19.08351,-5.78094,27.36393,-45.52045,77.80371
3853,53:47.0,18.73993,-19.08351,-5.78094,27.36393,-45.52045,77.80371
3854,53:47.0,19.07259,-18.89457,-5.77094,27.46037,-44.73135,77.86855
3855,53:47.0,19.07259,-18.89457,-5.77194,27.46058,-44.73135,77.86651
3856,53:47.1,19.07259,-18.89457,-5.77194,27.46058,-44.73135,77.86651
3857,53:47.1,19.40525,-18.80009,-5.76494,27.62683,-44.09253,77.95547
3858,53:47.1,19.40525,-18.80009,-5.76494,27.62683,-44.09253,77.95547
3859,53:47.2,19.40525,-18.80009,-5.76494,27.62683,-44.09253,77.95547
3860,53:47.2,19.8488,-18.61115,-5.75894,27.81214,-43.15684,78.04955
3861,53:47.2,19.8488,-18.61115,-5.75894,27.81214,-43.15684,78.04955
3862,53:47.3,19.8488,-18.61115,-5.75894,27.81214,-43.15684,78.04955
3863,53:47.3,20.29235,-18.4222,-5.75394,28.00473,-42.23442,78.14339
3864,53:47.3,20.29235,-18.4222,-5.75394,28.00473,-42.23442,78.14339
3865,53:47.4,20.29235,-18.4222,-5.75394,28.00473,-42.23442,78.14339
3866,53:47.4,20.62501,-18.32773,-5.74694,28.18376,-41.62483,78.23432
3867,53:47.4,20.62501,-18.32773,-5.74694,28.18376,-41.62483,78.23432
3868,53:47.5,20.62501,-18.32773,-5.74694,28.18376,-41.62483,78.23432
3869,53:47.5,21.06856,-18.13879,-5.74394,28.38825,-40.7265,78.32646
3870,53:47.5,21.06856,-18.13879,-5.74394,28.38825,-40.7265,78.32646
3871,53:47.6,21.06856,-18.13879,-5.74394,28.38825,-40.7265,78.32646
3872,53:47.6,21.623,-17.94984,-5.73994,28.68271,-39.69699,78.45612
3873,53:47.6,21.623,-17.94984,-5.73994,28.68271,-39.69699,78.45612
3874,53:47.7,21.623,-17.94984,-5.73994,28.68271,-39.69699,78.45612
3875,53:47.7,22.06655,-17.7609,-5.73894,28.90186,-38.82985,78.54686
3876,53:47.7,22.06655,-17.7609,-5.73894,28.90186,-38.82985,78.54686
3877,53:47.8,22.06655,-17.7609,-5.73894,28.90186,-38.82985,78.54686
3878,53:47.8,22.5101,-17.57195,-5.73394,29.12655,-37.9765,78.64643
3879,53:47.8,22.5101,-17.57195,-5.73394,29.12655,-37.9765,78.64643
3880,53:47.9,22.5101,-17.57195,-5.73394,29.12655,-37.9765,78.64643
3881,53:47.9,22.95365,-17.28853,-5.73394,29.30258,-36.98681,78.71554
3882,53:47.9,22.95365,-17.28853,-5.73394,29.30258,-36.98681,78.71554
3883,53:48.0,22.95365,-17.28853,-5.73394,29.30258,-36.98681,78.71554
3884,53:48.0,23.3972,-17.00512,-5.73493,29.48715,-36.00971,78.78511
3885,53:48.0,23.3972,-17.00512,-5.73493,29.48715,-36.00971,78.78511
3886,53:48.1,23.3972,-17.00512,-5.73493,29.48715,-36.00971,78.78511
3887,53:48.1,23.84075,-16.62723,-5.73493,29.6266,-34.89303,78.83858
3888,53:48.1,23.84075,-16.62723,-5.73493,29.6266,-34.89303,78.83858
3889,53:48.2,23.84075,-16.62723,-5.73493,29.6266,-34.89303,78.83858
3890,53:48.2,24.17341,-16.34381,-5.73893,29.73902,-34.06289,78.87346
3891,53:48.2,24.17341,-16.34381,-5.73893,29.73902,-34.06289,78.87346
3892,53:48.3,24.17341,-16.34381,-5.73893,29.73902,-34.06289,78.87346
3893,53:48.3,24.50607,-15.96592,-5.74093,29.80631,-33.08459,78.89498
3894,53:48.3,24.50607,-15.96592,-5.74093,29.80631,-33.08459,78.89498
3895,53:48.4,24.50607,-15.96592,-5.74093,29.80631,-33.08459,78.89498
3896,53:48.4,24.72785,-15.49355,-5.74793,29.74147,-32.06973,78.85672
3897,53:48.4,24.72785,-15.49355,-5.74893,29.74167,-32.06973,78.85483
3898,53:48.5,24.72785,-15.49355,-5.74893,29.74167,-32.06973,78.85483
3899,53:48.5,24.94962,-15.11566,-5.75993,29.73455,-31.20946,78.83052
3900,53:48.5,24.94962,-15.11566,-5.75893,29.73436,-31.20946,78.83241
3901,53:48.6,24.94962,-15.11566,-5.75893,29.73436,-31.20946,78.83241
3902,53:48.6,25.1714,-14.6433,-5.77893,29.68874,-30.18843,78.77568
3903,53:48.6,25.1714,-14.6433,-5.77893,29.68874,-30.18843,78.77568
3904,53:48.7,25.1714,-14.6433,-5.77893,29.68874,-30.18843,78.77568
3905,53:48.7,25.28229,-14.26541,-5.78493,29.60002,-29.43365,78.72976
3906,53:48.7,25.28229,-14.26541,-5.78493,29.60002,-29.43365,78.72976
3907,53:48.8,25.28229,-14.26541,-5.78493,29.60002,-29.43365,78.72976
3908,53:48.8,25.39317,-13.79304,-5.79193,29.47215,-28.50989,78.66634
3909,53:48.8,25.39317,-13.79304,-5.79193,29.47215,-28.50989,78.66634
3910,53:48.9,25.39317,-13.79304,-5.79193,29.47215,-28.50989,78.66634
3911,53:48.9,25.39317,-13.32068,-5.79994,29.25565,-27.68047,78.56535
3912,53:48.9,25.39317,-13.32068,-5.79994,29.25565,-27.68047,78.56535
3913,53:49.0,25.39317,-13.32068,-5.79994,29.25565,-27.68047,78.56535
3914,53:49.0,25.39317,-12.84831,-5.81894,29.04742,-26.83827,78.44401
3915,53:49.0,25.39317,-12.84831,-5.81894,29.04742,-26.83827,78.44401
3916,53:49.1,25.39317,-12.84831,-5.81894,29.04742,-26.83827,78.44401
3917,53:49.1,25.39317,-12.47042,-5.82094,28.88266,-26.15535,78.37312
3918,53:49.1,25.39317,-12.47042,-5.82094,28.88266,-26.15535,78.37312
3919,53:49.2,25.39317,-12.47042,-5.82094,28.88266,-26.15535,78.37312
3920,53:49.2,25.28229,-11.99806,-5.82094,28.58375,-25.38732,78.24981
3921,53:49.2,25.28229,-11.99806,-5.82094,28.58375,-25.38732,78.24981
3922,53:49.3,25.28229,-11.99806,-5.82094,28.58375,-25.38732,78.24981
3923,53:49.3,25.1714,-11.62016,-5.81894,28.32821,-24.78001,78.14641
3924,53:49.3,25.1714,-11.62016,-5.81894,28.32821,-24.78001,78.14641
3925,53:49.4,25.1714,-11.62016,-5.81894,28.32821,-24.78001,78.14641
3926,53:49.4,24.94963,-11.24227,-5.80994,27.97549,-24.25627,78.01359
3927,53:49.4,24.94963,-11.24227,-5.80994,27.97549,-24.25627,78.01359
3928,53:49.5,24.94963,-11.24227,-5.80994,27.97549,-24.25627,78.01359
3929,53:49.5,24.83874,-10.86438,-5.80794,27.72598,-23.62441,77.90832
3930,53:49.5,24.83874,-10.86438,-5.80794,27.72598,-23.62441,77.90832
3931,53:49.6,24.83874,-10.86438,-5.80794,27.72598,-23.62441,77.90832
3932,53:49.6,24.72785,-10.48649,-5.80694,27.48006,-22.98064,77.80059
3933,53:49.7,24.72785,-10.48649,-5.80694,27.48006,-22.98064,77.80059
3934,53:49.7,24.72785,-10.48649,-5.80694,27.48006,-22.98064,77.80059
3935,53:49.7,24.50608,-10.1086,-5.80294,27.1368,-22.41583,77.65249
3936,53:49.7,24.50608,-10.1086,-5.80294,27.1368,-22.41583,77.65249
3937,53:49.8,24.50608,-10.1086,-5.80294,27.1368,-22.41583,77.65249
3938,53:49.8,24.39519,-9.63623,-5.78895,26.86065,-21.55429,77.5541
3939,53:49.8,24.39519,-9.63623,-5.78895,26.86065,-21.55429,77.5541
3940,53:49.9,24.39519,-9.63623,-5.78895,26.86065,-21.55429,77.5541
3941,53:49.9,24.17342,-9.16387,-5.78495,26.49144,-20.76115,77.38666
3942,53:49.9,24.17342,-9.16387,-5.78495,26.49144,-20.76115,77.38666
3943,53:50.0,24.17342,-9.16387,-5.78495,26.49144,-20.76115,77.38666
3944,53:50.0,24.06253,-8.6915,-5.78195,26.22935,-19.85997,77.26523
3945,53:50.0,24.06253,-8.6915,-5.78195,26.22935,-19.85997,77.26523
3946,53:50.1,24.06253,-8.6915,-5.78195,26.22935,-19.85997,77.26523
3947,53:50.1,23.84076,-8.21914,-5.78095,25.8719,-19.02172,77.08854
3948,53:50.1,23.84076,-8.21914,-5.78095,25.8719,-19.02172,77.08854
3949,53:50.2,23.84076,-8.21914,-5.78095,25.8719,-19.02172,77.08854
3950,53:50.2,23.61898,-7.6523,-5.77395,25.49025,-17.95178,76.90795
3951,53:50.2,23.61898,-7.6523,-5.77395,25.49025,-17.95178,76.90795
3952,53:50.3,23.61898,-7.6523,-5.77395,25.49025,-17.95178,76.90795
3953,53:50.3,23.5081,-7.17994,-5.77195,25.24871,-16.98393,76.78511
3954,53:50.3,23.5081,-7.17994,-5.77195,25.24871,-16.98393,76.78511
3955,53:50.4,23.5081,-7.17994,-5.77195,25.24871,-16.98393,76.78511
3956,53:50.4,23.17543,-6.70757,-5.76695,24.80625,-16.14182,76.55688
3957,53:50.4,23.17543,-6.70757,-5.76695,24.80625,-16.14182,76.55688
3958,53:50.5,23.17543,-6.70757,-5.76695,24.80625,-16.14182,76.55688
3959,53:50.5,22.95366,-6.23521,-5.76596,24.47437,-15.1973,76.3735
3960,53:50.5,22.95366,-6.23521,-5.76696,24.4746,-15.1973,76.37123
3961,53:50.6,22.95366,-6.23521,-5.76696,24.4746,-15.1973,76.37123
3962,53:50.6,22.73189,-5.76284,-5.77096,24.15063,-14.22556,76.17502
3963,53:50.6,22.73189,-5.76284,-5.77096,24.15063,-14.22556,76.17502
3964,53:50.7,22.73189,-5.76284,-5.77096,24.15063,-14.22556,76.17502
3965,53:50.7,22.39923,-5.29048,-5.77696,23.72947,-13.28917,75.9097
3966,53:50.7,22.39923,-5.29048,-5.77696,23.72947,-13.28917,75.9097
3967,53:50.8,22.39923,-5.29048,-5.77696,23.72947,-13.28917,75.9097
3968,53:50.8,22.06656,-4.91259,-5.78696,23.33572,-12.55085,75.64156
3969,53:50.8,22.06656,-4.91259,-5.78696,23.33572,-12.55085,75.64156
3970,53:50.9,22.06656,-4.91259,-5.78696,23.33572,-12.55085,75.64156
3971,53:50.9,21.62301,-4.62917,-5.79396,22.85944,-12.08378,75.31763
3972,53:50.9,21.62301,-4.62917,-5.79296,22.85919,-12.08378,75.32005
3973,53:51.0,21.62301,-4.62917,-5.79296,22.85919,-12.08378,75.32005
3974,53:51.0,21.29035,-4.25128,-5.81096,22.47487,-11.29236,75.01573
3975,53:51.1,21.29035,-4.25128,-5.81096,22.47487,-11.29236,75.01573
3976,53:51.1,21.29035,-4.25128,-5.81096,22.47487,-11.29236,75.01573
3977,53:51.1,20.8468,-3.96786,-5.81896,22.0044,-10.77645,74.66599
3978,53:51.2,20.8468,-3.96786,-5.81896,22.0044,-10.77645,74.66599
3979,53:51.2,20.8468,-3.96786,-5.81896,22.0044,-10.77645,74.66599
3980,53:51.2,20.40326,-3.77891,-5.82197,21.55153,-10.49292,74.3273
3981,53:51.2,20.40326,-3.77891,-5.82197,21.55153,-10.49292,74.3273
3982,53:51.3,20.40326,-3.77891,-5.82197,21.55153,-10.49292,74.3273
3983,53:51.3,19.95971,-3.58997,-5.81197,21.09637,-10.19625,74.00842
3984,53:51.3,19.95971,-3.58997,-5.81197,21.09637,-10.19625,74.00842
3985,53:51.4,19.95971,-3.58997,-5.81197,21.09637,-10.19625,74.00842
3986,53:51.4,19.51616,-3.40102,-5.79397,20.64019,-9.88549,73.69724
3987,53:51.4,19.51616,-3.40102,-5.79397,20.64019,-9.88549,73.69724
3988,53:51.5,19.51616,-3.40102,-5.79397,20.64019,-9.88549,73.69724
3989,53:51.5,19.1835,-3.30655,-5.77597,20.30521,-9.77965,73.47357
3990,53:51.6,19.1835,-3.30655,-5.77597,20.30521,-9.77965,73.47357
3991,53:51.6,19.1835,-3.30655,-5.77597,20.30521,-9.77965,73.47357
3992,53:51.6,18.73995,-3.21208,-5.76397,19.86772,-9.72613,73.13502
3993,53:51.6,18.73995,-3.21208,-5.76397,19.86772,-9.72613,73.13502
3994,53:51.7,18.73995,-3.21208,-5.76397,19.86772,-9.72613,73.13502
3995,53:51.7,18.2964,-3.21208,-5.75697,19.44784,-9.95725,72.78121
3996,53:51.7,18.2964,-3.21208,-5.75697,19.44784,-9.95725,72.78121
3997,53:51.8,18.2964,-3.21208,-5.75697,19.44784,-9.95725,72.78121
3998,53:51.8,17.85285,-3.21208,-5.72697,19.02209,-10.19951,72.47814
3999,53:51.9,17.85285,-3.21208,-5.72697,19.02209,-10.19951,72.47814
4000,53:51.9,17.85285,-3.21208,-5.72697,19.02209,-10.19951,72.47814
4001,53:51.9,17.52019,-3.30655,-5.71397,18.72271,-10.68761,72.23043
4002,53:51.9,17.52019,-3.30655,-5.71397,18.72271,-10.68761,72.23043
4003,53:52.0,17.52019,-3.30655,-5.71397,18.72271,-10.68761,72.23043
4004,53:52.0,17.07664,-3.40102,-5.70498,18.32281,-11.26377,71.85883
4005,53:52.0,17.07664,-3.40102,-5.70498,18.32281,-11.26377,71.85883
4006,53:52.1,17.07664,-3.40102,-5.70498,18.32281,-11.26377,71.85883
4007,53:52.1,16.74398,-3.49549,-5.70398,18.03093,-11.79179,71.55803
4008,53:52.2,16.74398,-3.49549,-5.70398,18.03093,-11.79179,71.55803
4009,53:52.2,16.74398,-3.49549,-5.70398,18.03093,-11.79179,71.55803
4010,53:52.2,16.41131,-3.68444,-5.69998,17.75939,-12.65344,71.27927
4011,53:52.2,16.41131,-3.68444,-5.69998,17.75939,-12.65344,71.27927
4012,53:52.3,16.41131,-3.68444,-5.69998,17.75939,-12.65344,71.27927
4013,53:52.3,16.07865,-3.87338,-5.70298,17.49429,-13.54461,70.97438
4014,53:52.4,16.07865,-3.87338,-5.70298,17.49429,-13.54461,70.97438
4015,53:52.4,16.07865,-3.87338,-5.70298,17.49429,-13.54461,70.97438
4016,53:52.4,15.74599,-4.06233,-5.70698,17.23393,-14.46637,70.66154
4017,53:52.5,15.74599,-4.06233,-5.70698,17.23393,-14.46637,70.66154
4018,53:52.5,15.74599,-4.06233,-5.70698,17.23393,-14.46637,70.66154
4019,53:52.5,15.52422,-4.34575,-5.71098,17.10269,-15.63872,70.49295
4020,53:52.6,15.52422,-4.34575,-5.71098,17.10269,-15.63872,70.49295
4021,53:52.6,15.52422,-4.34575,-5.71098,17.10269,-15.63872,70.49295
4022,53:52.6,15.30244,-4.62917,-5.71598,16.97841,-16.83118,70.32638
4023,53:52.7,15.30244,-4.62917,-5.71598,16.97841,-16.83118,70.32638
4024,53:52.7,15.30244,-4.62917,-5.71598,16.97841,-16.83118,70.32638
4025,53:52.7,15.08067,-4.91259,-5.71998,16.86055,-18.04322,70.16867
4026,53:52.8,15.08067,-4.91259,-5.71998,16.86055,-18.04322,70.16867
4027,53:52.8,15.08067,-4.91259,-5.71998,16.86055,-18.04322,70.16867
4028,53:52.8,14.85889,-5.196,-5.72498,16.74994,-19.27421,70.01397
4029,53:52.9,14.85889,-5.196,-5.72498,16.74994,-19.27421,70.01397
4030,53:52.9,14.85889,-5.196,-5.72498,16.74994,-19.27421,70.01397
4031,53:52.9,14.63712,-5.47942,-5.72698,16.64535,-20.52345,69.87564
4032,53:53.0,14.63712,-5.47942,-5.72698,16.64535,-20.52345,69.87564
4033,53:53.0,14.63712,-5.47942,-5.72698,16.64535,-20.52345,69.87564
4034,53:53.0,14.52623,-5.85731,-5.72798,16.67721,-21.96044,69.91208
4035,53:53.1,14.52623,-5.85731,-5.72798,16.67721,-21.96044,69.91208
4036,53:53.1,14.52623,-5.85731,-5.72798,16.67721,-21.96044,69.91208
4037,53:53.1,14.41534,-6.14073,-5.72798,16.68294,-23.07332,69.91928
4038,53:53.2,14.41534,-6.14073,-5.72798,16.68294,-23.07332,69.91928
4039,53:53.2,14.41534,-6.14073,-5.72798,16.68294,-23.07332,69.91928
4040,53:53.2,14.30445,-6.51862,-5.72998,16.73148,-24.49903,69.97275
4041,53:53.3,14.30445,-6.51862,-5.72998,16.73148,-24.49903,69.97275
4042,53:53.3,14.30445,-6.51862,-5.72998,16.73148,-24.49903,69.97275
4043,53:53.3,14.19357,-6.80204,-5.73098,16.7502,-25.60533,69.99245
4044,53:53.4,14.19357,-6.80204,-5.73098,16.7502,-25.60533,69.99245
4045,53:53.4,14.19357,-6.80204,-5.73098,16.7502,-25.60533,69.99245
4046,53:53.4,14.19357,-7.08546,-5.72798,16.86626,-26.52847,70.14678
4047,53:53.5,14.19357,-7.08546,-5.72798,16.86626,-26.52847,70.14678
4048,53:53.5,14.19357,-7.08546,-5.72798,16.86626,-26.52847,70.14678
4049,53:53.5,14.08268,-7.46335,-5.72798,16.93615,-27.9221,70.23213
4050,53:53.6,14.08268,-7.46335,-5.72798,16.93615,-27.9221,70.23213
4051,53:53.6,14.08268,-7.74677,-5.72998,17.06361,-28.81484,70.37874
4052,53:53.6,14.08268,-7.74677,-5.72998,17.06361,-28.81484,70.37874
4053,53:53.7,14.08268,-7.74677,-5.72998,17.06361,-28.81484,70.37874
4054,53:53.7,14.08268,-7.74677,-5.72998,17.06361,-28.81484,70.37874
4055,53:53.7,13.97179,-8.12466,-5.73398,17.14933,-30.17819,70.46663
4056,53:53.8,13.97179,-8.12466,-5.73398,17.14933,-30.17819,70.46663
4057,53:53.8,13.97179,-8.12466,-5.73398,17.14933,-30.17819,70.46663
4058,53:53.8,13.97179,-8.40808,-5.73298,17.28507,-31.03909,70.62969
4059,53:53.9,13.97179,-8.40808,-5.73298,17.28507,-31.03909,70.62969
4060,53:53.9,13.97179,-8.40808,-5.73298,17.28507,-31.03909,70.62969
4061,53:53.9,13.97179,-8.78597,-5.73298,17.47201,-32.16317,70.84508
4062,53:54.0,13.97179,-8.78597,-5.73298,17.47201,-32.16317,70.84508
4063,53:54.0,13.97179,-8.78597,-5.73298,17.47201,-32.16317,70.84508
4064,53:54.0,13.97179,-9.16386,-5.73198,17.66473,-33.26019,71.0655
4065,53:54.1,13.97179,-9.16386,-5.73198,17.66473,-33.26019,71.0655
4066,53:54.1,13.97179,-9.16386,-5.73198,17.66473,-33.26019,71.0655
4067,53:54.1,13.97179,-9.44728,-5.73098,17.81309,-34.0653,71.23251
4068,53:54.2,13.97179,-9.44728,-5.73098,17.81309,-34.0653,71.23251
4069,53:54.2,13.97179,-9.44728,-5.73098,17.81309,-34.0653,71.23251
4070,53:54.2,14.08268,-9.82517,-5.73198,18.1028,-34.90262,71.54046
4071,53:54.3,14.08268,-9.82517,-5.73198,18.1028,-34.90262,71.54046
4072,53:54.3,14.08268,-9.82517,-5.73198,18.1028,-34.90262,71.54046
4073,53:54.3,14.08268,-10.20306,-5.73498,18.31159,-35.92376,71.74852
4074,53:54.4,14.08268,-10.20306,-5.73498,18.31159,-35.92376,71.74852
4075,53:54.4,14.19356,-10.48648,-5.73898,18.55692,-36.4577,71.98516
4076,53:54.4,14.19356,-10.48648,-5.73898,18.55692,-36.4577,71.98516
4077,53:54.5,14.19356,-10.48648,-5.73898,18.55692,-36.4577,71.98516
4078,53:54.5,14.19356,-10.48648,-5.73898,18.55692,-36.4577,71.98516
4079,53:54.5,14.19356,-10.86437,-5.74797,18.77581,-37.43201,72.1734
4080,53:54.6,14.19356,-10.86437,-5.74797,18.77581,-37.43201,72.1734
4081,53:54.6,14.19356,-10.86437,-5.74797,18.77581,-37.43201,72.1734
4082,53:54.6,14.30445,-11.24226,-5.75597,19.08237,-38.16478,72.44397
4083,53:54.7,14.30445,-11.24226,-5.75597,19.08237,-38.16478,72.44397
4084,53:54.7,14.41534,-11.52568,-5.76397,19.33563,-38.64383,72.65641
4085,53:54.7,14.41534,-11.52568,-5.76397,19.33563,-38.64383,72.65641
4086,53:54.8,14.41534,-11.52568,-5.76397,19.33563,-38.64383,72.65641
4087,53:54.8,14.41534,-11.52568,-5.76397,19.33563,-38.64383,72.65641
4088,53:54.8,14.63711,-11.90357,-5.76897,19.72869,-39.11959,72.99738
4089,53:54.9,14.63711,-11.90357,-5.76897,19.72869,-39.11959,72.99738
4090,53:54.9,14.63711,-11.90357,-5.76897,19.72869,-39.11959,72.99738
4091,53:54.9,14.748,-12.28146,-5.77097,20.041,-39.78599,73.26425
4092,53:55.0,14.748,-12.28146,-5.77097,20.041,-39.78599,73.26425
4093,53:55.0,14.85889,-12.56488,-5.76797,20.29611,-40.21833,73.48951
4094,53:55.0,14.85889,-12.56488,-5.76797,20.29611,-40.21833,73.48951
4095,53:55.1,14.85889,-12.56488,-5.76797,20.29611,-40.21833,73.48951
4096,53:55.1,14.85889,-12.56488,-5.76797,20.29611,-40.21833,73.48951
4097,53:55.1,15.08066,-12.94277,-5.76697,20.69298,-40.6374,73.81785
4098,53:55.2,15.08066,-12.94277,-5.76697,20.69298,-40.6374,73.81785
4099,53:55.2,15.30243,-13.22619,-5.76497,21.03168,-40.83749,74.09109
4100,53:55.2,15.30243,-13.22619,-5.76497,21.03168,-40.83749,74.09109
4101,53:55.3,15.30243,-13.22619,-5.76497,21.03168,-40.83749,74.09109
4102,53:55.3,15.52421,-13.60408,-5.76197,21.43064,-41.22854,74.40321
4103,53:55.3,15.52421,-13.60408,-5.76197,21.43064,-41.22854,74.40321
4104,53:55.4,15.52421,-13.60408,-5.76197,21.43064,-41.22854,74.40321
4105,53:55.4,15.52421,-13.60408,-5.76197,21.43064,-41.22854,74.40321
4106,53:55.4,15.74598,-13.8875,-5.75797,21.77046,-41.41136,74.66363
4107,53:55.5,15.74598,-13.8875,-5.75797,21.77046,-41.41136,74.66363
4108,53:55.5,15.96776,-14.17092,-5.75796,22.11195,-41.58813,74.90617
4109,53:55.5,15.96776,-14.17092,-5.75796,22.11195,-41.58813,74.90617
4110,53:55.6,15.96776,-14.17092,-5.75796,22.11195,-41.58813,74.90617
4111,53:55.6,16.18953,-14.54881,-5.76196,22.51597,-41.94463,75.17275
4112,53:55.6,16.18953,-14.54881,-5.76196,22.51597,-41.94463,75.17275
4113,53:55.7,16.18953,-14.54881,-5.76196,22.51597,-41.94463,75.17275
4114,53:55.7,16.18953,-14.54881,-5.76196,22.51597,-41.94463,75.17275
4115,53:55.7,16.4113,-14.9267,-5.76296,22.92049,-42.28771,75.43769
4116,53:55.8,16.4113,-14.9267,-5.76296,22.92049,-42.28771,75.43769
4117,53:55.8,16.4113,-14.9267,-5.76296,22.92049,-42.28771,75.43769
4118,53:55.8,16.63308,-15.30459,-5.75796,23.32475,-42.61809,75.70819
4119,53:55.9,16.63308,-15.30459,-5.75796,23.32475,-42.61809,75.70819
4120,53:55.9,16.63308,-15.30459,-5.75796,23.32475,-42.61809,75.70819
4121,53:55.9,16.96574,-15.68249,-5.75796,23.81031,-42.74912,76.00565
4122,53:56.0,16.96574,-15.68249,-5.75796,23.81031,-42.74912,76.00565
4123,53:56.0,17.18751,-16.15485,-5.76296,24.28171,-43.22603,76.27056
4124,53:56.0,17.18751,-16.15485,-5.76296,24.28171,-43.22603,76.27056
4125,53:56.1,17.18751,-16.15485,-5.76296,24.28171,-43.22603,76.27056
4126,53:56.1,17.52017,-16.53274,-5.76695,24.76986,-43.33906,76.53676
4127,53:56.1,17.52017,-16.53274,-5.76695,24.76986,-43.33906,76.53676
4128,53:56.2,17.52017,-16.53274,-5.76695,24.76986,-43.33906,76.53676
4129,53:56.2,17.85283,-17.00511,-5.76595,25.32081,-43.60687,76.83736
4130,53:56.2,17.85283,-17.00511,-5.76595,25.32081,-43.60687,76.83736
4131,53:56.3,17.85283,-17.00511,-5.76595,25.32081,-43.60687,76.83736
4132,53:56.3,18.07461,-17.47747,-5.76495,25.79512,-44.03774,77.0859
4133,53:56.3,18.07461,-17.47747,-5.76495,25.79512,-44.03774,77.0859
4134,53:56.4,18.07461,-17.47747,-5.76495,25.79512,-44.03774,77.0859
4135,53:56.4,18.40727,-17.94984,-5.76395,26.34857,-44.27916,77.36393
4136,53:56.4,18.40727,-17.94984,-5.76395,26.34857,-44.27916,77.36393
4137,53:56.5,18.40727,-17.94984,-5.76395,26.34857,-44.27916,77.36393
4138,53:56.5,18.62904,-18.32773,-5.76295,26.76114,-44.53287,77.56408
4139,53:56.5,18.62904,-18.32773,-5.76295,26.76114,-44.53287,77.56408
4140,53:56.6,18.62904,-18.32773,-5.76295,26.76114,-44.53287,77.56408
4141,53:56.6,18.9617,-18.89457,-5.76494,27.38221,-44.89839,77.84623
4142,53:56.6,18.9617,-18.89457,-5.76494,27.38221,-44.89839,77.84623
4143,53:56.7,18.9617,-18.89457,-5.76494,27.38221,-44.89839,77.84623
4144,53:56.7,19.29436,-19.36693,-5.76494,27.93895,-45.10754,78.09201
4145,53:56.7,19.29436,-19.36693,-5.76494,27.93895,-45.10754,78.09201
4146,53:56.8,19.29436,-19.36693,-5.76494,27.93895,-45.10754,78.09201
4147,53:56.8,19.62703,-19.8393,-5.76494,28.49653,-45.30816,78.32832
4148,53:56.8,19.62703,-19.8393,-5.76494,28.49653,-45.30816,78.32832
4149,53:56.9,19.62703,-19.8393,-5.76494,28.49653,-45.30816,78.32832
4150,53:56.9,19.62703,-19.8393,-5.76494,28.49653,-45.30816,78.32832
4151,53:56.9,19.95969,-20.31166,-5.76394,29.0547,-45.50076,78.55763
4152,53:57.0,19.95969,-20.31166,-5.76394,29.0547,-45.50076,78.55763
4153,53:57.0,20.29235,-20.78402,-5.75393,29.61187,-45.68579,78.79548
4154,53:57.0,20.29235,-20.78402,-5.75393,29.61187,-45.68579,78.79548
4155,53:57.1,20.29235,-20.78402,-5.75393,29.61187,-45.68579,78.79548
4156,53:57.1,20.62501,-21.16192,-5.75393,30.10524,-45.73614,78.98142
4157,53:57.1,20.62501,-21.16192,-5.75393,30.10524,-45.73614,78.98142
4158,53:57.2,20.62501,-21.16192,-5.75393,30.10524,-45.73614,78.98142
4159,53:57.2,21.06856,-21.53981,-5.75293,30.6748,-45.63367,79.19041
4160,53:57.2,21.06856,-21.53981,-5.75293,30.6748,-45.63367,79.19041
4161,53:57.3,21.06856,-21.53981,-5.75293,30.6748,-45.63367,79.19041
4162,53:57.3,21.5121,-21.9177,-5.75493,31.24541,-45.53508,79.3864
4163,53:57.3,21.5121,-21.9177,-5.75493,31.24541,-45.53508,79.3864
4164,53:57.4,21.5121,-21.9177,-5.75493,31.24541,-45.53508,79.3864
4165,53:57.4,21.95565,-22.20112,-5.76492,31.75177,-45.3185,79.53923
4166,53:57.4,21.95565,-22.20112,-5.76492,31.75177,-45.3185,79.53923
4167,53:57.5,21.95565,-22.20112,-5.76492,31.75177,-45.3185,79.53923
4168,53:57.5,22.3992,-22.39007,-5.76992,32.1921,-44.98832,79.67485
4169,53:57.5,22.3992,-22.39007,-5.76992,32.1921,-44.98832,79.67485
4170,53:57.6,22.3992,-22.39007,-5.76992,32.1921,-44.98832,79.67485
4171,53:57.6,22.95364,-22.57901,-5.77292,32.71098,-44.52861,79.83505
4172,53:57.6,22.95364,-22.57901,-5.77292,32.71098,-44.52861,79.83505
4173,53:57.7,22.95364,-22.57901,-5.77292,32.71098,-44.52861,79.83505
4174,53:57.7,23.39719,-22.76796,-5.77492,33.15355,-44.21911,79.96865
4175,53:57.7,23.39719,-22.76796,-5.77492,33.15355,-44.21911,79.96865
4176,53:57.8,23.39719,-22.76796,-5.77492,33.15355,-44.21911,79.96865
4177,53:57.8,23.95162,-22.76796,-5.78291,33.54851,-43.5487,80.07408
4178,53:57.8,23.95162,-22.76796,-5.78291,33.54851,-43.5487,80.07408
4179,53:57.9,23.95162,-22.76796,-5.78291,33.54851,-43.5487,80.07408
4180,53:57.9,24.39517,-22.86244,-5.77891,33.9295,-43.14234,80.19351
4181,53:57.9,24.39517,-22.86244,-5.77891,33.9295,-43.14234,80.19351
4182,53:58.0,24.39517,-22.86244,-5.77891,33.9295,-43.14234,80.19351
4183,53:58.0,24.83872,-22.86244,-5.77191,34.24862,-42.62756,80.29766
4184,53:58.0,24.83872,-22.86244,-5.77191,34.24862,-42.62756,80.29766
4185,53:58.1,24.83872,-22.86244,-5.77191,34.24862,-42.62756,80.29766
4186,53:58.1,25.39316,-22.76797,-5.76791,34.5899,-41.87998,80.40102
4187,53:58.1,25.39316,-22.76797,-5.76791,34.5899,-41.87998,80.40102
4188,53:58.2,25.39316,-22.76797,-5.76791,34.5899,-41.87998,80.40102
4189,53:58.2,25.83671,-22.67349,-5.76491,34.8548,-41.26919,80.47965
4190,53:58.2,25.83671,-22.67349,-5.76491,34.8548,-41.26919,80.47965
4191,53:58.3,25.83671,-22.67349,-5.76491,34.8548,-41.26919,80.47965
4192,53:58.3,26.28026,-22.48455,-5.76691,35.06371,-40.54924,80.53359
4193,53:58.3,26.28026,-22.48455,-5.76691,35.06371,-40.54924,80.53359
4194,53:58.4,26.28026,-22.48455,-5.76691,35.06371,-40.54924,80.53359
4195,53:58.4,26.72381,-22.2956,-5.7699,35.27815,-39.83816,80.58672
4196,53:58.4,26.72381,-22.2956,-5.7699,35.27815,-39.83816,80.58672
4197,53:58.5,26.72381,-22.2956,-5.7699,35.27815,-39.83816,80.58672
4198,53:58.5,27.05647,-22.01219,-5.7729,35.35414,-39.13058,80.60221
4199,53:58.5,27.05647,-22.01219,-5.7729,35.35414,-39.13058,80.60221
4200,53:58.6,27.05647,-22.01219,-5.7729,35.35414,-39.13058,80.60221
4201,53:58.6,27.50002,-21.72877,-5.7749,35.52098,-38.31355,80.64348
4202,53:58.6,27.50002,-21.72877,-5.7749,35.52098,-38.31355,80.64348
4203,53:58.7,27.50002,-21.72877,-5.7749,35.52098,-38.31355,80.64348
4204,53:58.7,27.72179,-21.44535,-5.7759,35.52129,-37.72524,80.64193
4205,53:58.7,27.72179,-21.44535,-5.7759,35.52129,-37.72524,80.64193
4206,53:58.8,27.72179,-21.44535,-5.7759,35.52129,-37.72524,80.64193
4207,53:58.8,28.05445,-21.06746,-5.7769,35.55647,-36.90467,80.64964
4208,53:58.8,28.05445,-21.06746,-5.7769,35.55647,-36.90467,80.64964
4209,53:58.9,28.05445,-21.06746,-5.7769,35.55647,-36.90467,80.64964
4210,53:58.9,28.27623,-20.78404,-5.7759,35.56519,-36.31722,80.65358
4211,53:58.9,28.27623,-20.78404,-5.7759,35.56519,-36.31722,80.65358
4212,53:59.0,28.27623,-20.78404,-5.7759,35.56519,-36.31722,80.65358
4213,53:59.0,28.38712,-20.40615,-5.7729,35.43396,-35.71056,80.62357
4214,53:59.0,28.38712,-20.40615,-5.7729,35.43396,-35.71056,80.62357
4215,53:59.1,28.38712,-20.40615,-5.7729,35.43396,-35.71056,80.62357
4216,53:59.1,28.60889,-20.02826,-5.7739,35.39686,-34.99475,80.61201
4217,53:59.1,28.60889,-20.02826,-5.7739,35.39686,-34.99475,80.61201
4218,53:59.2,28.60889,-20.02826,-5.7739,35.39686,-34.99475,80.61201
4219,53:59.2,28.71978,-19.65037,-5.7759,35.27497,-34.38033,80.57599
4220,53:59.2,28.71978,-19.65037,-5.7759,35.27497,-34.38033,80.57599
4221,53:59.3,28.71978,-19.65037,-5.7759,35.27497,-34.38033,80.57599
4222,53:59.3,28.71978,-19.27248,-5.77791,35.0662,-33.86368,80.51605
4223,53:59.3,28.71978,-19.27248,-5.77791,35.0662,-33.86368,80.51605
4224,53:59.4,28.71978,-19.27248,-5.77791,35.0662,-33.86368,80.51605
4225,53:59.4,28.71978,-18.89458,-5.77791,34.85994,-33.34069,80.45941
4226,53:59.4,28.71978,-18.89458,-5.77791,34.85994,-33.34069,80.45941
4227,53:59.5,28.71978,-18.89458,-5.77791,34.85994,-33.34069,80.45941
4228,53:59.5,28.71978,-18.51669,-5.77991,34.65691,-32.81135,80.39963
4229,53:59.5,28.71978,-18.51669,-5.77891,34.65674,-32.81135,80.40126
4230,53:59.6,28.71978,-18.51669,-5.77891,34.65674,-32.81135,80.40126
4231,53:59.6,28.71978,-18.1388,-5.77791,34.45615,-32.27563,80.34653
4232,53:59.6,28.71978,-18.1388,-5.77791,34.45615,-32.27563,80.34653
4233,53:59.7,28.71978,-18.1388,-5.77791,34.45615,-32.27563,80.34653
4234,53:59.7,28.6089,-17.85538,-5.78091,34.21553,-31.96911,80.27289
4235,53:59.7,28.6089,-17.85538,-5.78191,34.2157,-31.96911,80.27124
4236,53:59.8,28.6089,-17.85538,-5.78191,34.2157,-31.96911,80.27124
4237,53:59.8,28.49801,-17.47749,-5.79391,33.92888,-31.52029,80.16762
4238,53:59.8,28.49801,-17.47749,-5.79391,33.92888,-31.52029,80.16762
4239,53:59.9,28.49801,-17.47749,-5.79291,33.92871,-31.52029,80.16928
4240,53:59.9,28.38712,-17.19407,-5.79891,33.69113,-31.20327,80.0889
4241,53:59.9,28.38712,-17.19407,-5.79991,33.6913,-31.20327,80.08723
4242,54:00.0,28.38712,-17.19407,-5.79991,33.6913,-31.20327,80.08723
4243,54:00.0,28.27624,-16.91065,-5.80591,33.45481,-30.88161,80.006
4244,54:00.0,28.27624,-16.91065,-5.80591,33.45481,-30.88161,80.006
4245,54:00.1,28.27624,-16.91065,-5.80591,33.45481,-30.88161,80.006
4246,54:00.1,28.05446,-16.62723,-5.80792,33.12476,-30.65424,79.90187
4247,54:00.1,28.05446,-16.62723,-5.80792,33.12476,-30.65424,79.90187
4248,54:00.2,28.05446,-16.62723,-5.80792,33.12476,-30.65424,79.90187
4249,54:00.2,27.83269,-16.43829,-5.80892,32.84234,-30.56656,79.81234
4250,54:00.2,27.83269,-16.43829,-5.80892,32.84234,-30.56656,79.81234
4251,54:00.3,27.83269,-16.43829,-5.80892,32.84234,-30.56656,79.81234
4252,54:00.3,27.61091,-16.15487,-5.80892,32.51286,-30.33147,79.70797
4253,54:00.3,27.61091,-16.15487,-5.80892,32.51286,-30.33147,79.70797
4254,54:00.4,27.61091,-16.15487,-5.80892,32.51286,-30.33147,79.70797
4255,54:00.4,27.38914,-15.96592,-5.80792,32.23054,-30.23914,79.61863
4256,54:00.4,27.38914,-15.96592,-5.80792,32.23054,-30.23914,79.61863
4257,54:00.5,27.38914,-15.96592,-5.80892,32.23072,-30.23914,79.61688
4258,54:00.5,27.16737,-15.77698,-5.80592,31.9482,-30.14513,79.5295
4259,54:00.5,27.16737,-15.77698,-5.80592,31.9482,-30.14513,79.5295
4260,54:00.6,27.16737,-15.77698,-5.80492,31.94802,-30.14513,79.53126
4261,54:00.6,27.16737,-15.77698,-5.80492,31.94802,-30.14513,79.53126
4262,54:00.6,26.94559,-15.6825,-5.79092,31.71026,-30.19967,79.4776
4263,54:00.7,26.94559,-15.6825,-5.79092,31.71026,-30.19967,79.4776
4264,54:00.7,26.72382,-15.49356,-5.78792,31.4279,-30.10369,79.38753
4265,54:00.7,26.72382,-15.49356,-5.78792,31.4279,-30.10369,79.38753
4266,54:00.8,26.72382,-15.49356,-5.78792,31.4279,-30.10369,79.38753
4267,54:00.8,26.39116,-15.39908,-5.78593,31.09826,-30.26331,79.27747
4268,54:00.8,26.39116,-15.39908,-5.78593,31.09826,-30.26331,79.27747
4269,54:00.9,26.39116,-15.39908,-5.78593,31.09826,-30.26331,79.27747
4270,54:00.9,26.16938,-15.21014,-5.78793,30.81696,-30.16596,79.17462
4271,54:00.9,26.16938,-15.21014,-5.78793,30.81696,-30.16596,79.17462
4272,54:01.0,26.16938,-15.21014,-5.78793,30.81696,-30.16596,79.17462
4273,54:01.0,25.83672,-15.11566,-5.79493,30.48935,-30.32959,79.04348
4274,54:01.0,25.83672,-15.11566,-5.79493,30.48935,-30.32959,79.04348
4275,54:01.1,25.83672,-15.11566,-5.79493,30.48935,-30.32959,79.04348
4276,54:01.1,25.61495,-14.92672,-5.79793,30.20841,-30.23084,78.9345
4277,54:01.1,25.61495,-14.92672,-5.79793,30.20841,-30.23084,78.9345
4278,54:01.2,25.61495,-14.92672,-5.79793,30.20841,-30.23084,78.9345
4279,54:01.2,25.28228,-14.83224,-5.79893,29.88004,-30.39868,78.80938
4280,54:01.2,25.28228,-14.83224,-5.79893,29.88004,-30.39868,78.80938
4281,54:01.3,25.28228,-14.83224,-5.79893,29.88004,-30.39868,78.80938
4282,54:01.3,24.94962,-14.6433,-5.80193,29.50546,-30.40929,78.6595
4283,54:01.3,24.94962,-14.6433,-5.80193,29.50546,-30.40929,78.6595
4284,54:01.4,24.94962,-14.6433,-5.80193,29.50546,-30.40929,78.6595
4285,54:01.4,24.61696,-14.45435,-5.81394,29.13288,-30.42019,78.48841
4286,54:01.4,24.61696,-14.45435,-5.81394,29.13288,-30.42019,78.48841
4287,54:01.5,24.61696,-14.45435,-5.81394,29.13288,-30.42019,78.48841
4288,54:01.5,24.17341,-14.2654,-5.81894,28.66558,-30.54604,78.28791
4289,54:01.5,24.17341,-14.2654,-5.81894,28.66558,-30.54604,78.28791
4290,54:01.6,24.17341,-14.2654,-5.81894,28.66558,-30.54604,78.28791
4291,54:01.6,23.72986,-13.98199,-5.82294,28.15154,-30.50722,78.06261
4292,54:01.6,23.72986,-13.98199,-5.82294,28.15154,-30.50722,78.06261
4293,54:01.7,23.72986,-13.98199,-5.82294,28.15154,-30.50722,78.06261
4294,54:01.7,23.3972,-13.79304,-5.82194,27.77719,-30.52005,77.90142
4295,54:01.7,23.3972,-13.79304,-5.82194,27.77719,-30.52005,77.90142
4296,54:01.8,23.3972,-13.79304,-5.82194,27.77719,-30.52005,77.90142
4297,54:01.8,22.84277,-13.50962,-5.80494,27.16614,-30.60083,77.66172
4298,54:01.8,22.84277,-13.50962,-5.80494,27.16614,-30.60083,77.66172
4299,54:01.9,22.84277,-13.50962,-5.80494,27.16614,-30.60083,77.66172
4300,54:01.9,22.39922,-13.32067,-5.79695,26.69775,-30.73968,77.45934
4301,54:01.9,22.39922,-13.32067,-5.79695,26.69775,-30.73968,77.45934
4302,54:02.0,22.39922,-13.32067,-5.79695,26.69775,-30.73968,77.45934
4303,54:02.0,21.95567,-13.03725,-5.79195,26.18335,-30.7018,77.22005
4304,54:02.0,21.95567,-13.03725,-5.79195,26.18335,-30.7018,77.22005
4305,54:02.1,21.95567,-13.03725,-5.79195,26.18335,-30.7018,77.22005
4306,54:02.1,21.40123,-12.84831,-5.78895,25.62428,-30.97865,76.94321
4307,54:02.1,21.40123,-12.84831,-5.78895,25.62428,-30.97865,76.94321
4308,54:02.2,21.40123,-12.84831,-5.78895,25.62428,-30.97865,76.94321
4309,54:02.2,20.8468,-12.56489,-5.77695,25.01677,-31.07843,76.64857
4310,54:02.2,20.8468,-12.56489,-5.77695,25.01677,-31.07843,76.64857
4311,54:02.3,20.8468,-12.56489,-5.77695,25.01677,-31.07843,76.64857
4312,54:02.3,20.29236,-12.28147,-5.77696,24.41286,-31.18343,76.31193
4313,54:02.3,20.29236,-12.28147,-5.77696,24.41286,-31.18343,76.31193
4314,54:02.4,20.29236,-12.28147,-5.77696,24.41286,-31.18343,76.31193
4315,54:02.4,19.84881,-11.99805,-5.77796,23.90216,-31.15178,76.01111
4316,54:02.4,19.84881,-11.99805,-5.77796,23.90216,-31.15178,76.01111
4317,54:02.5,19.84881,-11.99805,-5.77796,23.90216,-31.15178,76.01111
4318,54:02.5,19.29438,-11.62016,-5.78196,23.25365,-31.05871,75.60251
4319,54:02.5,19.29438,-11.62016,-5.78196,23.25365,-31.05871,75.60251
4320,54:02.6,19.29438,-11.62016,-5.78196,23.25365,-31.05871,75.60251
4321,54:02.6,18.85083,-11.24227,-5.79696,22.70126,-30.81103,75.20516
4322,54:02.6,18.85083,-11.24227,-5.79696,22.70126,-30.81103,75.20516
4323,54:02.7,18.85083,-11.24227,-5.79696,22.70126,-30.81103,75.20516
4324,54:02.7,18.40728,-10.95885,-5.80696,22.19561,-30.76762,74.83339
4325,54:02.7,18.40728,-10.95885,-5.80696,22.19561,-30.76762,74.83339
4326,54:02.8,18.40728,-10.95885,-5.80696,22.19561,-30.76762,74.83339
4327,54:02.8,17.96373,-10.48648,-5.81397,21.59778,-30.27462,74.38376
4328,54:02.8,17.96373,-10.48648,-5.81397,21.59778,-30.27462,74.38376
4329,54:02.9,17.96373,-10.48648,-5.81397,21.59778,-30.27462,74.38376
4330,54:02.9,17.52018,-10.10859,-5.81497,21.04648,-29.98359,73.96099
4331,54:02.9,17.52018,-10.10859,-5.81497,21.04648,-29.98359,73.96099
4332,54:03.0,17.52018,-10.10859,-5.81497,21.04648,-29.98359,73.96099
4333,54:03.0,17.07663,-9.63623,-5.81097,20.45081,-29.43574,73.49233
4334,54:03.0,17.07663,-9.63623,-5.81097,20.45081,-29.43574,73.49233
4335,54:03.1,17.07663,-9.63623,-5.81097,20.45081,-29.43574,73.49233
4336,54:03.1,16.74397,-9.25834,-5.80597,19.99467,-28.93976,73.11953
4337,54:03.1,16.74397,-9.25834,-5.80597,19.99467,-28.93976,73.11953
4338,54:03.2,16.74397,-9.25834,-5.80597,19.99467,-28.93976,73.11953
4339,54:03.2,16.41131,-8.78597,-5.80397,19.49899,-28.16285,72.68318
4340,54:03.2,16.41131,-8.78597,-5.80397,19.49899,-28.16285,72.68318
4341,54:03.3,16.41131,-8.78597,-5.80397,19.49899,-28.16285,72.68318
4342,54:03.3,16.18954,-8.31361,-5.79997,19.10123,-27.18128,72.32339
4343,54:03.3,16.18954,-8.31361,-5.80097,19.10153,-27.18128,72.32054
4344,54:03.4,16.18954,-8.31361,-5.80097,19.10153,-27.18128,72.32054
4345,54:03.4,16.18954,-8.31361,-5.80097,19.10153,-27.18128,72.32054
4346,54:03.4,15.96776,-7.74677,-5.79198,18.66893,-25.88037,71.92589
4347,54:03.5,15.96776,-7.74677,-5.79198,18.66893,-25.88037,71.92589
4348,54:03.5,15.74599,-7.27441,-5.77998,18.28281,-24.79621,71.57019
4349,54:03.5,15.74599,-7.27441,-5.77898,18.2825,-24.79621,71.57317
4350,54:03.6,15.74599,-7.27441,-5.77898,18.2825,-24.79621,71.57317
4351,54:03.6,15.52421,-6.80204,-5.75898,17.90069,-23.66096,71.23314
4352,54:03.6,15.52421,-6.80204,-5.75898,17.90069,-23.66096,71.23314
4353,54:03.7,15.52421,-6.80204,-5.75898,17.90069,-23.66096,71.23314
4354,54:03.7,15.30244,-6.32968,-5.74698,17.52875,-22.47187,70.86106
4355,54:03.7,15.30244,-6.32968,-5.74698,17.52875,-22.47187,70.86106
4356,54:03.8,15.30244,-6.32968,-5.74698,17.52875,-22.47187,70.86106
4357,54:03.8,15.19155,-5.76284,-5.72398,17.22665,-20.77399,70.59311
4358,54:03.8,15.19155,-5.76284,-5.72398,17.22665,-20.77399,70.59311
4359,54:03.9,15.19155,-5.76284,-5.72398,17.22665,-20.77399,70.59311
4360,54:03.9,15.08067,-5.29048,-5.71698,16.97349,-19.33148,70.31687
4361,54:03.9,15.08067,-5.29048,-5.71698,16.97349,-19.33148,70.31687
4362,54:04.0,15.08067,-5.29048,-5.71698,16.97349,-19.33148,70.31687
4363,54:04.0,15.08067,-4.72364,-5.71098,16.80341,-17.39185,70.13103
4364,54:04.0,15.08067,-4.72364,-5.71098,16.80341,-17.39185,70.13103
4365,54:04.1,15.08067,-4.72364,-5.71098,16.80341,-17.39185,70.13103
4366,54:04.1,15.08067,-4.25128,-5.70798,16.67576,-15.74327,69.98341
4367,54:04.1,15.08067,-4.25128,-5.70798,16.67576,-15.74327,69.98341
4368,54:04.2,15.08067,-4.25128,-5.70798,16.67576,-15.74327,69.98341
4369,54:04.2,15.19155,-3.68444,-5.71098,16.64253,-13.63283,69.93074
4370,54:04.2,15.19155,-3.68444,-5.71098,16.64253,-13.63283,69.93074
4371,54:04.3,15.19155,-3.68444,-5.71098,16.64253,-13.63283,69.93074
4372,54:04.3,15.30244,-3.21207,-5.70898,16.64556,-11.85462,69.94188
4373,54:04.3,15.30244,-3.21207,-5.70898,16.64556,-11.85462,69.94188
4374,54:04.4,15.30244,-3.21207,-5.70898,16.64556,-11.85462,69.94188
4375,54:04.4,15.41333,-2.73971,-5.70798,16.66307,-10.07903,69.96752
4376,54:04.4,15.41333,-2.73971,-5.70798,16.66307,-10.07903,69.96752
4377,54:04.5,15.41333,-2.73971,-5.70798,16.66307,-10.07903,69.96752
4378,54:04.5,15.6351,-2.36182,-5.70598,16.8105,-8.59009,70.15788
4379,54:04.5,15.6351,-2.36182,-5.70598,16.8105,-8.59009,70.15788
4380,54:04.6,15.6351,-2.36182,-5.70598,16.8105,-8.59009,70.15788
4381,54:04.6,15.85688,-1.88946,-5.71098,16.95954,-6.79515,70.32153
4382,54:04.6,15.85688,-1.88946,-5.71098,16.95954,-6.79515,70.32153
4383,54:04.7,15.85688,-1.88946,-5.71098,16.95954,-6.79515,70.32153
4384,54:04.7,16.07865,-1.51156,-5.71098,17.1296,-5.37063,70.52483
4385,54:04.7,16.07865,-1.51156,-5.71098,17.1296,-5.37063,70.52483
4386,54:04.8,16.07865,-1.51156,-5.71098,17.1296,-5.37063,70.52483
4387,54:04.8,16.41131,-1.22815,-5.71198,17.42028,-4.27977,70.8591
4388,54:04.8,16.41131,-1.22815,-5.71198,17.42028,-4.27977,70.8591
4389,54:04.9,16.41131,-1.22815,-5.71198,17.42028,-4.27977,70.8591
4390,54:04.9,16.74398,-0.94473,-5.71798,17.71859,-3.22932,71.17307
4391,54:04.9,16.74398,-0.94473,-5.71798,17.71859,-3.22932,71.17307
4392,54:05.0,16.74398,-0.94473,-5.71798,17.71859,-3.22932,71.17307
4393,54:05.0,17.07664,-0.66131,-5.72898,18.02415,-2.21773,71.46705
4394,54:05.0,17.07664,-0.66131,-5.72898,18.02415,-2.21773,71.46705
4395,54:05.1,17.07664,-0.66131,-5.72898,18.02415,-2.21773,71.46705
4396,54:05.1,17.52019,-0.47236,-5.73498,18.44099,-1.54438,71.88105
4397,54:05.1,17.52019,-0.47236,-5.73498,18.44099,-1.54438,71.88105
4398,54:05.2,17.52019,-0.47236,-5.73498,18.44099,-1.54438,71.88105
4399,54:05.2,17.85285,-0.18895,-5.74097,18.75416,-0.60637,72.1746
4400,54:05.2,17.85285,-0.18895,-5.74097,18.75416,-0.60637,72.1746
4401,54:05.3,17.85285,-0.18895,-5.74097,18.75416,-0.60637,72.1746
4402,54:05.3,18.18551,-0.09447,-5.74897,19.07282,-0.29765,72.45695
4403,54:05.3,18.18551,-0.09447,-5.74897,19.07282,-0.29765,72.45695
4404,54:05.4,18.18551,-0.09447,-5.74897,19.07282,-0.29765,72.45695
4405,54:05.4,18.62906,0.0,-5.75297,19.49714,0.0,72.83842
4406,54:05.4,18.62906,0.0,-5.75297,19.49714,0.0,72.83842
4407,54:05.5,18.62906,0.0,-5.75297,19.49714,0.0,72.83842
4408,54:05.5,18.96172,0.09447,-5.75897,19.8172,0.28546,73.10584
4409,54:05.5,18.96172,0.09447,-5.75797,19.81691,0.28546,73.10861
4410,54:05.6,18.96172,0.09447,-5.75797,19.81691,0.28546,73.10861
4411,54:05.6,19.40527,0.09447,-5.76297,20.24315,0.27894,73.45984
4412,54:05.6,19.40527,0.09447,-5.76297,20.24315,0.27894,73.45984
4413,54:05.7,19.40527,0.09447,-5.76297,20.24315,0.27894,73.45984
4414,54:05.7,19.73793,0.09447,-5.77097,20.56451,0.27424,73.70233
4415,54:05.7,19.73793,0.09447,-5.77197,20.56479,0.27424,73.69966
4416,54:05.8,19.73793,0.09447,-5.77197,20.56479,0.27424,73.69966
4417,54:05.8,19.73793,0.09447,-5.77197,20.56479,0.27424,73.69966
4418,54:05.8,20.07059,0.09447,-5.78797,20.88871,0.26969,73.91364
4419,54:05.9,20.07059,0.09447,-5.78797,20.88871,0.26969,73.91364
4420,54:05.9,20.40326,-0.0,-5.79097,21.20915,-0.0,74.1547
4421,54:05.9,20.40326,-0.0,-5.79097,21.20915,-0.0,74.1547
4422,54:06.0,20.40326,-0.0,-5.79097,21.20915,-0.0,74.1547
4423,54:06.0,20.73592,-0.09447,-5.79097,21.52957,-0.26104,74.39658
4424,54:06.0,20.73592,-0.09447,-5.79097,21.52957,-0.26104,74.39658
4425,54:06.1,20.73592,-0.09447,-5.79097,21.52957,-0.26104,74.39658
4426,54:06.1,21.06858,-0.18895,-5.79097,21.85077,-0.51382,74.63166
4427,54:06.1,21.06858,-0.18895,-5.78997,21.8505,-0.51382,74.63418
4428,54:06.2,21.06858,-0.18895,-5.78997,21.8505,-0.51382,74.63418
4429,54:06.2,21.29035,-0.37789,-5.79496,22.06816,-1.01686,74.77597
4430,54:06.2,21.29035,-0.37789,-5.79596,22.06842,-1.01686,74.77346
4431,54:06.3,21.29035,-0.37789,-5.79596,22.06842,-1.01686,74.77346
4432,54:06.3,21.62302,-0.56684,-5.79796,22.39403,-1.50164,74.9948
4433,54:06.3,21.62302,-0.56684,-5.79796,22.39403,-1.50164,74.9948
4434,54:06.4,21.62302,-0.56684,-5.79796,22.39403,-1.50164,74.9948
4435,54:06.4,21.84479,-0.75578,-5.79696,22.61351,-1.98152,75.14643
4436,54:06.4,21.84479,-0.75578,-5.79696,22.61351,-1.98152,75.14643
4437,54:06.5,21.84479,-0.75578,-5.79696,22.61351,-1.98152,75.14643
4438,54:06.5,21.95568,-0.94473,-5.79196,22.72644,-2.46385,75.23497
4439,54:06.5,21.95568,-0.94473,-5.79296,22.7267,-2.46385,75.23253
4440,54:06.6,21.95568,-0.94473,-5.79296,22.7267,-2.46385,75.23253
4441,54:06.6,22.17745,-1.22815,-5.78396,22.95217,-3.1697,75.40407
4442,54:06.6,22.17745,-1.22815,-5.78396,22.95217,-3.1697,75.40407
4443,54:06.7,22.17745,-1.22815,-5.78396,22.95217,-3.1697,75.40407
4444,54:06.7,22.28834,-1.41709,-5.78396,23.07016,-3.63797,75.48037
4445,54:06.7,22.28834,-1.41709,-5.78296,23.06991,-3.63797,75.48277
4446,54:06.8,22.28834,-1.41709,-5.78296,23.06991,-3.63797,75.48277
4447,54:06.8,22.39923,-1.70051,-5.78896,23.19761,-4.34147,75.54912
4448,54:06.8,22.39923,-1.70051,-5.78896,23.19761,-4.34147,75.54912
4449,54:06.9,22.39923,-1.70051,-5.78896,23.19761,-4.34147,75.54912
4450,54:06.9,22.51011,-1.98393,-5.78996,23.32734,-5.03675,75.62869
4451,54:06.9,22.51011,-1.98393,-5.78996,23.32734,-5.03675,75.62869
4452,54:07.0,22.51011,-1.98393,-5.78996,23.32734,-5.03675,75.62869
4453,54:07.0,22.621,-2.17288,-5.78396,23.44963,-5.48675,75.72036
4454,54:07.0,22.621,-2.17288,-5.78396,23.44963,-5.48675,75.72036
4455,54:07.1,22.621,-2.17288,-5.78396,23.44963,-5.48675,75.72036
4456,54:07.1,22.621,-2.45629,-5.78096,23.47685,-6.19716,75.74483
4457,54:07.1,22.621,-2.45629,-5.78096,23.47685,-6.19716,75.74483
4458,54:07.2,22.621,-2.45629,-5.78096,23.47685,-6.19716,75.74483
4459,54:07.2,22.621,-2.73971,-5.77996,23.50795,-6.90567,75.7666
4460,54:07.2,22.621,-2.73971,-5.77996,23.50795,-6.90567,75.7666
4461,54:07.3,22.621,-2.73971,-5.77996,23.50795,-6.90567,75.7666
4462,54:07.3,22.621,-3.02313,-5.77996,23.54266,-7.61206,75.78802
4463,54:07.3,22.621,-3.02313,-5.77996,23.54266,-7.61206,75.78802
4464,54:07.4,22.621,-3.02313,-5.77996,23.54266,-7.61206,75.78802
4465,54:07.4,22.621,-3.21208,-5.78696,23.56939,-8.08171,75.78692
4466,54:07.4,22.621,-3.21208,-5.78696,23.56939,-8.08171,75.78692
4467,54:07.5,22.621,-3.21208,-5.78696,23.56939,-8.08171,75.78692
4468,54:07.5,22.51011,-3.4955,-5.78496,23.50297,-8.82671,75.75094
4469,54:07.5,22.51011,-3.4955,-5.78496,23.50297,-8.82671,75.75094
4470,54:07.6,22.51011,-3.4955,-5.78496,23.50297,-8.82671,75.75094
4471,54:07.6,22.39923,-3.68444,-5.77696,23.42378,-9.34092,75.72194
4472,54:07.6,22.39923,-3.68444,-5.77696,23.42378,-9.34092,75.72194
4473,54:07.7,22.39923,-3.68444,-5.77696,23.42378,-9.34092,75.72194
4474,54:07.7,22.28834,-3.96786,-5.76796,23.36201,-10.09427,75.70616
4475,54:07.7,22.28834,-3.96786,-5.76796,23.36201,-10.09427,75.70616
4476,54:07.8,22.28834,-3.96786,-5.76796,23.36201,-10.09427,75.70616
4477,54:07.8,22.17745,-4.15681,-5.76196,23.28773,-10.616,75.67483
4478,54:07.8,22.17745,-4.15681,-5.76196,23.28773,-10.616,75.67483
4479,54:07.9,22.17745,-4.15681,-5.76196,23.28773,-10.616,75.67483
4480,54:07.9,22.06656,-4.34575,-5.75596,23.21529,-11.14116,75.64446
4481,54:07.9,22.06656,-4.34575,-5.75596,23.21529,-11.14116,75.64446
4482,54:08.0,22.06656,-4.34575,-5.75596,23.21529,-11.14116,75.64446
4483,54:08.0,21.84479,-4.5347,-5.74596,23.03854,-11.72731,75.55761
4484,54:08.0,21.84479,-4.5347,-5.74596,23.03854,-11.72731,75.55761
4485,54:08.1,21.84479,-4.5347,-5.74596,23.03854,-11.72731,75.55761
4486,54:08.1,21.7339,-4.72364,-5.72896,22.96729,-12.26196,75.55562
4487,54:08.1,21.7339,-4.72364,-5.72896,22.96729,-12.26196,75.55562
4488,54:08.2,21.7339,-4.72364,-5.72896,22.96729,-12.26196,75.55562
4489,54:08.2,21.51213,-4.81812,-5.70696,22.77181,-12.62431,75.48608
4490,54:08.2,21.51213,-4.81812,-5.70696,22.77181,-12.62431,75.48608
4491,54:08.3,21.51213,-4.81812,-5.70696,22.77181,-12.62431,75.48608
4492,54:08.3,21.29035,-4.91259,-5.67796,22.57547,-12.99316,75.4331
4493,54:08.3,21.29035,-4.91259,-5.67796,22.57547,-12.99316,75.4331
4494,54:08.4,21.29035,-4.91259,-5.67796,22.57547,-12.99316,75.4331
4495,54:08.4,21.06858,-5.00706,-5.62096,22.37299,-13.36865,75.44917
4496,54:08.4,21.06858,-5.00706,-5.62096,22.37299,-13.36865,75.44917
4497,54:08.5,21.06858,-5.00706,-5.62096,22.37299,-13.36865,75.44917
4498,54:08.5,20.8468,-5.10153,-5.56296,22.17118,-13.75092,75.46865
4499,54:08.5,20.8468,-5.10153,-5.56296,22.17118,-13.75092,75.46865
4500,54:08.6,20.8468,-5.10153,-5.56296,22.17118,-13.75092,75.46865
4501,54:08.6,20.62503,-5.19601,-5.52696,21.97584,-14.14012,75.4336
4502,54:08.6,20.62503,-5.19601,-5.52696,21.97584,-14.14012,75.4336
4503,54:08.7,20.62503,-5.19601,-5.52696,21.97584,-14.14012,75.4336
4504,54:08.7,20.29237,-5.29048,-5.50797,21.68195,-14.61246,75.28361
4505,54:08.7,20.29237,-5.29048,-5.50797,21.68195,-14.61246,75.28361
4506,54:08.8,20.29237,-5.29048,-5.50797,21.68195,-14.61246,75.28361
4507,54:08.8,20.07059,-5.29048,-5.49597,21.47146,-14.76691,75.16916
4508,54:08.8,20.07059,-5.29048,-5.49597,21.47146,-14.76691,75.16916
4509,54:08.9,20.07059,-5.29048,-5.49597,21.47146,-14.76691,75.16916
4510,54:08.9,19.73793,-5.38495,-5.48697,21.18231,-15.2602,74.98717
4511,54:08.9,19.73793,-5.38495,-5.48697,21.18231,-15.2602,74.98717
4512,54:09.0,19.73793,-5.38495,-5.48697,21.18231,-15.2602,74.98717
4513,54:09.0,19.40527,-5.47942,-5.46697,20.89201,-15.76797,74.83038
4514,54:09.0,19.40527,-5.47942,-5.46697,20.89201,-15.76797,74.83038
4515,54:09.1,19.40527,-5.47942,-5.46697,20.89201,-15.76797,74.83038
4516,54:09.1,19.07261,-5.5739,-5.46197,20.60742,-16.2908,74.63016
4517,54:09.1,19.07261,-5.5739,-5.46197,20.60742,-16.2908,74.63016
4518,54:09.2,19.07261,-5.5739,-5.46197,20.60742,-16.2908,74.63016
4519,54:09.2,18.73994,-5.66837,-5.46297,20.32634,-16.82927,74.40932
4520,54:09.2,18.73994,-5.66837,-5.46297,20.32634,-16.82927,74.40932
4521,54:09.3,18.73994,-5.66837,-5.46297,20.32634,-16.82927,74.40932
4522,54:09.3,18.2964,-5.85731,-5.46897,19.97438,-17.75168,74.10953
4523,54:09.3,18.2964,-5.85731,-5.46897,19.97438,-17.75168,74.10953
4524,54:09.4,18.2964,-5.85731,-5.46897,19.97438,-17.75168,74.10953
4525,54:09.4,17.96373,-5.95179,-5.49397,19.70541,-18.33119,73.81109
4526,54:09.4,17.96373,-5.95179,-5.49397,19.70541,-18.33119,73.81109
4527,54:09.5,17.96373,-5.95179,-5.49397,19.70541,-18.33119,73.81109
4528,54:09.5,17.52018,-6.14073,-5.50497,19.36415,-19.3153,73.48377
4529,54:09.5,17.52018,-6.14073,-5.50497,19.36415,-19.3153,73.48377
4530,54:09.6,17.52018,-6.14073,-5.50497,19.36415,-19.3153,73.48377
4531,54:09.6,17.07664,-6.23521,-5.51197,18.99661,-20.05869,73.13272
4532,54:09.6,17.07664,-6.23521,-5.51197,18.99661,-20.05869,73.13272
4533,54:09.7,17.07664,-6.23521,-5.51197,18.99661,-20.05869,73.13272
4534,54:09.7,16.63309,-6.42415,-5.52097,18.66576,-21.11792,72.79563
4535,54:09.7,16.63309,-6.42415,-5.52097,18.66576,-21.11792,72.79563
4536,54:09.8,16.63309,-6.42415,-5.52097,18.66576,-21.11792,72.79563
4537,54:09.8,16.18954,-6.6131,-5.53398,18.34282,-22.21901,72.44044
4538,54:09.8,16.18954,-6.6131,-5.53398,18.34282,-22.21901,72.44044
4539,54:09.9,16.18954,-6.6131,-5.53398,18.34282,-22.21901,72.44044
4540,54:09.9,15.74599,-6.80204,-5.54198,18.02547,-23.36365,72.09422
4541,54:09.9,15.74599,-6.80204,-5.54198,18.02547,-23.36365,72.09422
4542,54:10.0,15.74599,-6.80204,-5.54198,18.02547,-23.36365,72.09422
4543,54:10.0,15.30244,-7.08546,-5.53498,17.74836,-24.84546,71.82873
4544,54:10.0,15.30244,-7.08546,-5.53498,17.74836,-24.84546,71.82873
4545,54:10.1,15.30244,-7.08546,-5.53498,17.74836,-24.84546,71.82873
4546,54:10.1,14.85889,-7.2744,-5.50498,17.43584,-26.08479,71.59524
4547,54:10.1,14.85889,-7.2744,-5.50498,17.43584,-26.08479,71.59524
4548,54:10.2,14.85889,-7.2744,-5.50498,17.43584,-26.08479,71.59524
4549,54:10.2,14.41534,-7.46335,-5.42198,17.11436,-27.37226,71.52996
4550,54:10.2,14.41534,-7.46335,-5.42198,17.11436,-27.37226,71.52996
4551,54:10.3,14.41534,-7.46335,-5.42198,17.11436,-27.37226,71.52996
4552,54:10.3,13.97179,-7.65229,-5.31398,16.79306,-28.70935,71.55229
4553,54:10.3,13.97179,-7.65229,-5.31398,16.79306,-28.70935,71.55229
4554,54:10.4,13.97179,-7.65229,-5.31398,16.79306,-28.70935,71.55229
4555,54:10.4,13.52824,-7.84124,-5.17798,16.47149,-30.09744,71.6778
4556,54:10.4,13.52824,-7.84124,-5.17798,16.47149,-30.09744,71.6778
4557,54:10.5,13.52824,-7.84124,-5.17798,16.47149,-30.09744,71.6778
4558,54:10.5,13.08469,-8.03018,-5.03498,16.15686,-31.53779,71.84244
4559,54:10.5,13.08469,-8.03018,-5.03498,16.15686,-31.53779,71.84244
4560,54:10.6,13.08469,-8.03018,-5.03498,16.15686,-31.53779,71.84244
4561,54:10.6,12.75203,-8.12466,-4.86998,15.88525,-32.5023,72.1472
4562,54:10.6,12.75203,-8.12466,-4.86998,15.88525,-32.5023,72.1472
4563,54:10.7,12.75203,-8.12466,-4.86998,15.88525,-32.5023,72.1472
4564,54:10.7,12.41937,-8.3136,-4.71898,15.67244,-33.7986,72.47628
4565,54:10.7,12.41937,-8.3136,-4.71898,15.67244,-33.7986,72.47628
4566,54:10.8,12.41937,-8.3136,-4.71898,15.67244,-33.7986,72.47628
4567,54:10.8,12.08671,-8.40807,-4.55598,15.41237,-34.82427,72.80614
4568,54:10.8,12.08671,-8.40807,-4.55598,15.41237,-34.82427,72.80614
4569,54:10.9,12.08671,-8.40807,-4.55598,15.41237,-34.82427,72.80614
4570,54:10.9,11.86493,-8.40807,-4.41098,15.19635,-35.32326,73.12612
4571,54:10.9,11.86493,-8.40807,-4.41098,15.19635,-35.32326,73.12612
4572,54:11.0,11.86493,-8.40807,-4.41098,15.19635,-35.32326,73.12612
4573,54:11.0,11.64316,-8.50255,-4.19898,15.01625,-36.13921,73.76192
4574,54:11.0,11.64316,-8.50255,-4.19898,15.01625,-36.13921,73.76192
4575,54:11.1,11.64316,-8.50255,-4.19898,15.01625,-36.13921,73.76192
4576,54:11.1,11.53227,-8.50255,-4.03598,14.88542,-36.40072,74.26808
4577,54:11.1,11.53227,-8.50255,-4.03598,14.88542,-36.40072,74.26808
4578,54:11.2,11.53227,-8.50255,-4.03598,14.88542,-36.40072,74.26808
4579,54:11.2,11.31049,-8.59702,-3.88298,14.72799,-37.23818,74.71345
4580,54:11.2,11.31049,-8.59702,-3.88298,14.72799,-37.23818,74.71345
4581,54:11.3,11.31049,-8.59702,-3.88298,14.72799,-37.23818,74.71345
4582,54:11.3,11.31049,-8.59702,-3.70898,14.68307,-37.23818,75.36842
4583,54:11.3,11.31049,-8.59702,-3.70898,14.68307,-37.23818,75.36842
4584,54:11.4,11.31049,-8.59702,-3.70898,14.68307,-37.23818,75.36842
4585,54:11.4,11.31049,-8.59702,-3.53998,14.64129,-37.23818,76.00833
4586,54:11.4,11.31049,-8.59702,-3.53998,14.64129,-37.23818,76.00833
4587,54:11.5,11.31049,-8.59702,-3.53998,14.64129,-37.23818,76.00833
4588,54:11.5,11.19961,-8.59702,-3.40198,14.52286,-37.51049,76.45256
4589,54:11.5,11.19961,-8.59702,-3.40198,14.52286,-37.51049,76.45256
4590,54:11.6,11.19961,-8.59702,-3.40198,14.52286,-37.51049,76.45256
4591,54:11.6,11.31049,-8.59702,-3.23698,14.571,-37.23818,77.16451
4592,54:11.6,11.31049,-8.59702,-3.23698,14.571,-37.23818,77.16451
4593,54:11.7,11.31049,-8.59702,-3.23698,14.571,-37.23818,77.16451
4594,54:11.7,11.31049,-8.59702,-3.10098,14.54139,-37.23818,77.68699
4595,54:11.7,11.31049,-8.59702,-3.10098,14.54139,-37.23818,77.68699
4596,54:11.8,11.31049,-8.59702,-3.10098,14.54139,-37.23818,77.68699
4597,54:11.8,11.31049,-8.59702,-2.93798,14.5075,-37.23818,78.31594
4598,54:11.8,11.31049,-8.59702,-2.93798,14.5075,-37.23818,78.31594
4599,54:11.9,11.31049,-8.59702,-2.93798,14.5075,-37.23818,78.31594
4600,54:11.9,11.31049,-8.59702,-2.79298,14.47884,-37.23818,78.87786
4601,54:11.9,11.31049,-8.59702,-2.79298,14.47884,-37.23818,78.87786
4602,54:12.0,11.31049,-8.59702,-2.79298,14.47884,-37.23818,78.87786
4603,54:12.0,11.42138,-8.59702,-2.62898,14.53507,-36.96924,79.57945
4604,54:12.0,11.42138,-8.59702,-2.62898,14.53507,-36.96924,79.57945
4605,54:12.1,11.42138,-8.59702,-2.62898,14.53507,-36.96924,79.57945
4606,54:12.1,11.42138,-8.59702,-2.52098,14.51592,-36.96924,79.99871
4607,54:12.1,11.42138,-8.59702,-2.52098,14.51592,-36.96924,79.99871
4608,54:12.2,11.42138,-8.59702,-2.52098,14.51592,-36.96924,79.99871
4609,54:12.2,11.42138,-8.59702,-2.37898,14.49193,-36.96924,80.55161
4610,54:12.2,11.42138,-8.59702,-2.37898,14.49193,-36.96924,80.55161
4611,54:12.3,11.42138,-8.59702,-2.37898,14.49193,-36.96924,80.55161
4612,54:12.3,11.42138,-8.59702,-2.25798,14.47256,-36.96924,81.02414
4613,54:12.3,11.42138,-8.59702,-2.25798,14.47256,-36.96924,81.02414
4614,54:12.4,11.42138,-8.59702,-2.25798,14.47256,-36.96924,81.02414
4615,54:12.4,11.42138,-8.59702,-2.14098,14.45477,-36.96924,81.48223
4616,54:12.4,11.42138,-8.59702,-2.14098,14.45477,-36.96924,81.48223
4617,54:12.5,11.42138,-8.59702,-2.14098,14.45477,-36.96924,81.48223
4618,54:12.5,11.42138,-8.59702,-2.03498,14.43945,-36.96924,81.89821
4619,54:12.5,11.42138,-8.59702,-2.03498,14.43945,-36.96924,81.89821
4620,54:12.6,11.42138,-8.59702,-2.03498,14.43945,-36.96924,81.89821
4621,54:12.6,11.42138,-8.59702,-1.93998,14.42637,-36.96924,82.27174
4622,54:12.6,11.42138,-8.59702,-1.93998,14.42637,-36.96924,82.27174
4623,54:12.7,11.42138,-8.59702,-1.93998,14.42637,-36.96924,82.27174
4624,54:12.7,11.42138,-8.59702,-1.84398,14.41377,-36.96924,82.64989
4625,54:12.7,11.42138,-8.59702,-1.84398,14.41377,-36.96924,82.64989
4626,54:12.8,11.42138,-8.59702,-1.84398,14.41377,-36.96924,82.64989
4627,54:12.8,11.42138,-8.59702,-1.74398,14.40132,-36.96924,83.04447
4628,54:12.8,11.42138,-8.59702,-1.74398,14.40132,-36.96924,83.04447
4629,54:12.9,11.42138,-8.59702,-1.74398,14.40132,-36.96924,83.04447
4630,54:12.9,11.42138,-8.59702,-1.65398,14.3907,-36.96924,83.40017
4631,54:12.9,11.42138,-8.59702,-1.65398,14.3907,-36.96924,83.40017
4632,54:13.0,11.42138,-8.59702,-1.65398,14.3907,-36.96924,83.40017
4633,54:13.0,11.42138,-8.59702,-1.55898,14.38009,-36.96924,83.77618
4634,54:13.0,11.42138,-8.59702,-1.55898,14.38009,-36.96924,83.77618
4635,54:13.1,11.42138,-8.59702,-1.55898,14.38009,-36.96924,83.77618
4636,54:13.1,11.42138,-8.59702,-1.48298,14.37205,-36.96924,84.07738
4637,54:13.1,11.42138,-8.59702,-1.48298,14.37205,-36.96924,84.07738
4638,54:13.2,11.42138,-8.59702,-1.48298,14.37205,-36.96924,84.07738
4639,54:13.2,11.42138,-8.69149,-1.40998,14.42144,-37.27056,84.38923
4640,54:13.2,11.42138,-8.69149,-1.40998,14.42144,-37.27056,84.38923
4641,54:13.3,11.42138,-8.69149,-1.40998,14.42144,-37.27056,84.38923
4642,54:13.3,11.42138,-8.69149,-1.34998,14.41569,-37.27056,84.62656
4643,54:13.3,11.42138,-8.69149,-1.34998,14.41569,-37.27056,84.62656
4644,54:13.4,11.42138,-8.69149,-1.34998,14.41569,-37.27056,84.62656
4645,54:13.4,11.42138,-8.69149,-1.29998,14.4111,-37.27056,84.82448
4646,54:13.4,11.42138,-8.69149,-1.29998,14.4111,-37.27056,84.82448
4647,54:13.5,11.42138,-8.69149,-1.29998,14.4111,-37.27056,84.82448
4648,54:13.5,11.42138,-8.69149,-1.24798,14.4065,-37.27056,85.03044
4649,54:13.5,11.42138,-8.69149,-1.24798,14.4065,-37.27056,85.03044
4650,54:13.6,11.42138,-8.69149,-1.24798,14.4065,-37.27056,85.03044
4651,54:13.6,11.42138,-8.69149,-1.20098,14.4025,-37.27056,85.21671
4652,54:13.6,11.42138,-8.69149,-1.20098,14.4025,-37.27056,85.21671
4653,54:13.7,11.42138,-8.69149,-1.20098,14.4025,-37.27056,85.21671
4654,54:13.7,11.42138,-8.69149,-1.15598,14.39882,-37.27056,85.39515
4655,54:13.7,11.42138,-8.69149,-1.15598,14.39882,-37.27056,85.39515
4656,54:13.8,11.42138,-8.69149,-1.15598,14.39882,-37.27056,85.39515
4657,54:13.8,11.42138,-8.69149,-1.13298,14.39699,-37.27056,85.48639
4658,54:13.8,11.42138,-8.69149,-1.13298,14.39699,-37.27056,85.48639
4659,54:13.9,11.42138,-8.69149,-1.13298,14.39699,-37.27056,85.48639
4660,54:13.9,11.42138,-8.69149,-1.10398,14.39474,-37.27056,85.60146
4661,54:13.9,11.42138,-8.69149,-1.10398,14.39474,-37.27056,85.60146
4662,54:14.0,11.42138,-8.69149,-1.10398,14.39474,-37.27056,85.60146
4663,54:14.0,11.42138,-8.69149,-1.06798,14.39202,-37.27056,85.74436
4664,54:14.0,11.42138,-8.69149,-1.06798,14.39202,-37.27056,85.74436
4665,54:14.1,11.42138,-8.69149,-1.06798,14.39202,-37.27056,85.74436
4666,54:14.1,11.42138,-8.69149,-1.03698,14.38976,-37.27056,85.86745
4667,54:14.1,11.42138,-8.69149,-1.03698,14.38976,-37.27056,85.86745
4668,54:14.2,11.42138,-8.69149,-1.03698,14.38976,-37.27056,85.86745
4669,54:14.2,11.31049,-8.69149,-0.99898,14.2992,-37.54029,85.99389
4670,54:14.2,11.31049,-8.69149,-0.99898,14.2992,-37.54029,85.99389
4671,54:14.3,11.31049,-8.69149,-0.99898,14.2992,-37.54029,85.99389
4672,54:14.3,11.31049,-8.69149,-0.96998,14.2972,-37.54029,86.10982
4673,54:14.3,11.31049,-8.69149,-0.96998,14.2972,-37.54029,86.10982
4674,54:14.4,11.31049,-8.69149,-0.96998,14.2972,-37.54029,86.10982
4675,54:14.4,11.31049,-8.69149,-0.94298,14.29539,-37.54029,86.21778
4676,54:14.4,11.31049,-8.69149,-0.94298,14.29539,-37.54029,86.21778
4677,54:14.5,11.31049,-8.69149,-0.94298,14.29539,-37.54029,86.21778
4678,54:14.5,11.31049,-8.69149,-0.91698,14.2937,-37.54029,86.32178
4679,54:14.5,11.31049,-8.69149,-0.91698,14.2937,-37.54029,86.32178
4680,54:14.6,11.31049,-8.69149,-0.91698,14.2937,-37.54029,86.32178
4681,54:14.6,11.31049,-8.69149,-0.88298,14.29156,-37.54029,86.45781
4682,54:14.6,11.31049,-8.69149,-0.88298,14.29156,-37.54029,86.45781
4683,54:14.7,11.31049,-8.69149,-0.88298,14.29156,-37.54029,86.45781
4684,54:14.7,11.31049,-8.69149,-0.85498,14.28986,-37.54029,86.56986
4685,54:14.7,11.31049,-8.69149,-0.85498,14.28986,-37.54029,86.56986
4686,54:14.8,11.31049,-8.69149,-0.85498,14.28986,-37.54029,86.56986
4687,54:14.8,11.31049,-8.69149,-0.82098,14.28787,-37.54029,86.70596
4688,54:14.8,11.31049,-8.69149,-0.82098,14.28787,-37.54029,86.70596
4689,54:14.9,11.31049,-8.69149,-0.82098,14.28787,-37.54029,86.70596
4690,54:14.9,11.31049,-8.69149,-0.79698,14.28651,-37.54029,86.80205
4691,54:14.9,11.31049,-8.69149,-0.79698,14.28651,-37.54029,86.80205
4692,54:15.0,11.31049,-8.69149,-0.79698,14.28651,-37.54029,86.80205
4693,54:15.0,11.31049,-8.69149,-0.75498,14.28422,-37.54029,86.97025
4694,54:15.0,11.31049,-8.69149,-0.75498,14.28422,-37.54029,86.97025
4695,54:15.1,11.31049,-8.69149,-0.75498,14.28422,-37.54029,86.97025
4696,54:15.1,11.31049,-8.69149,-0.72798,14.28282,-37.54029,87.07841
4697,54:15.1,11.31049,-8.69149,-0.72798,14.28282,-37.54029,87.07841
4698,54:15.2,11.31049,-8.69149,-0.72798,14.28282,-37.54029,87.07841
4699,54:15.2,11.31049,-8.69149,-0.70198,14.28152,-37.54029,87.18259
4700,54:15.2,11.31049,-8.69149,-0.70198,14.28152,-37.54029,87.18259
4701,54:15.3,11.31049,-8.69149,-0.70198,14.28152,-37.54029,87.18259
4702,54:15.3,11.31049,-8.69149,-0.67598,14.28027,-37.54029,87.28678
4703,54:15.3,11.31049,-8.69149,-0.67598,14.28027,-37.54029,87.28678
4704,54:15.4,11.31049,-8.69149,-0.67598,14.28027,-37.54029,87.28678
4705,54:15.4,11.31049,-8.69149,-0.64698,14.27892,-37.54029,87.40302
4706,54:15.4,11.31049,-8.69149,-0.64698,14.27892,-37.54029,87.40302
4707,54:15.5,11.31049,-8.69149,-0.64698,14.27892,-37.54029,87.40302
4708,54:15.5,11.31049,-8.69149,-0.62598,14.27799,-37.54029,87.4872
4709,54:15.5,11.31049,-8.69149,-0.62598,14.27799,-37.54029,87.4872
4710,54:15.6,11.31049,-8.69149,-0.62598,14.27799,-37.54029,87.4872
4711,54:15.6,11.31049,-8.69149,-0.60898,14.27725,-37.54029,87.55536
4712,54:15.6,11.31049,-8.69149,-0.60898,14.27725,-37.54029,87.55536
4713,54:15.7,11.31049,-8.69149,-0.60898,14.27725,-37.54029,87.55536
4714,54:15.7,11.31049,-8.69149,-0.59398,14.27662,-37.54029,87.6155
4715,54:15.7,11.31049,-8.69149,-0.59398,14.27662,-37.54029,87.6155
4716,54:15.8,11.31049,-8.69149,-0.59398,14.27662,-37.54029,87.6155
4717,54:15.8,11.31049,-8.69149,-0.58698,14.27633,-37.54029,87.64357
4718,54:15.8,11.31049,-8.69149,-0.58698,14.27633,-37.54029,87.64357
4719,54:15.9,11.31049,-8.69149,-0.58698,14.27633,-37.54029,87.64357
4720,54:15.9,11.31049,-8.78596,-0.57798,14.33368,-37.83997,87.68901
4721,54:15.9,11.31049,-8.78596,-0.57798,14.33368,-37.83997,87.68901
4722,54:16.0,11.31049,-8.78596,-0.57798,14.33368,-37.83997,87.68901
4723,54:16.0,11.31049,-8.78596,-0.56998,14.33336,-37.83997,87.72096
4724,54:16.0,11.31049,-8.78596,-0.56998,14.33336,-37.83997,87.72096
4725,54:16.1,11.31049,-8.78596,-0.56998,14.33336,-37.83997,87.72096
4726,54:16.1,11.31049,-8.78596,-0.56498,14.33316,-37.83997,87.74093
4727,54:16.1,11.31049,-8.78596,-0.56498,14.33316,-37.83997,87.74093
4728,54:16.2,11.31049,-8.78596,-0.56498,14.33316,-37.83997,87.74093
4729,54:16.2,11.31049,-8.78596,-0.55998,14.33296,-37.83997,87.7609
4730,54:16.2,11.31049,-8.78596,-0.55998,14.33296,-37.83997,87.7609
4731,54:16.3,11.31049,-8.78596,-0.55998,14.33296,-37.83997,87.7609
4732,54:16.3,11.31049,-8.78596,-0.55798,14.33288,-37.83997,87.76889
4733,54:16.3,11.31049,-8.78596,-0.55798,14.33288,-37.83997,87.76889
4734,54:16.4,11.31049,-8.78596,-0.55798,14.33288,-37.83997,87.76889
4735,54:16.4,11.31049,-8.78596,-0.54698,14.33246,-37.83997,87.81283
4736,54:16.4,11.31049,-8.78596,-0.54698,14.33246,-37.83997,87.81283
4737,54:16.5,11.31049,-8.78596,-0.54698,14.33246,-37.83997,87.81283
4738,54:16.5,11.31049,-8.78596,-0.52498,14.33164,-37.83997,87.90072
4739,54:16.5,11.31049,-8.78596,-0.52498,14.33164,-37.83997,87.90072
4740,54:16.6,11.31049,-8.78596,-0.52498,14.33164,-37.83997,87.90072
4741,54:16.6,11.31049,-8.78596,-0.48898,14.33036,-37.83997,88.04456
4742,54:16.6,11.31049,-8.78596,-0.48898,14.33036,-37.83997,88.04456
4743,54:16.7,11.31049,-8.78596,-0.48898,14.33036,-37.83997,88.04456
4744,54:16.7,11.31049,-8.78596,-0.45198,14.32915,-37.83997,88.19242
4745,54:16.7,11.31049,-8.78596,-0.45198,14.32915,-37.83997,88.19242
4746,54:16.8,11.31049,-8.78596,-0.45198,14.32915,-37.83997,88.19242
4747,54:16.8,11.31049,-8.78596,-0.40298,14.32769,-37.83997,88.38827
4748,54:16.8,11.31049,-8.78596,-0.40298,14.32769,-37.83997,88.38827
4749,54:16.9,11.31049,-8.78596,-0.40298,14.32769,-37.83997,88.38827
4750,54:16.9,11.31049,-8.69149,-0.35898,14.26877,-37.54029,88.55836
4751,54:16.9,11.31049,-8.69149,-0.35898,14.26877,-37.54029,88.55836
4752,54:17.0,11.31049,-8.69149,-0.35898,14.26877,-37.54029,88.55836
4753,54:17.0,11.31049,-8.69149,-0.30198,14.26745,-37.54029,88.78719
4754,54:17.0,11.31049,-8.69149,-0.30198,14.26745,-37.54029,88.78719
4755,54:17.1,11.31049,-8.69149,-0.30198,14.26745,-37.54029,88.78719
4756,54:17.1,11.31049,-8.69149,-0.25698,14.26657,-37.54029,88.96787
4757,54:17.1,11.31049,-8.69149,-0.25698,14.26657,-37.54029,88.96787
4758,54:17.2,11.31049,-8.69149,-0.25698,14.26657,-37.54029,88.96787
4759,54:17.2,11.31049,-8.69149,-0.21998,14.26595,-37.54029,89.11645
4760,54:17.2,11.31049,-8.69149,-0.21998,14.26595,-37.54029,89.11645
4761,54:17.3,11.31049,-8.69149,-0.21998,14.26595,-37.54029,89.11645
4762,54:17.3,11.31049,-8.69149,-0.18598,14.26547,-37.54029,89.25299
4763,54:17.3,11.31049,-8.69149,-0.18598,14.26547,-37.54029,89.25299
4764,54:17.4,11.31049,-8.69149,-0.18598,14.26547,-37.54029,89.25299
4765,54:17.4,11.31049,-8.69149,-0.15098,14.26506,-37.54029,89.39356
4766,54:17.4,11.31049,-8.69149,-0.15098,14.26506,-37.54029,89.39356
4767,54:17.5,11.31049,-8.69149,-0.15098,14.26506,-37.54029,89.39356
4768,54:17.5,11.31049,-8.78596,-0.12698,14.32258,-37.83997,89.49201
4769,54:17.5,11.31049,-8.78596,-0.12698,14.32258,-37.83997,89.49201
4770,54:17.6,11.31049,-8.78596,-0.12698,14.32258,-37.83997,89.49201
4771,54:17.6,11.42137,-8.78596,-0.10398,14.41012,-37.5695,89.58655
4772,54:17.6,11.42137,-8.78596,-0.10398,14.41012,-37.5695,89.58655
4773,54:17.7,11.42137,-8.78596,-0.10398,14.41012,-37.5695,89.58655
4774,54:17.7,11.42137,-8.78596,-0.08398,14.40999,-37.5695,89.66607
4775,54:17.7,11.42137,-8.78596,-0.08398,14.40999,-37.5695,89.66607
4776,54:17.8,11.42137,-8.78596,-0.08398,14.40999,-37.5695,89.66607
4777,54:17.8,11.42137,-8.78596,-0.06498,14.40989,-37.5695,89.74161
4778,54:17.8,11.42137,-8.78596,-0.06498,14.40989,-37.5695,89.74161
4779,54:17.9,11.42137,-8.78596,-0.06498,14.40989,-37.5695,89.74161
4780,54:17.9,11.42137,-8.78596,-0.04898,14.40983,-37.5695,89.80523
4781,54:17.9,11.42137,-8.78596,-0.04898,14.40983,-37.5695,89.80523
4782,54:18.0,11.42137,-8.78596,-0.04898,14.40983,-37.5695,89.80523
4783,54:18.0,11.42137,-8.78596,-0.03098,14.40978,-37.5695,89.8768
4784,54:18.0,11.42137,-8.78596,-0.03098,14.40978,-37.5695,89.8768
4785,54:18.1,11.42137,-8.78596,-0.03098,14.40978,-37.5695,89.8768
4786,54:18.1,11.42137,-8.88043,-0.01698,14.46755,-37.86605,89.93274
4787,54:18.1,11.42137,-8.88043,-0.01698,14.46755,-37.86605,89.93274
4788,54:18.2,11.42137,-8.88043,-0.01698,14.46755,-37.86605,89.93274
4789,54:18.2,11.42137,-8.88043,-0.00398,14.46754,-37.86605,89.98422
4790,54:18.2,11.42137,-8.88043,-0.00398,14.46754,-37.86605,89.98422
4791,54:18.3,11.42137,-8.88043,-0.00398,14.46754,-37.86605,89.98422
4792,54:18.3,11.42137,-8.88043,0.00402,14.46754,-37.86605,90.01591
4793,54:18.3,11.42137,-8.88043,0.00302,14.46754,-37.86605,90.01195
4794,54:18.4,11.42137,-8.88043,0.00302,14.46754,-37.86605,90.01195
4795,54:18.4,11.42137,-8.88043,0.00502,14.46754,-37.86605,90.01987
4796,54:18.4,11.42137,-8.88043,0.00502,14.46754,-37.86605,90.01987
4797,54:18.5,11.42137,-8.88043,0.00502,14.46754,-37.86605,90.01987
4798,54:18.5,11.42137,-8.88043,0.00602,14.46755,-37.86605,90.02383
4799,54:18.5,11.42137,-8.88043,0.00702,14.46755,-37.86605,90.02779
4800,54:18.6,11.42137,-8.88043,0.00702,14.46755,-37.86605,90.02779
4801,54:18.6,11.42137,-8.88043,0.00902,14.46755,-37.86605,90.03571
4802,54:18.6,11.42137,-8.88043,0.00802,14.46755,-37.86605,90.03175
4803,54:18.7,11.42137,-8.88043,0.00802,14.46755,-37.86605,90.03175
4804,54:18.7,11.42137,-8.88043,0.01002,14.46755,-37.86605,90.03967
4805,54:18.7,11.42137,-8.88043,0.01102,14.46755,-37.86605,90.04363
4806,54:18.8,11.42137,-8.88043,0.01102,14.46755,-37.86605,90.04363
4807,54:18.8,11.42137,-8.88043,0.01202,14.46755,-37.86605,90.04759
4808,54:18.8,11.42137,-8.88043,0.01202,14.46755,-37.86605,90.04759
4809,54:18.9,11.42137,-8.88043,0.01202,14.46755,-37.86605,90.04759
4810,54:18.9,11.42137,-8.88043,0.01102,14.46755,-37.86605,90.04363
4811,54:18.9,11.42137,-8.88043,0.01102,14.46755,-37.86605,90.04363
4812,54:19.0,11.42137,-8.88043,0.01102,14.46755,-37.86605,90.04363
4813,54:19.0,11.42137,-8.88043,0.00502,14.46754,-37.86605,90.01987
4814,54:19.0,11.42137,-8.88043,0.00502,14.46754,-37.86605,90.01987
4815,54:19.1,11.42137,-8.88043,0.00502,14.46754,-37.86605,90.01987
4816,54:19.1,11.42137,-8.88043,0.00402,14.46754,-37.86605,90.01591
4817,54:19.1,11.42137,-8.88043,0.00402,14.46754,-37.86605,90.01591
4818,54:19.2,11.42137,-8.88043,0.00402,14.46754,-37.86605,90.01591
