Number,TimeStamp,North,East,Down,Range,Azmimuth(horizontal - Theta),Zenith(Vertical-Phi)
1,51:38.5,18.85084,5.29048,-8.92797,21.51865,15.67676,65.48732
2,51:38.5,18.85084,5.29048,-8.92797,21.51865,15.67676,65.48732
3,51:38.5,18.85084,5.29048,-8.92897,21.51906,15.67676,65.4849
4,51:38.6,18.85084,5.29048,-8.92897,21.51906,15.67676,65.4849
5,51:38.6,18.85084,5.29048,-8.93297,21.52072,15.67676,65.47521
6,51:38.6,18.85084,5.29048,-8.93297,21.52072,15.67676,65.47521
7,51:38.7,18.85084,5.29048,-8.93297,21.52072,15.67676,65.47521
8,51:38.7,18.85084,5.29048,-8.93297,21.52072,15.67676,65.47521
9,51:38.7,18.85084,5.29048,-8.93397,21.52114,15.67676,65.47279
10,51:38.8,18.85084,5.29048,-8.93397,21.52114,15.67676,65.47279
11,51:38.8,18.85084,5.29048,-8.93397,21.52114,15.67676,65.47279
12,51:38.8,18.85084,5.29048,-8.93497,21.52155,15.67676,65.47036
13,51:38.9,18.85084,5.29048,-8.93497,21.52155,15.67676,65.47036
14,51:38.9,18.85084,5.29048,-8.93497,21.52155,15.67676,65.47036
15,51:38.9,18.85084,5.29048,-8.93397,21.52114,15.67676,65.47279
16,51:39.0,18.85084,5.29048,-8.93397,21.52114,15.67676,65.47279
17,51:39.0,18.85084,5.29048,-8.93397,21.52114,15.67676,65.47279
18,51:39.0,18.85084,5.38495,-8.93097,21.54331,15.94258,65.50846
19,51:39.1,18.85084,5.38495,-8.93097,21.54331,15.94258,65.50846
20,51:39.1,18.85084,5.38495,-8.93097,21.54331,15.94258,65.50846
21,51:39.1,18.85084,5.38495,-8.92897,21.54248,15.94258,65.5133
22,51:39.2,18.85084,5.38495,-8.92897,21.54248,15.94258,65.5133
23,51:39.2,18.85084,5.38495,-8.92597,21.54124,15.94258,65.52056
24,51:39.2,18.85084,5.38495,-8.92597,21.54124,15.94258,65.52056
25,51:39.3,18.85084,5.38495,-8.92597,21.54124,15.94258,65.52056
26,51:39.3,18.85084,5.38495,-8.92597,21.54124,15.94258,65.52056
27,51:39.3,18.85084,5.29048,-8.92497,21.5174,15.67676,65.49459
28,51:39.4,18.85084,5.29048,-8.92497,21.5174,15.67676,65.49459
29,51:39.4,18.85084,5.29048,-8.92497,21.5174,15.67676,65.49459
30,51:39.4,18.85084,5.29048,-8.92997,21.51948,15.67676,65.48248
31,51:39.5,18.85084,5.29048,-8.92997,21.51948,15.67676,65.48248
32,51:39.5,18.85084,5.29048,-8.92997,21.51948,15.67676,65.48248
33,51:39.5,18.85084,5.29048,-8.93297,21.52072,15.67676,65.47521
34,51:39.6,18.85084,5.29048,-8.93297,21.52072,15.67676,65.47521
35,51:39.6,18.85084,5.29048,-8.93397,21.52114,15.67676,65.47279
36,51:39.6,18.85084,5.29048,-8.93397,21.52114,15.67676,65.47279
37,51:39.7,18.85084,5.29048,-8.93397,21.52114,15.67676,65.47279
38,51:39.7,18.85084,5.29048,-8.93397,21.52114,15.67676,65.47279
39,51:39.7,18.85084,5.29048,-8.93397,21.52114,15.67676,65.47279
40,51:39.8,18.85084,5.29048,-8.93397,21.52114,15.67676,65.47279
41,51:39.8,18.85084,5.29048,-8.93397,21.52114,15.67676,65.47279
42,51:39.8,18.96173,5.29048,-8.93797,21.61998,15.58955,65.58062
43,51:39.9,18.96173,5.29048,-8.93797,21.61998,15.58955,65.58062
44,51:39.9,18.96173,5.29048,-8.93797,21.61998,15.58955,65.58062
45,51:39.9,18.96173,5.29048,-8.93897,21.6204,15.58955,65.57821
46,51:40.0,18.96173,5.29048,-8.93897,21.6204,15.58955,65.57821
47,51:40.0,18.96173,5.29048,-8.93897,21.6204,15.58955,65.57821
48,51:40.0,18.96173,5.29048,-8.94097,21.62122,15.58955,65.57338
49,51:40.1,18.96173,5.29048,-8.94097,21.62122,15.58955,65.57338
50,51:40.1,18.96173,5.29048,-8.94097,21.62122,15.58955,65.57338
51,51:40.1,18.96173,5.29048,-8.94397,21.62246,15.58955,65.56614
52,51:40.2,18.96173,5.29048,-8.94397,21.62246,15.58955,65.56614
53,51:40.2,18.96173,5.29048,-8.94397,21.62246,15.58955,65.56614
54,51:40.2,18.96173,5.29048,-8.94597,21.62329,15.58955,65.56132
55,51:40.3,18.96173,5.29048,-8.94597,21.62329,15.58955,65.56132
56,51:40.3,18.96173,5.29048,-8.94597,21.62329,15.58955,65.56132
57,51:40.3,18.96173,5.29048,-8.94797,21.62412,15.58955,65.5565
58,51:40.4,18.96173,5.29048,-8.94797,21.62412,15.58955,65.5565
59,51:40.4,18.96173,5.29048,-8.94797,21.62412,15.58955,65.5565
60,51:40.4,18.96173,5.29048,-8.95097,21.62536,15.58955,65.54926
61,51:40.5,18.96173,5.29048,-8.95097,21.62536,15.58955,65.54926
62,51:40.5,18.96173,5.29048,-8.95597,21.62743,15.58955,65.5372
63,51:40.5,18.96173,5.29048,-8.95597,21.62743,15.58955,65.5372
64,51:40.6,18.96173,5.29048,-8.95597,21.62743,15.58955,65.5372
65,51:40.6,18.96173,5.29048,-8.95597,21.62743,15.58955,65.5372
66,51:40.6,18.96173,5.29048,-8.95597,21.62743,15.58955,65.5372
67,51:40.7,18.96173,5.29048,-8.95597,21.62743,15.58955,65.5372
68,51:40.7,18.96173,5.29048,-8.93797,21.61998,15.58955,65.58062
69,51:40.7,18.96173,5.29048,-8.93797,21.61998,15.58955,65.58062
70,51:40.8,18.96173,5.29048,-8.93797,21.61998,15.58955,65.58062
71,51:40.8,18.96173,5.29048,-8.93797,21.61998,15.58955,65.58062
72,51:40.8,18.96173,5.29048,-8.86697,21.59073,15.58955,65.75218
73,51:40.9,18.96173,5.29048,-8.86697,21.59073,15.58955,65.75218
74,51:40.9,18.96173,5.29048,-8.86697,21.59073,15.58955,65.75218
75,51:40.9,18.96173,5.29048,-8.77297,21.55229,15.58955,65.98003
76,51:41.0,18.96173,5.29048,-8.77297,21.55229,15.58955,65.98003
77,51:41.0,18.96173,5.29048,-8.59097,21.47885,15.58955,66.42348
78,51:41.0,18.96173,5.29048,-8.59097,21.47885,15.58955,66.42348
79,51:41.1,18.96173,5.29048,-8.59097,21.47885,15.58955,66.42348
80,51:41.1,18.96173,5.29048,-8.59097,21.47885,15.58955,66.42348
81,51:41.1,18.96173,5.29048,-8.37597,21.39376,15.58955,66.95123
82,51:41.2,18.96173,5.29048,-8.37597,21.39376,15.58955,66.95123
83,51:41.2,18.96173,5.29048,-8.18197,21.31856,15.58955,67.43101
84,51:41.2,18.96173,5.29048,-8.18197,21.31856,15.58955,67.43101
85,51:41.3,18.96173,5.29048,-8.18197,21.31856,15.58955,67.43101
86,51:41.3,18.96173,5.29048,-8.18197,21.31856,15.58955,67.43101
87,51:41.3,18.96173,5.29048,-7.94797,21.22985,15.58955,68.01418
88,51:41.4,18.96173,5.29048,-7.94797,21.22985,15.58955,68.01418
89,51:41.4,18.96173,5.29048,-7.71297,21.14299,15.58955,68.60471
90,51:41.4,18.96173,5.29048,-7.71297,21.14299,15.58955,68.60471
91,51:41.5,18.96173,5.29048,-7.71297,21.14299,15.58955,68.60471
92,51:41.5,18.96173,5.29048,-7.52097,21.07371,15.58955,69.09075
93,51:41.5,18.96173,5.29048,-7.52097,21.07371,15.58955,69.09075
94,51:41.6,18.96173,5.29048,-7.52097,21.07371,15.58955,69.09075
95,51:41.6,18.96172,5.29048,-7.28797,20.99168,15.58955,69.68485
96,51:41.6,18.96172,5.29048,-7.28797,20.99168,15.58955,69.68485
97,51:41.7,18.96172,5.29048,-7.28797,20.99168,15.58955,69.68485
98,51:41.7,18.96172,5.29048,-7.28797,20.99168,15.58955,69.68485
99,51:41.7,18.96172,5.19601,-7.08697,20.89906,15.32436,70.17766
100,51:41.8,18.96172,5.19601,-7.08697,20.89906,15.32436,70.17766
101,51:41.8,18.96172,5.19601,-6.90697,20.83871,15.32436,70.64325
102,51:41.8,18.96172,5.19601,-6.90797,20.83904,15.32436,70.64065
103,51:41.9,18.96172,5.19601,-6.90797,20.83904,15.32436,70.64065
104,51:41.9,18.96172,5.19601,-6.90797,20.83904,15.32436,70.64065
105,51:41.9,18.96172,5.19601,-6.74497,20.78557,15.32436,71.06457
106,51:42.0,18.96172,5.19601,-6.74497,20.78557,15.32436,71.06457
107,51:42.0,18.96172,5.19601,-6.74497,20.78557,15.32436,71.06457
108,51:42.0,18.96172,5.19601,-6.58597,20.73452,15.32436,71.48016
109,51:42.1,18.96172,5.19601,-6.58597,20.73452,15.32436,71.48016
110,51:42.1,18.96172,5.19601,-6.46197,20.69547,15.32436,71.80568
111,51:42.1,18.96172,5.19601,-6.46197,20.69547,15.32436,71.80568
112,51:42.2,18.96172,5.19601,-6.46197,20.69547,15.32436,71.80568
113,51:42.2,18.85083,5.19601,-6.33697,20.55504,15.41023,72.04363
114,51:42.2,18.85083,5.19601,-6.33697,20.55504,15.41023,72.04363
115,51:42.3,18.85083,5.19601,-6.33697,20.55504,15.41023,72.04363
116,51:42.3,18.85083,5.19601,-6.24797,20.52778,15.41023,72.27994
117,51:42.3,18.85083,5.19601,-6.24797,20.52778,15.41023,72.27994
118,51:42.4,18.85083,5.19601,-6.24797,20.52778,15.41023,72.27994
119,51:42.4,18.85083,5.19601,-6.19197,20.5108,15.41023,72.42895
120,51:42.4,18.85083,5.19601,-6.19197,20.5108,15.41023,72.42895
121,51:42.5,18.85083,5.19601,-6.19197,20.5108,15.41023,72.42895
122,51:42.5,18.85083,5.19601,-6.16497,20.50267,15.41023,72.50088
123,51:42.5,18.85083,5.19601,-6.16497,20.50267,15.41023,72.50088
124,51:42.6,18.85083,5.19601,-6.16497,20.50267,15.41023,72.50088
125,51:42.6,18.85083,5.19601,-6.16397,20.50236,15.41023,72.50355
126,51:42.6,18.85083,5.19601,-6.16397,20.50236,15.41023,72.50355
127,51:42.7,18.85083,5.19601,-6.16397,20.50236,15.41023,72.50355
128,51:42.7,18.85083,5.19601,-6.17697,20.50628,15.41023,72.4689
129,51:42.7,18.85083,5.19601,-6.17697,20.50628,15.41023,72.4689
130,51:42.8,18.85083,5.19601,-6.17697,20.50628,15.41023,72.4689
131,51:42.8,18.85083,5.19601,-6.19797,20.51261,15.41023,72.41297
132,51:42.8,18.85083,5.19601,-6.19797,20.51261,15.41023,72.41297
133,51:42.9,18.85083,5.19601,-6.19797,20.51261,15.41023,72.41297
134,51:42.9,18.85083,5.19601,-6.19797,20.51261,15.41023,72.41297
135,51:42.9,18.85083,5.19601,-6.21597,20.51806,15.41023,72.36506
136,51:43.0,18.85083,5.19601,-6.21597,20.51806,15.41023,72.36506
137,51:43.0,18.85083,5.19601,-6.27497,20.53601,15.41023,72.20818
138,51:43.0,18.85083,5.19601,-6.27497,20.53601,15.41023,72.20818
139,51:43.1,18.85083,5.19601,-6.27497,20.53601,15.41023,72.20818
140,51:43.1,18.85083,5.19601,-6.29397,20.54182,15.41023,72.15772
141,51:43.1,18.85083,5.19601,-6.29297,20.54152,15.41023,72.16037
142,51:43.2,18.85083,5.19601,-6.29297,20.54152,15.41023,72.16037
143,51:43.2,18.85083,5.19601,-6.30197,20.54428,15.41023,72.13648
144,51:43.2,18.85083,5.19601,-6.30197,20.54428,15.41023,72.13648
145,51:43.3,18.85083,5.19601,-6.30197,20.54428,15.41023,72.13648
146,51:43.3,18.73995,5.19601,-6.30597,20.44381,15.49705,72.03393
147,51:43.3,18.73995,5.19601,-6.30597,20.44381,15.49705,72.03393
148,51:43.4,18.73995,5.19601,-6.30597,20.44381,15.49705,72.03393
149,51:43.4,18.73995,5.19601,-6.30897,20.44474,15.49705,72.02593
150,51:43.4,18.73995,5.19601,-6.30897,20.44474,15.49705,72.02593
151,51:43.5,18.73995,5.19601,-6.30897,20.44474,15.49705,72.02593
152,51:43.5,18.73995,5.19601,-6.30597,20.44381,15.49705,72.03393
153,51:43.5,18.73995,5.19601,-6.30597,20.44381,15.49705,72.03393
154,51:43.6,18.73995,5.19601,-6.30597,20.44381,15.49705,72.03393
155,51:43.6,18.73995,5.19601,-6.29997,20.44196,15.49705,72.04992
156,51:43.6,18.73995,5.19601,-6.29997,20.44196,15.49705,72.04992
157,51:43.7,18.73995,5.19601,-6.29997,20.44196,15.49705,72.04992
158,51:43.7,18.73995,5.19601,-6.29997,20.44196,15.49705,72.04992
159,51:43.7,18.62906,5.19601,-6.28697,20.33633,15.58482,71.99201
160,51:43.8,18.62906,5.19601,-6.28697,20.33633,15.58482,71.99201
161,51:43.8,18.62906,5.19601,-6.24897,20.32462,15.58482,72.09388
162,51:43.8,18.62906,5.19601,-6.24997,20.32492,15.58482,72.0912
163,51:43.9,18.62906,5.19601,-6.24997,20.32492,15.58482,72.0912
164,51:43.9,18.62906,5.19601,-6.23597,20.32062,15.58482,72.12876
165,51:43.9,18.62906,5.19601,-6.23597,20.32062,15.58482,72.12876
166,51:44.0,18.62906,5.19601,-6.23597,20.32062,15.58482,72.12876
167,51:44.0,18.51817,5.19601,-6.22097,20.21439,15.67357,72.07634
168,51:44.0,18.51817,5.19601,-6.22097,20.21439,15.67357,72.07634
169,51:44.1,18.51817,5.19601,-6.22097,20.21439,15.67357,72.07634
170,51:44.1,18.51817,5.19601,-6.22097,20.21439,15.67357,72.07634
171,51:44.1,18.51817,5.29048,-6.20497,20.23397,15.94417,72.14187
172,51:44.2,18.51817,5.29048,-6.20497,20.23397,15.94417,72.14187
173,51:44.2,18.40728,5.29048,-6.17997,20.12484,16.0353,72.11655
174,51:44.2,18.40728,5.29048,-6.17997,20.12484,16.0353,72.11655
175,51:44.3,18.40728,5.29048,-6.17997,20.12484,16.0353,72.11655
176,51:44.3,18.2964,5.29048,-6.17497,20.02193,16.12744,72.03654
177,51:44.3,18.2964,5.29048,-6.17497,20.02193,16.12744,72.03654
178,51:44.4,18.2964,5.29048,-6.17497,20.02193,16.12744,72.03654
179,51:44.4,18.18551,5.29048,-6.16897,19.91879,16.22063,71.95848
180,51:44.4,18.18551,5.29048,-6.16897,19.91879,16.22063,71.95848
181,51:44.5,18.18551,5.29048,-6.16897,19.91879,16.22063,71.95848
182,51:44.5,18.07462,5.38495,-6.16397,19.84148,16.59031,71.90093
183,51:44.5,18.07462,5.38495,-6.16497,19.84179,16.59031,71.89819
184,51:44.6,18.07462,5.38495,-6.16497,19.84179,16.59031,71.89819
185,51:44.6,17.96374,5.38495,-6.15697,19.73833,16.68704,71.82444
186,51:44.6,17.96374,5.38495,-6.15697,19.73833,16.68704,71.82444
187,51:44.7,17.96374,5.38495,-6.15697,19.73833,16.68704,71.82444
188,51:44.7,17.74196,5.38495,-6.15597,19.5364,16.88383,71.63298
189,51:44.7,17.74196,5.38495,-6.15697,19.53671,16.88383,71.6302
190,51:44.8,17.74196,5.38495,-6.15697,19.53671,16.88383,71.6302
191,51:44.8,17.63107,5.47942,-6.15697,19.46246,17.26432,71.55759
192,51:44.8,17.63107,5.47942,-6.15697,19.46246,17.26432,71.55759
193,51:44.9,17.63107,5.47942,-6.15697,19.46246,17.26432,71.55759
194,51:44.9,17.4093,5.47942,-6.16097,19.26306,17.47094,71.34714
195,51:44.9,17.4093,5.47942,-6.16097,19.26306,17.47094,71.34714
196,51:45.0,17.4093,5.47942,-6.16097,19.26306,17.47094,71.34714
197,51:45.0,17.29841,5.5739,-6.16697,19.19205,17.85999,71.25665
198,51:45.0,17.29841,5.5739,-6.16697,19.19205,17.85999,71.25665
199,51:45.1,17.29841,5.5739,-6.16697,19.19205,17.85999,71.25665
200,51:45.1,17.18752,5.66837,-6.16997,19.12093,18.25233,71.17482
201,51:45.1,17.18752,5.66837,-6.16997,19.12093,18.25233,71.17482
202,51:45.2,17.18752,5.66837,-6.16997,19.12093,18.25233,71.17482
203,51:45.2,16.96575,5.76284,-6.17097,18.95067,18.76134,70.99604
204,51:45.2,16.96575,5.76284,-6.17097,18.95067,18.76134,70.99604
205,51:45.3,16.96575,5.76284,-6.17097,18.95067,18.76134,70.99604
206,51:45.3,16.74398,5.85732,-6.17398,18.78262,19.28067,70.8097
207,51:45.3,16.74398,5.85732,-6.17298,18.78229,19.28067,70.81258
208,51:45.4,16.74398,5.85732,-6.17298,18.78229,19.28067,70.81258
209,51:45.4,16.63309,5.95179,-6.18098,18.71598,19.68864,70.71597
210,51:45.4,16.63309,5.95179,-6.18098,18.71598,19.68864,70.71597
211,51:45.5,16.63309,5.95179,-6.18098,18.71598,19.68864,70.71597
212,51:45.5,16.41131,6.14073,-6.18498,18.58208,20.51469,70.55838
213,51:45.6,16.41131,6.14073,-6.18498,18.58208,20.51469,70.55838
214,51:45.6,16.41131,6.14073,-6.18498,18.58208,20.51469,70.55838
215,51:45.6,16.30043,6.23521,-6.18798,18.51682,20.93275,70.47724
216,51:45.6,16.30043,6.23521,-6.18798,18.51682,20.93275,70.47724
217,51:45.7,16.30043,6.23521,-6.18798,18.51682,20.93275,70.47724
218,51:45.7,16.07865,6.42415,-6.19198,18.3884,21.77895,70.32206
219,51:45.7,16.07865,6.42415,-6.19198,18.3884,21.77895,70.32206
220,51:45.8,16.07865,6.42415,-6.19198,18.3884,21.77895,70.32206
221,51:45.8,15.96776,6.6131,-6.20398,18.36279,22.49704,70.2537
222,51:45.9,15.96776,6.6131,-6.20398,18.36279,22.49704,70.2537
223,51:45.9,15.96776,6.6131,-6.20398,18.36279,22.49704,70.2537
224,51:45.9,15.74599,6.80204,-6.20698,18.2409,23.36366,70.10619
225,51:45.9,15.74599,6.80204,-6.20698,18.2409,23.36366,70.10619
226,51:46.0,15.74599,6.80204,-6.20698,18.2409,23.36366,70.10619
227,51:46.0,15.6351,6.89652,-6.21198,18.1826,23.80188,70.02293
228,51:46.0,15.6351,6.89652,-6.21198,18.1826,23.80188,70.02293
229,51:46.1,15.6351,6.89652,-6.21198,18.1826,23.80188,70.02293
230,51:46.1,15.52421,7.08546,-6.21298,18.16056,24.5326,69.9943
231,51:46.1,15.52421,7.08546,-6.21298,18.16056,24.5326,69.9943
232,51:46.2,15.52421,7.08546,-6.21298,18.16056,24.5326,69.9943
233,51:46.2,15.30244,7.36888,-6.20698,18.08291,25.71311,69.92493
234,51:46.2,15.30244,7.36888,-6.20698,18.08291,25.71311,69.92493
235,51:46.3,15.30244,7.36888,-6.20698,18.08291,25.71311,69.92493
236,51:46.3,15.08067,7.55782,-6.20198,17.97253,26.61819,69.81326
237,51:46.4,15.08067,7.55782,-6.20198,17.97253,26.61819,69.81326
238,51:46.4,15.08067,7.55782,-6.20198,17.97253,26.61819,69.81326
239,51:46.4,14.96978,7.74677,-6.19798,17.95889,27.36129,69.81086
240,51:46.4,14.96978,7.74677,-6.19798,17.95889,27.36129,69.81086
241,51:46.5,14.96978,7.74677,-6.19798,17.95889,27.36129,69.81086
242,51:46.5,14.748,8.03019,-6.19298,17.89806,28.56799,69.7563
243,51:46.5,14.748,8.03019,-6.19298,17.89806,28.56799,69.7563
244,51:46.6,14.748,8.03019,-6.19298,17.89806,28.56799,69.7563
245,51:46.6,14.52623,8.21913,-6.18398,17.79907,29.50176,69.66964
246,51:46.6,14.52623,8.21913,-6.18398,17.79907,29.50176,69.66964
247,51:46.7,14.52623,8.21913,-6.18398,17.79907,29.50176,69.66964
248,51:46.7,14.30445,8.50255,-6.18198,17.75184,30.72721,69.62002
249,51:46.7,14.30445,8.50255,-6.18298,17.75218,30.72721,69.617
250,51:46.8,14.30445,8.50255,-6.18298,17.75218,30.72721,69.617
251,51:46.8,14.08268,8.78597,-6.18398,17.71318,31.95942,69.56666
252,51:46.9,14.08268,8.78597,-6.18298,17.71283,31.95942,69.56969
253,51:46.9,14.08268,8.78597,-6.18298,17.71283,31.95942,69.56969
254,51:46.9,13.8609,9.06939,-6.18198,17.68037,33.1973,69.53396
255,51:47.0,13.8609,9.06939,-6.18198,17.68037,33.1973,69.53396
256,51:47.0,13.8609,9.06939,-6.18198,17.68037,33.1973,69.53396
257,51:47.0,13.75002,9.35281,-6.18298,17.74168,34.22367,69.60439
258,51:47.0,13.75002,9.35281,-6.18298,17.74168,34.22367,69.60439
259,51:47.1,13.75002,9.35281,-6.18298,17.74168,34.22367,69.60439
260,51:47.1,13.52824,9.63623,-6.18498,17.72355,35.46243,69.5757
261,51:47.1,13.52824,9.63623,-6.18498,17.72355,35.46243,69.5757
262,51:47.2,13.52824,9.63623,-6.18498,17.72355,35.46243,69.5757
263,51:47.2,13.41735,9.91964,-6.18598,17.79582,36.47605,69.65889
264,51:47.2,13.41735,9.91964,-6.18598,17.79582,36.47605,69.65889
265,51:47.3,13.41735,9.91964,-6.18598,17.79582,36.47605,69.65889
266,51:47.3,13.19558,10.29753,-6.18898,17.84562,37.96768,69.70788
267,51:47.3,13.19558,10.29753,-6.18898,17.84562,37.96768,69.70788
268,51:47.4,13.19558,10.29753,-6.18898,17.84562,37.96768,69.70788
269,51:47.4,13.08469,10.67543,-6.19298,17.98685,39.21002,69.86057
270,51:47.5,13.08469,10.67543,-6.19298,17.98685,39.21002,69.86057
271,51:47.5,13.08469,10.67543,-6.19298,17.98685,39.21002,69.86057
272,51:47.5,12.9738,11.05332,-6.19798,18.13589,40.43006,70.01634
273,51:47.6,12.9738,11.05332,-6.19798,18.13589,40.43006,70.01634
274,51:47.6,12.9738,11.05332,-6.19798,18.13589,40.43006,70.01634
275,51:47.6,12.86292,11.43121,-6.20398,18.29252,41.62733,70.17468
276,51:47.6,12.86292,11.43121,-6.20398,18.29252,41.62733,70.17468
277,51:47.7,12.86292,11.43121,-6.20398,18.29252,41.62733,70.17468
278,51:47.7,12.86292,11.8091,-6.20598,18.53169,42.55421,70.43449
279,51:47.7,12.86292,11.8091,-6.20598,18.53169,42.55421,70.43449
280,51:47.8,12.86292,11.8091,-6.20598,18.53169,42.55421,70.43449
281,51:47.8,12.75203,12.18699,-6.21098,18.70062,43.70208,70.60209
282,51:47.8,12.75203,12.18699,-6.21098,18.70062,43.70208,70.60209
283,51:47.9,12.75203,12.18699,-6.21098,18.70062,43.70208,70.60209
284,51:47.9,12.75203,12.56488,-6.21097,18.94905,44.57647,70.86638
285,51:48.0,12.75203,12.56488,-6.21097,18.94905,44.57647,70.86638
286,51:48.0,12.75203,12.56488,-6.21097,18.94905,44.57647,70.86638
287,51:48.0,12.75203,12.8483,-6.21197,19.13849,45.21546,71.05985
288,51:48.1,12.75203,12.8483,-6.21197,19.13849,45.21546,71.05985
289,51:48.1,12.75203,12.8483,-6.21197,19.13849,45.21546,71.05985
290,51:48.1,12.86291,13.22619,-6.21297,19.46761,45.79776,71.38882
291,51:48.1,12.86291,13.22619,-6.21297,19.46761,45.79776,71.38882
292,51:48.2,12.86291,13.22619,-6.21297,19.46761,45.79776,71.38882
293,51:48.2,12.86291,13.60408,-6.21597,19.72724,46.60406,71.63339
294,51:48.3,12.86291,13.60408,-6.21597,19.72724,46.60406,71.63339
295,51:48.3,12.86291,13.60408,-6.21597,19.72724,46.60406,71.63339
296,51:48.3,12.9738,13.98197,-6.21397,20.06062,47.14192,71.95525
297,51:48.4,12.9738,13.98197,-6.21397,20.06062,47.14192,71.95525
298,51:48.4,12.9738,13.98197,-6.21397,20.06062,47.14192,71.95525
299,51:48.4,12.9738,14.26539,-6.20897,20.25765,47.71474,72.15156
300,51:48.5,12.9738,14.26539,-6.20897,20.25765,47.71474,72.15156
301,51:48.5,12.9738,14.26539,-6.20897,20.25765,47.71474,72.15156
302,51:48.5,13.08469,14.64328,-6.20397,20.59427,48.21722,72.46746
303,51:48.6,13.08469,14.64328,-6.20397,20.59427,48.21722,72.46746
304,51:48.6,13.08469,14.64328,-6.20397,20.59427,48.21722,72.46746
305,51:48.6,13.30646,15.02117,-6.19297,21.0012,48.46397,72.84927
306,51:48.7,13.30646,15.02117,-6.19297,21.0012,48.46397,72.84927
307,51:48.7,13.30646,15.02117,-6.19297,21.0012,48.46397,72.84927
308,51:48.7,13.41735,15.39907,-6.19097,21.34208,48.93406,73.1371
309,51:48.8,13.41735,15.39907,-6.19097,21.34208,48.93406,73.1371
310,51:48.8,13.41735,15.39907,-6.19097,21.34208,48.93406,73.1371
311,51:48.8,13.63912,15.68248,-6.19097,21.68626,48.98638,73.41254
312,51:48.9,13.63912,15.68248,-6.19097,21.68626,48.98638,73.41254
313,51:48.9,13.63912,15.68248,-6.19097,21.68626,48.98638,73.41254
314,51:48.9,13.75001,15.9659,-6.19497,21.96248,49.26461,73.61619
315,51:49.0,13.75001,15.9659,-6.19497,21.96248,49.26461,73.61619
316,51:49.0,13.75001,15.9659,-6.19497,21.96248,49.26461,73.61619
317,51:49.0,13.97178,16.34379,-6.20496,22.37927,49.47394,73.90303
318,51:49.1,13.97178,16.34379,-6.20496,22.37927,49.47394,73.90303
319,51:49.1,13.97178,16.34379,-6.20496,22.37927,49.47394,73.90303
320,51:49.1,14.19356,16.53274,-6.20896,22.657,49.35351,74.09509
321,51:49.2,14.19356,16.53274,-6.20796,22.65673,49.35351,74.09752
322,51:49.2,14.19356,16.53274,-6.20796,22.65673,49.35351,74.09752
323,51:49.2,14.52622,16.81616,-6.21396,23.07396,49.17873,74.37701
324,51:49.3,14.52622,16.81616,-6.21396,23.07396,49.17873,74.37701
325,51:49.3,14.52622,16.81616,-6.21396,23.07396,49.17873,74.37701
326,51:49.3,14.74799,17.00511,-6.21596,23.35198,49.06593,74.56259
327,51:49.4,14.74799,17.00511,-6.21596,23.35198,49.06593,74.56259
328,51:49.4,14.74799,17.00511,-6.21596,23.35198,49.06593,74.56259
329,51:49.4,15.08065,17.19405,-6.22396,23.7023,48.74647,74.77627
330,51:49.5,15.08065,17.19405,-6.22396,23.7023,48.74647,74.77627
331,51:49.5,15.08065,17.19405,-6.22396,23.7023,48.74647,74.77627
332,51:49.5,15.41332,17.383,-6.22496,24.0518,48.43694,75.00026
333,51:49.6,15.41332,17.383,-6.22496,24.0518,48.43694,75.00026
334,51:49.6,15.41332,17.383,-6.22496,24.0518,48.43694,75.00026
335,51:49.6,15.74598,17.47747,-6.22596,24.33434,47.98336,75.17601
336,51:49.7,15.74598,17.47747,-6.22596,24.33434,47.98336,75.17601
337,51:49.7,15.74598,17.47747,-6.22596,24.33434,47.98336,75.17601
338,51:49.7,15.96775,17.57194,-6.22696,24.54623,47.73835,75.30445
339,51:49.8,15.96775,17.57194,-6.22696,24.54623,47.73835,75.30445
340,51:49.8,15.96775,17.57194,-6.22696,24.54623,47.73835,75.30445
341,51:49.8,16.30041,17.57194,-6.22695,24.76392,47.14981,75.43651
342,51:49.9,16.30041,17.57194,-6.22695,24.76392,47.14981,75.43651
343,51:49.9,16.30041,17.57194,-6.22695,24.76392,47.14981,75.43651
344,51:49.9,16.63308,17.57195,-6.22795,24.98439,46.57228,75.56546
345,51:50.0,16.63308,17.57195,-6.22795,24.98439,46.57228,75.56546
346,51:50.0,16.63308,17.57195,-6.22795,24.98439,46.57228,75.56546
347,51:50.0,16.96574,17.57195,-6.22695,25.20683,46.00556,75.69791
348,51:50.1,16.96574,17.57195,-6.22695,25.20683,46.00556,75.69791
349,51:50.1,16.96574,17.57195,-6.22695,25.20683,46.00556,75.69791
350,51:50.1,17.2984,17.57195,-6.22695,25.43193,45.44946,75.82716
351,51:50.2,17.2984,17.57195,-6.22695,25.43193,45.44946,75.82716
352,51:50.2,17.2984,17.57195,-6.22695,25.43193,45.44946,75.82716
353,51:50.2,17.63106,17.47747,-6.23095,25.59573,44.74935,75.9105
354,51:50.3,17.63106,17.47747,-6.23095,25.59573,44.74935,75.9105
355,51:50.3,17.63106,17.47747,-6.23095,25.59573,44.74935,75.9105
356,51:50.3,17.96372,17.383,-6.23395,25.76288,44.05876,75.99692
357,51:50.4,17.96372,17.383,-6.23395,25.76288,44.05876,75.99692
358,51:50.4,17.96372,17.383,-6.23395,25.76288,44.05876,75.99692
359,51:50.4,18.1855,17.28853,-6.23595,25.85522,43.55157,76.04338
360,51:50.5,18.1855,17.28853,-6.23595,25.85522,43.55157,76.04338
361,51:50.5,18.1855,17.28853,-6.23595,25.85522,43.55157,76.04338
362,51:50.5,18.51816,17.09958,-6.23895,25.96618,42.71924,76.0974
363,51:50.6,18.51816,17.09958,-6.23895,25.96618,42.71924,76.0974
364,51:50.6,18.51816,17.09958,-6.23895,25.96618,42.71924,76.0974
365,51:50.6,18.73993,16.91064,-6.24795,26.00369,42.06263,76.09742
366,51:50.7,18.73993,16.91064,-6.24795,26.00369,42.06263,76.09742
367,51:50.7,18.73993,16.91064,-6.24795,26.00369,42.06263,76.09742
368,51:50.7,18.96171,16.72169,-6.25295,26.04344,41.40799,76.10774
369,51:50.8,18.96171,16.72169,-6.25295,26.04344,41.40799,76.10774
370,51:50.8,18.96171,16.72169,-6.25295,26.04344,41.40799,76.10774
371,51:50.8,19.18348,16.53275,-6.25995,26.08687,40.75549,76.11549
372,51:50.9,19.18348,16.53275,-6.25995,26.08687,40.75549,76.11549
373,51:50.9,19.18348,16.53275,-6.25995,26.08687,40.75549,76.11549
374,51:50.9,19.40526,16.3438,-6.26595,26.13324,40.10528,76.12707
375,51:51.0,19.40526,16.3438,-6.26595,26.13324,40.10528,76.12707
376,51:51.0,19.40526,16.3438,-6.26595,26.13324,40.10528,76.12707
377,51:51.0,19.51615,16.06038,-6.27695,26.04258,39.45192,76.05287
378,51:51.1,19.51615,16.06038,-6.27695,26.04258,39.45192,76.05287
379,51:51.1,19.51615,16.06038,-6.27695,26.04258,39.45192,76.05287
380,51:51.1,19.62703,15.87144,-6.27895,26.01054,38.9608,76.0308
381,51:51.2,19.62703,15.87144,-6.27895,26.01054,38.9608,76.0308
382,51:51.2,19.62703,15.87144,-6.27895,26.01054,38.9608,76.0308
383,51:51.2,19.73792,15.58802,-6.28195,25.92364,38.29991,75.97618
384,51:51.3,19.73792,15.58802,-6.28195,25.92364,38.29991,75.97618
385,51:51.3,19.73792,15.58802,-6.28195,25.92364,38.29991,75.97618
386,51:51.3,19.84881,15.39908,-6.28095,25.89512,37.80498,75.9627
387,51:51.4,19.84881,15.39908,-6.28095,25.89512,37.80498,75.9627
388,51:51.4,19.84881,15.39908,-6.28095,25.89512,37.80498,75.9627
389,51:51.4,19.9597,15.11566,-6.27495,25.81177,37.13697,75.93017
390,51:51.5,19.9597,15.11566,-6.27495,25.81177,37.13697,75.93017
391,51:51.5,19.9597,15.11566,-6.27495,25.81177,37.13697,75.93017
392,51:51.5,20.07058,14.83224,-6.27395,25.73298,36.46454,75.88849
393,51:51.6,20.07058,14.83224,-6.27395,25.73298,36.46454,75.88849
394,51:51.6,20.07058,14.83224,-6.27395,25.73298,36.46454,75.88849
395,51:51.6,20.07059,14.64329,-6.26895,25.62331,36.11411,75.83837
396,51:51.7,20.07059,14.64329,-6.26895,25.62331,36.11411,75.83837
397,51:51.7,20.07059,14.64329,-6.26895,25.62331,36.11411,75.83837
398,51:51.7,20.18147,14.35987,-6.26495,25.54892,35.43328,75.80552
399,51:51.8,20.18147,14.35987,-6.26495,25.54892,35.43328,75.80552
400,51:51.8,20.18147,14.35987,-6.26495,25.54892,35.43328,75.80552
401,51:51.8,20.18147,14.07646,-6.24795,25.38652,34.89554,75.75238
402,51:51.9,20.18147,14.07646,-6.24795,25.38652,34.89554,75.75238
403,51:51.9,20.18147,14.07646,-6.24795,25.38652,34.89554,75.75238
404,51:51.9,20.18147,13.79304,-6.24195,25.22899,34.35067,75.67558
405,51:52.0,20.18147,13.79304,-6.24195,25.22899,34.35067,75.67558
406,51:52.0,20.18147,13.79304,-6.24195,25.22899,34.35067,75.67558
407,51:52.0,20.29236,13.50962,-6.23895,25.16375,33.65365,75.6447
408,51:52.1,20.29236,13.50962,-6.23895,25.16375,33.65365,75.6447
409,51:52.1,20.29236,13.50962,-6.23895,25.16375,33.65365,75.6447
410,51:52.1,20.29236,13.50962,-6.23895,25.16375,33.65365,75.6447
411,51:52.2,20.29236,13.2262,-6.23295,25.01124,33.09559,75.56946
412,51:52.2,20.29236,13.2262,-6.23295,25.01124,33.09559,75.56946
413,51:52.2,20.29236,12.94278,-6.22395,24.86027,32.53036,75.50133
414,51:52.3,20.29236,12.94278,-6.22395,24.86027,32.53036,75.50133
415,51:52.3,20.29236,12.94278,-6.22395,24.86027,32.53036,75.50133
416,51:52.3,20.40325,12.65936,-6.21995,24.80403,31.81787,75.47728
417,51:52.4,20.40325,12.65936,-6.21995,24.80403,31.81787,75.47728
418,51:52.4,20.40325,12.65936,-6.21995,24.80403,31.81787,75.47728
419,51:52.4,20.40325,12.28147,-6.21696,24.61255,31.04529,75.369
420,51:52.5,20.40325,12.28147,-6.21696,24.61255,31.04529,75.369
421,51:52.5,20.40325,12.28147,-6.21696,24.61255,31.04529,75.369
422,51:52.5,20.29236,11.90358,-6.21196,24.33236,30.39605,75.20887
423,51:52.6,20.29236,11.90358,-6.21196,24.33236,30.39605,75.20887
424,51:52.6,20.29236,11.90358,-6.21196,24.33236,30.39605,75.20887
425,51:52.6,20.29236,11.62016,-6.20896,24.1942,29.79706,75.12981
426,51:52.7,20.29236,11.62016,-6.20896,24.1942,29.79706,75.12981
427,51:52.7,20.29236,11.62016,-6.20896,24.1942,29.79706,75.12981
428,51:52.7,20.18148,11.24227,-6.20696,23.92085,29.12038,74.96085
429,51:52.8,20.18148,11.24227,-6.20696,23.92085,29.12038,74.96085
430,51:52.8,20.18148,11.24227,-6.20696,23.92085,29.12038,74.96085
431,51:52.8,20.18148,10.86438,-6.20896,23.74611,28.2951,74.84254
432,51:52.9,20.18148,10.86438,-6.20896,23.74611,28.2951,74.84254
433,51:52.9,20.18148,10.86438,-6.20896,23.74611,28.2951,74.84254
434,51:52.9,20.07059,10.58096,-6.20996,23.52337,27.79763,74.69299
435,51:53.0,20.07059,10.58096,-6.20996,23.52337,27.79763,74.69299
436,51:53.0,20.07059,10.58096,-6.20996,23.52337,27.79763,74.69299
437,51:53.0,19.9597,10.20307,-6.21196,23.26114,27.07536,74.51102
438,51:53.1,19.9597,10.20307,-6.21196,23.26114,27.07536,74.51102
439,51:53.1,19.9597,10.20307,-6.21196,23.26114,27.07536,74.51102
440,51:53.1,19.84882,9.91965,-6.21296,23.04291,26.55406,74.35801
441,51:53.2,19.84882,9.91965,-6.21296,23.04291,26.55406,74.35801
442,51:53.2,19.84882,9.91965,-6.21296,23.04291,26.55406,74.35801
443,51:53.2,19.73793,9.54176,-6.21096,22.78612,25.80017,74.18235
444,51:53.3,19.73793,9.54176,-6.21096,22.78612,25.80017,74.18235
445,51:53.3,19.73793,9.54176,-6.21096,22.78612,25.80017,74.18235
446,51:53.3,19.62704,9.16387,-6.20796,22.533,25.02787,74.00786
447,51:53.4,19.62704,9.16387,-6.20796,22.533,25.02787,74.00786
448,51:53.4,19.62704,9.16387,-6.20796,22.533,25.02787,74.00786
449,51:53.4,19.51616,8.78598,-6.21396,22.28648,24.23679,73.81008
450,51:53.5,19.51616,8.78598,-6.21396,22.28648,24.23679,73.81008
451,51:53.5,19.51616,8.78598,-6.21396,22.28648,24.23679,73.81008
452,51:53.5,19.29438,8.40808,-6.21097,21.94414,23.54655,73.55855
453,51:53.6,19.29438,8.40808,-6.21097,21.94414,23.54655,73.55855
454,51:53.6,19.29438,8.40808,-6.21097,21.94414,23.54655,73.55855
455,51:53.6,19.18349,8.03019,-6.20497,21.70235,22.71414,73.38662
456,51:53.7,19.18349,8.03019,-6.20497,21.70235,22.71414,73.38662
457,51:53.7,19.18349,8.03019,-6.20497,21.70235,22.71414,73.38662
458,51:53.7,19.07261,7.6523,-6.20297,21.46623,21.86162,73.20406
459,51:53.8,19.07261,7.6523,-6.20297,21.46623,21.86162,73.20406
460,51:53.8,19.07261,7.6523,-6.20297,21.46623,21.86162,73.20406
461,51:53.8,18.96172,7.17994,-6.19997,21.20231,20.73939,72.99714
462,51:53.9,18.96172,7.17994,-6.19997,21.20231,20.73939,72.99714
463,51:53.9,18.96172,7.17994,-6.19997,21.20231,20.73939,72.99714
464,51:53.9,18.85083,6.80204,-6.20297,20.97853,19.84123,72.80157
465,51:54.0,18.85083,6.80204,-6.20297,20.97853,19.84123,72.80157
466,51:54.0,18.85083,6.80204,-6.20297,20.97853,19.84123,72.80157
467,51:54.0,18.73995,6.32968,-6.20597,20.73076,18.66312,72.58081
468,51:54.1,18.73995,6.32968,-6.20597,20.73076,18.66312,72.58081
469,51:54.1,18.73995,6.32968,-6.20597,20.73076,18.66312,72.58081
470,51:54.1,18.62906,5.95179,-6.20897,20.5187,17.71814,72.38613
471,51:54.2,18.62906,5.95179,-6.20897,20.5187,17.71814,72.38613
472,51:54.2,18.62906,5.95179,-6.20897,20.5187,17.71814,72.38613
473,51:54.2,18.51817,5.47942,-6.21697,20.28787,16.48319,72.15531
474,51:54.3,18.51817,5.47942,-6.21697,20.28787,16.48319,72.15531
475,51:54.3,18.51817,5.47942,-6.21697,20.28787,16.48319,72.15531
476,51:54.3,18.51817,5.00706,-6.22397,20.16758,15.1302,72.02435
477,51:54.4,18.51817,5.00706,-6.22397,20.16758,15.1302,72.02435
478,51:54.4,18.51817,5.00706,-6.22397,20.16758,15.1302,72.02435
479,51:54.4,18.40729,4.44022,-6.23097,19.93411,13.56186,71.78532
480,51:54.5,18.40729,4.44022,-6.23097,19.93411,13.56186,71.78532
481,51:54.5,18.40729,4.44022,-6.23097,19.93411,13.56186,71.78532
482,51:54.5,18.40729,3.96786,-6.23397,19.83518,12.1645,71.68213
483,51:54.6,18.40729,3.96786,-6.23397,19.83518,12.1645,71.68213
484,51:54.6,18.40729,3.96786,-6.23397,19.83518,12.1645,71.68213
485,51:54.6,18.40729,3.4955,-6.24597,19.74991,10.75229,71.56351
486,51:54.7,18.40729,3.4955,-6.24597,19.74991,10.75229,71.56351
487,51:54.7,18.40729,3.4955,-6.24597,19.74991,10.75229,71.56351
488,51:54.7,18.40729,3.02313,-6.25297,19.67402,9.32674,71.46832
489,51:54.8,18.40729,3.02313,-6.25297,19.67402,9.32674,71.46832
490,51:54.8,18.40729,3.02313,-6.25297,19.67402,9.32674,71.46832
491,51:54.8,18.51817,2.55077,-6.25897,19.71304,7.8428,71.48794
492,51:54.9,18.51817,2.55077,-6.25897,19.71304,7.8428,71.48794
493,51:54.9,18.51817,2.55077,-6.25897,19.71304,7.8428,71.48794
494,51:54.9,18.62906,2.0784,-6.26097,19.76263,6.36604,71.52996
495,51:55.0,18.62906,2.0784,-6.26097,19.76263,6.36604,71.52996
496,51:55.0,18.62906,2.0784,-6.26097,19.76263,6.36604,71.52996
497,51:55.0,18.73995,1.79498,-6.27097,19.8427,5.47132,71.57674
498,51:55.1,18.73995,1.79498,-6.27097,19.8427,5.47132,71.57674
499,51:55.1,18.73995,1.79498,-6.27097,19.8427,5.47132,71.57674
500,51:55.1,18.96172,1.41709,-6.27297,20.02262,4.27402,71.74213
501,51:55.2,18.96172,1.41709,-6.27297,20.02262,4.27402,71.74213
502,51:55.2,18.96172,1.41709,-6.27297,20.02262,4.27402,71.74213
503,51:55.2,19.1835,0.94473,-6.27297,20.20518,2.81936,71.91283
504,51:55.3,19.1835,0.94473,-6.27297,20.20518,2.81936,71.91283
505,51:55.3,19.1835,0.94473,-6.27297,20.20518,2.81936,71.91283
506,51:55.3,19.40527,0.56684,-6.27097,20.40125,1.67316,72.09849
507,51:55.4,19.40527,0.56684,-6.27097,20.40125,1.67316,72.09849
508,51:55.4,19.40527,0.56684,-6.27097,20.40125,1.67316,72.09849
509,51:55.4,19.73793,0.18895,-6.26297,20.70861,0.54846,72.3962
510,51:55.5,19.73793,0.18895,-6.26297,20.70861,0.54846,72.3962
511,51:55.5,19.73793,0.18895,-6.26297,20.70861,0.54846,72.3962
512,51:55.5,19.95971,-0.09447,-6.25797,20.91796,-0.27119,72.59241
513,51:55.6,19.95971,-0.09447,-6.25797,20.91796,-0.27119,72.59241
514,51:55.6,19.95971,-0.09447,-6.25797,20.91796,-0.27119,72.59241
515,51:55.6,20.29237,-0.37789,-6.25097,21.23671,-1.06686,72.8816
516,51:55.7,20.29237,-0.37789,-6.25097,21.23671,-1.06686,72.8816
517,51:55.7,20.29237,-0.37789,-6.25097,21.23671,-1.06686,72.8816
518,51:55.7,20.62503,-0.66131,-6.24697,21.56047,-1.83647,73.15751
519,51:55.8,20.62503,-0.66131,-6.24697,21.56047,-1.83647,73.15751
520,51:55.8,20.62503,-0.66131,-6.24697,21.56047,-1.83647,73.15751
521,51:55.8,21.06858,-0.85026,-6.24497,21.99108,-2.31101,73.50228
522,51:55.9,21.06858,-0.85026,-6.24497,21.99108,-2.31101,73.50228
523,51:55.9,21.06858,-0.85026,-6.24497,21.99108,-2.31101,73.50228
524,51:55.9,21.40124,-0.94473,-6.24096,22.31267,-2.5276,73.75741
525,51:56.0,21.40124,-0.94473,-6.24096,22.31267,-2.5276,73.75741
526,51:56.0,21.40124,-0.94473,-6.24096,22.31267,-2.5276,73.75741
527,51:56.0,21.84479,-1.0392,-6.23296,22.74038,-2.72362,74.09207
528,51:56.1,21.84479,-1.0392,-6.23296,22.74038,-2.72362,74.09207
529,51:56.1,21.84479,-1.0392,-6.23296,22.74038,-2.72362,74.09207
530,51:56.1,22.17745,-1.13367,-6.22696,23.06295,-2.92632,74.33582
531,51:56.2,22.17745,-1.13367,-6.22696,23.06295,-2.92632,74.33582
532,51:56.2,22.17745,-1.13367,-6.22696,23.06295,-2.92632,74.33582
533,51:56.2,22.621,-1.13367,-6.22196,23.48846,-2.86904,74.63933
534,51:56.3,22.621,-1.13367,-6.22196,23.48846,-2.86904,74.63933
535,51:56.3,22.621,-1.13367,-6.22196,23.48846,-2.86904,74.63933
536,51:56.3,23.06455,-1.13367,-6.21996,23.91541,-2.81395,74.92509
537,51:56.4,23.06455,-1.13367,-6.21996,23.91541,-2.81395,74.92509
538,51:56.4,23.06455,-1.13367,-6.21996,23.91541,-2.81395,74.92509
539,51:56.4,23.39721,-1.13367,-6.21596,24.23537,-2.77401,75.13853
540,51:56.5,23.39721,-1.13367,-6.21596,24.23537,-2.77401,75.13853
541,51:56.5,23.39721,-1.13367,-6.21596,24.23537,-2.77401,75.13853
542,51:56.5,23.72988,-1.0392,-6.20796,24.55047,-2.50755,75.35289
543,51:56.6,23.72988,-1.0392,-6.20796,24.55047,-2.50755,75.35289
544,51:56.6,23.72988,-1.0392,-6.20796,24.55047,-2.50755,75.35289
545,51:56.6,24.17342,-0.94473,-6.17995,24.96876,-2.23805,75.66993
546,51:56.7,24.17342,-0.94473,-6.17995,24.96876,-2.23805,75.66993
547,51:56.7,24.17342,-0.94473,-6.17995,24.96876,-2.23805,75.66993
548,51:56.7,24.50609,-0.75578,-6.17495,25.28338,-1.76648,75.86369
549,51:56.8,24.50609,-0.75578,-6.17495,25.28338,-1.76648,75.86369
550,51:56.8,24.50609,-0.75578,-6.17495,25.28338,-1.76648,75.86369
551,51:56.8,24.83875,-0.56684,-6.17795,25.60179,-1.3073,76.03617
552,51:56.9,24.83875,-0.56684,-6.17795,25.60179,-1.3073,76.03617
553,51:56.9,24.83875,-0.56684,-6.17795,25.60179,-1.3073,76.03617
554,51:56.9,25.06052,-0.37789,-6.17895,25.81379,-0.86391,76.15086
555,51:57.0,25.06052,-0.37789,-6.17895,25.81379,-0.86391,76.15086
556,51:57.0,25.06052,-0.37789,-6.17895,25.81379,-0.86391,76.15086
557,51:57.0,25.2823,-0.18895,-6.18895,26.02947,-0.42819,76.24521
558,51:57.1,25.2823,-0.18895,-6.18895,26.02947,-0.42819,76.24521
559,51:57.1,25.2823,-0.18895,-6.18895,26.02947,-0.42819,76.24521
560,51:57.1,25.50407,0.0,-6.18895,26.24425,0.0,76.35997
561,51:57.2,25.50407,0.0,-6.18895,26.24425,0.0,76.35997
562,51:57.2,25.50407,0.0,-6.18895,26.24425,0.0,76.35997
563,51:57.2,25.72585,0.28342,-6.18395,26.46017,0.6312,76.48454
564,51:57.3,25.72585,0.28342,-6.18395,26.46017,0.6312,76.48454
565,51:57.3,25.72585,0.28342,-6.18395,26.46017,0.6312,76.48454
566,51:57.3,25.94762,0.56684,-6.17795,26.67897,1.25145,76.6107
567,51:57.4,25.94762,0.56684,-6.17795,26.67897,1.25145,76.6107
568,51:57.4,25.94762,0.56684,-6.17795,26.67897,1.25145,76.6107
569,51:57.4,26.16939,0.75578,-6.16095,26.89546,1.65427,76.75767
570,51:57.5,26.16939,0.75578,-6.16095,26.89546,1.65427,76.75767
571,51:57.5,26.16939,0.75578,-6.16095,26.89546,1.65427,76.75767
572,51:57.5,26.28028,1.0392,-6.15795,27.0121,2.26447,76.82242
573,51:57.6,26.28028,1.0392,-6.15795,27.0121,2.26447,76.82242
574,51:57.6,26.28028,1.0392,-6.15795,27.0121,2.26447,76.82242
575,51:57.6,26.39117,1.32262,-6.15695,27.1321,2.86904,76.88392
576,51:57.7,26.39117,1.32262,-6.15695,27.1321,2.86904,76.88392
577,51:57.7,26.39117,1.32262,-6.15695,27.1321,2.86904,76.88392
578,51:57.7,26.50206,1.60604,-6.15794,27.25543,3.46792,76.94216
579,51:57.8,26.50206,1.60604,-6.15794,27.25543,3.46792,76.94216
580,51:57.8,26.50206,1.60604,-6.15794,27.25543,3.46792,76.94216
581,51:57.8,26.61294,1.98393,-6.15994,27.38849,4.26338,77.00242
582,51:57.9,26.61294,1.98393,-6.15994,27.38849,4.26338,77.00242
583,51:57.9,26.61294,1.98393,-6.15994,27.38849,4.26338,77.00242
584,51:57.9,26.61294,2.26735,-6.16094,27.41071,4.86968,77.01099
585,51:58.0,26.61294,2.26735,-6.16094,27.41071,4.86968,77.01099
586,51:58.0,26.61294,2.26735,-6.16094,27.41071,4.86968,77.01099
587,51:58.0,26.61294,2.55077,-6.16094,27.4356,5.4749,77.02298
588,51:58.1,26.61294,2.55077,-6.16094,27.4356,5.4749,77.02298
589,51:58.1,26.61294,2.55077,-6.16094,27.4356,5.4749,77.02298
590,51:58.1,26.61294,2.73971,-6.16194,27.45404,5.87771,77.02971
591,51:58.2,26.61294,2.73971,-6.16194,27.45404,5.87771,77.02971
592,51:58.2,26.61294,2.73971,-6.16194,27.45404,5.87771,77.02971
593,51:58.2,26.50206,3.02313,-6.16594,27.37731,6.50769,76.98413
594,51:58.3,26.50206,3.02313,-6.16594,27.37731,6.50769,76.98413
595,51:58.3,26.50206,3.02313,-6.16594,27.37731,6.50769,76.98413
596,51:58.3,26.39117,3.30655,-6.16794,27.30331,7.14138,76.94392
597,51:58.4,26.39117,3.30655,-6.16794,27.30331,7.14138,76.94392
598,51:58.4,26.39117,3.30655,-6.16794,27.30331,7.14138,76.94392
599,51:58.4,26.28028,3.4955,-6.16994,27.22021,7.57635,76.89903
600,51:58.5,26.28028,3.4955,-6.16994,27.22021,7.57635,76.89903
601,51:58.5,26.28028,3.4955,-6.16994,27.22021,7.57635,76.89903
602,51:58.5,26.16939,3.77892,-6.17594,27.15253,8.21683,76.85279
603,51:58.6,26.16939,3.77892,-6.17594,27.15253,8.21683,76.85279
604,51:58.6,26.16939,3.77892,-6.17594,27.15253,8.21683,76.85279
605,51:58.6,26.05851,3.96786,-6.18695,27.07523,8.65778,76.79067
606,51:58.7,26.05851,3.96786,-6.18695,27.07523,8.65778,76.79067
607,51:58.7,26.05851,3.96786,-6.18695,27.07523,8.65778,76.79067
608,51:58.7,25.94762,4.15681,-6.20895,27.00202,9.10145,76.70624
609,51:58.8,25.94762,4.15681,-6.20895,27.00202,9.10145,76.70624
610,51:58.8,25.94762,4.15681,-6.20895,27.00202,9.10145,76.70624
611,51:58.8,25.83673,4.44023,-6.25095,26.95045,9.75143,76.58856
612,51:58.9,25.83673,4.44023,-6.25095,26.95045,9.75143,76.58856
613,51:58.9,25.83673,4.44023,-6.25095,26.95045,9.75143,76.58856
614,51:58.9,25.61496,4.62917,-6.31495,26.78496,10.24401,76.3633
615,51:59.0,25.61496,4.62917,-6.31495,26.78496,10.24401,76.3633
616,51:59.0,25.61496,4.62917,-6.31495,26.78496,10.24401,76.3633
617,51:59.0,25.50407,4.81812,-6.39595,26.73163,10.69799,76.15683
618,51:59.1,25.50407,4.81812,-6.39595,26.73163,10.69799,76.15683
619,51:59.1,25.50407,4.81812,-6.39595,26.73163,10.69799,76.15683
620,51:59.1,25.2823,5.10154,-6.48695,26.59513,11.40813,75.88228
621,51:59.2,25.2823,5.10154,-6.48695,26.59513,11.40813,75.88228
622,51:59.2,25.2823,5.10154,-6.48695,26.59513,11.40813,75.88228
623,51:59.2,25.06052,5.29048,-6.56395,26.44058,11.92058,75.62585
624,51:59.3,25.06052,5.29048,-6.56395,26.44058,11.92058,75.62585
625,51:59.3,25.06052,5.29048,-6.56395,26.44058,11.92058,75.62585
626,51:59.3,24.83875,5.5739,-6.64295,26.30894,12.64785,75.37463
627,51:59.4,24.83875,5.5739,-6.64295,26.30894,12.64785,75.37463
628,51:59.4,24.83875,5.5739,-6.64295,26.30894,12.64785,75.37463
629,51:59.4,24.61697,5.85732,-6.73495,26.18517,13.38399,75.09573
630,51:59.5,24.61697,5.85732,-6.73495,26.18517,13.38399,75.09573
631,51:59.5,24.61697,5.85732,-6.73495,26.18517,13.38399,75.09573
632,51:59.5,24.28431,6.14074,-6.79595,25.95422,14.19083,74.82051
633,51:59.6,24.28431,6.14074,-6.79595,25.95422,14.19083,74.82051
634,51:59.6,24.28431,6.14074,-6.79595,25.95422,14.19083,74.82051
635,51:59.6,24.06254,6.42416,-6.84595,25.8291,14.94805,74.6302
636,51:59.7,24.06254,6.42416,-6.84595,25.8291,14.94805,74.6302
637,51:59.7,24.06254,6.42416,-6.84595,25.8291,14.94805,74.6302
638,51:59.7,23.72988,6.70758,-6.87995,25.60141,15.78368,74.41109
639,51:59.8,23.72988,6.70758,-6.87995,25.60141,15.78368,74.41109
640,51:59.8,23.72988,6.70758,-6.87995,25.60141,15.78368,74.41109
641,51:59.8,23.5081,7.08547,-6.89495,25.50245,16.77309,74.31405
642,51:59.9,23.5081,7.08547,-6.89495,25.50245,16.77309,74.31405
643,51:59.9,23.5081,7.08547,-6.89495,25.50245,16.77309,74.31405
644,51:59.9,23.17544,7.46336,-6.91095,25.30936,17.8505,74.15362
645,52:00.0,23.17544,7.46336,-6.91095,25.30936,17.8505,74.15362
646,52:00.0,23.17544,7.46336,-6.91095,25.30936,17.8505,74.15362
647,52:00.0,22.95366,7.74678,-6.91295,25.1927,18.64935,74.07356
648,52:00.1,22.95366,7.74678,-6.91295,25.1927,18.64935,74.07356
649,52:00.1,22.95366,7.74678,-6.91295,25.1927,18.64935,74.07356
650,52:00.1,22.73189,8.12467,-6.91295,25.11051,19.66754,74.02004
651,52:00.2,22.73189,8.12467,-6.91295,25.11051,19.66754,74.02004
652,52:00.2,22.73189,8.12467,-6.91295,25.11051,19.66754,74.02004
653,52:00.2,22.39923,8.59703,-6.90595,24.96651,20.99727,73.94209
654,52:00.3,22.39923,8.59703,-6.90595,24.96651,20.99727,73.94209
655,52:00.3,22.39923,8.59703,-6.90595,24.96651,20.99727,73.94209
656,52:00.3,22.17745,9.0694,-6.91095,24.93701,22.24195,73.91063
657,52:00.4,22.17745,9.0694,-6.91095,24.93701,22.24195,73.91063
658,52:00.4,22.17745,9.0694,-6.91095,24.93701,22.24195,73.91063
659,52:00.4,21.84479,9.44729,-6.91896,24.78544,23.38719,73.79028
660,52:00.5,21.84479,9.44729,-6.91896,24.78544,23.38719,73.79028
661,52:00.5,21.84479,9.44729,-6.91896,24.78544,23.38719,73.79028
662,52:00.5,21.62301,9.91965,-6.92596,24.77747,24.6435,73.76806
663,52:00.6,21.62301,9.91965,-6.92596,24.77747,24.6435,73.76806
664,52:00.6,21.62301,9.91965,-6.92596,24.77747,24.6435,73.76806
665,52:00.6,21.40124,10.48649,-6.92596,24.81831,26.1046,73.79551
666,52:00.7,21.40124,10.48649,-6.92596,24.81831,26.1046,73.79551
667,52:00.7,21.40124,10.48649,-6.92596,24.81831,26.1046,73.79551
668,52:00.7,21.17946,10.95885,-6.93096,24.83353,27.35832,73.7937
669,52:00.8,21.17946,10.95885,-6.93096,24.83353,27.35832,73.7937
670,52:00.8,21.17946,10.95885,-6.93096,24.83353,27.35832,73.7937
671,52:00.8,20.95769,11.43122,-6.93596,24.85971,28.60994,73.79924
672,52:00.9,20.95769,11.43122,-6.93596,24.85971,28.60994,73.79924
673,52:00.9,20.95769,11.43122,-6.93596,24.85971,28.60994,73.79924
674,52:00.9,20.8468,11.99806,-6.93895,25.03381,29.92192,73.90783
675,52:01.0,20.8468,11.99806,-6.93895,25.03381,29.92192,73.90783
676,52:01.0,20.8468,11.99806,-6.93895,25.03381,29.92192,73.90783
677,52:01.0,20.8468,12.37595,-6.94795,25.21958,30.69598,74.00828
678,52:01.1,20.8468,12.37595,-6.94795,25.21958,30.69598,74.00828
679,52:01.1,20.8468,12.37595,-6.94795,25.21958,30.69598,74.00828
680,52:01.1,20.8468,12.84831,-6.95095,25.45553,31.64638,74.15341
681,52:01.2,20.8468,12.84831,-6.95095,25.45553,31.64638,74.15341
682,52:01.2,20.8468,12.84831,-6.95095,25.45553,31.64638,74.15341
683,52:01.2,20.8468,13.41515,-6.95195,25.74655,32.76173,74.33485
684,52:01.3,20.8468,13.41515,-6.95195,25.74655,32.76173,74.33485
685,52:01.3,20.8468,13.41515,-6.95195,25.74655,32.76173,74.33485
686,52:01.3,20.8468,13.88751,-6.95295,25.99607,33.67036,74.48673
687,52:01.4,20.8468,13.88751,-6.95295,25.99607,33.67036,74.48673
688,52:01.4,20.8468,13.88751,-6.95295,25.99607,33.67036,74.48673
689,52:01.4,20.95769,14.45435,-6.95495,26.39174,34.59372,74.72053
690,52:01.5,20.95769,14.45435,-6.95495,26.39174,34.59372,74.72053
691,52:01.5,20.95769,14.45435,-6.95495,26.39174,34.59372,74.72053
692,52:01.5,20.95769,14.92671,-6.96095,26.65495,35.45965,74.86167
693,52:01.6,20.95769,14.92671,-6.96095,26.65495,35.45965,74.86167
694,52:01.6,20.95769,14.92671,-6.96095,26.65495,35.45965,74.86167
695,52:01.6,21.17946,15.39908,-6.96895,27.09737,36.02001,75.0971
696,52:01.7,21.17946,15.39908,-6.96895,27.09737,36.02001,75.0971
697,52:01.7,21.17946,15.39908,-6.96895,27.09737,36.02001,75.0971
698,52:01.7,21.29035,15.87144,-6.97394,27.45574,36.70365,75.28526
699,52:01.8,21.29035,15.87144,-6.97394,27.45574,36.70365,75.28526
700,52:01.8,21.29035,15.87144,-6.97394,27.45574,36.70365,75.28526
701,52:01.8,21.62301,16.24934,-6.98494,27.93537,36.92426,75.52016
702,52:01.9,21.62301,16.24934,-6.98494,27.93537,36.92426,75.52016
703,52:01.9,21.62301,16.24934,-6.98494,27.93537,36.92426,75.52016
704,52:01.9,21.84478,16.62723,-6.98894,28.32851,37.2767,75.71706
705,52:02.0,21.84478,16.62723,-6.98894,28.32851,37.2767,75.71706
706,52:02.0,21.84478,16.62723,-6.98894,28.32851,37.2767,75.71706
707,52:02.0,22.06655,17.00512,-6.99194,28.72271,37.61888,75.91099
708,52:02.1,22.06655,17.00512,-6.99194,28.72271,37.61888,75.91099
709,52:02.1,22.06655,17.00512,-6.99194,28.72271,37.61888,75.91099
710,52:02.1,22.39922,17.28854,-6.99594,29.14724,37.66228,76.11225
711,52:02.2,22.39922,17.28854,-6.99594,29.14724,37.66228,76.11225
712,52:02.2,22.39922,17.28854,-6.99594,29.14724,37.66228,76.11225
713,52:02.2,22.84276,17.57196,-7.00293,29.65816,37.56954,76.34225
714,52:02.3,22.84276,17.57196,-7.00293,29.65816,37.56954,76.34225
715,52:02.3,22.84276,17.57196,-7.00293,29.65816,37.56954,76.34225
716,52:02.3,23.17543,17.7609,-7.00293,30.02651,37.4654,76.51298
717,52:02.4,23.17543,17.7609,-7.00293,30.02651,37.4654,76.51298
718,52:02.4,23.17543,17.7609,-7.00293,30.02651,37.4654,76.51298
719,52:02.4,23.50809,17.94985,-7.00093,30.39474,37.36393,76.68329
720,52:02.5,23.50809,17.94985,-7.00093,30.39474,37.36393,76.68329
721,52:02.5,23.50809,17.94985,-7.00093,30.39474,37.36393,76.68329
722,52:02.5,23.95164,18.1388,-6.99793,30.84911,37.13699,76.88868
723,52:02.6,23.95164,18.1388,-6.99793,30.84911,37.13699,76.88868
724,52:02.6,23.95164,18.1388,-6.99793,30.84911,37.13699,76.88868
725,52:02.6,24.2843,18.1388,-6.99293,31.10698,36.75735,77.00873
726,52:02.7,24.2843,18.1388,-6.99293,31.10698,36.75735,77.00873
727,52:02.7,24.2843,18.1388,-6.99293,31.10698,36.75735,77.00873
728,52:02.7,24.72785,18.23327,-6.98793,31.50793,36.4035,77.18622
729,52:02.8,24.72785,18.23327,-6.98793,31.50793,36.4035,77.18622
730,52:02.8,24.72785,18.23327,-6.98793,31.50793,36.4035,77.18622
731,52:02.8,25.1714,18.32775,-6.98092,31.90985,36.05904,77.36319
732,52:02.9,25.1714,18.32775,-6.98092,31.90985,36.05904,77.36319
733,52:02.9,25.1714,18.32775,-6.98092,31.90985,36.05904,77.36319
734,52:02.9,25.50406,18.32775,-6.97592,32.17183,35.70181,77.4769
735,52:03.0,25.50406,18.32775,-6.97592,32.17183,35.70181,77.4769
736,52:03.0,25.50406,18.32775,-6.97592,32.17183,35.70181,77.4769
737,52:03.0,25.72583,18.1388,-6.96992,32.23995,35.18694,77.51471
738,52:03.1,25.72583,18.1388,-6.96992,32.23995,35.18694,77.51471
739,52:03.1,25.72583,18.1388,-6.96992,32.23995,35.18694,77.51471
740,52:03.1,26.05849,18.1388,-6.97192,32.50644,34.84101,77.61509
741,52:03.2,26.05849,18.1388,-6.97192,32.50644,34.84101,77.61509
742,52:03.2,26.05849,18.1388,-6.97192,32.50644,34.84101,77.61509
743,52:03.2,26.50204,17.94986,-6.96992,32.75875,34.10982,77.71555
744,52:03.3,26.50204,17.94986,-6.96992,32.75875,34.10982,77.71555
745,52:03.3,26.50204,17.94986,-6.96992,32.75875,34.10982,77.71555
746,52:03.3,26.83471,17.85538,-6.96692,32.97657,33.63916,77.80329
747,52:03.4,26.83471,17.85538,-6.96692,32.97657,33.63916,77.80329
748,52:03.4,26.83471,17.85538,-6.96692,32.97657,33.63916,77.80329
749,52:03.4,27.16737,17.66644,-6.96392,33.14612,33.03521,77.87193
750,52:03.5,27.16737,17.66644,-6.96392,33.14612,33.03521,77.87193
751,52:03.5,27.16737,17.66644,-6.96392,33.14612,33.03521,77.87193
752,52:03.5,27.38914,17.57197,-6.96392,33.27815,32.68289,77.92078
753,52:03.6,27.38914,17.57197,-6.96392,33.27815,32.68289,77.92078
754,52:03.6,27.38914,17.57197,-6.96392,33.27815,32.68289,77.92078
755,52:03.6,27.72181,17.28855,-6.96692,33.40554,31.9495,77.96227
756,52:03.7,27.72181,17.28855,-6.96692,33.40554,31.9495,77.96227
757,52:03.7,27.72181,17.28855,-6.96692,33.40554,31.9495,77.96227
758,52:03.7,27.94358,17.0996,-6.96992,33.49358,31.46384,77.98914
759,52:03.8,27.94358,17.0996,-6.96992,33.49358,31.46384,77.98914
760,52:03.8,27.94358,17.0996,-6.96992,33.49358,31.46384,77.98914
761,52:03.8,28.16536,16.91066,-6.97692,33.58474,30.98087,78.01002
762,52:03.9,28.16536,16.91066,-6.97692,33.58474,30.98087,78.01002
763,52:03.9,28.16536,16.91066,-6.97692,33.58474,30.98087,78.01002
764,52:03.9,28.27624,16.62724,-6.97692,33.53637,30.45674,77.99247
765,52:04.0,28.27624,16.62724,-6.97692,33.53637,30.45674,77.99247
766,52:04.0,28.27624,16.62724,-6.97692,33.53637,30.45674,77.99247
767,52:04.0,28.49802,16.34382,-6.97892,33.58516,29.83458,78.00668
768,52:04.1,28.49802,16.34382,-6.97892,33.58516,29.83458,78.00668
769,52:04.1,28.49802,16.34382,-6.97892,33.58516,29.83458,78.00668
770,52:04.1,28.60891,16.15487,-6.98092,33.58843,29.45254,78.00438
771,52:04.2,28.60891,16.15487,-6.98092,33.58843,29.45254,78.00438
772,52:04.2,28.60891,16.15487,-6.98092,33.58843,29.45254,78.00438
773,52:04.2,28.71979,15.87146,-6.97892,33.5475,28.92641,77.99302
774,52:04.3,28.71979,15.87146,-6.97892,33.5475,28.92641,77.99302
775,52:04.3,28.71979,15.87146,-6.97892,33.5475,28.92641,77.99302
776,52:04.3,28.83068,15.58804,-6.97892,33.5097,28.39899,77.97927
777,52:04.4,28.83068,15.58804,-6.97892,33.5097,28.39899,77.97927
778,52:04.4,28.83068,15.58804,-6.97892,33.5097,28.39899,77.97927
779,52:04.4,28.94157,15.30462,-6.97792,33.47442,27.87038,77.96816
780,52:04.5,28.94157,15.30462,-6.97792,33.47442,27.87038,77.96816
781,52:04.5,28.94157,15.30462,-6.97792,33.47442,27.87038,77.96816
782,52:04.5,29.05246,15.0212,-6.97792,33.44208,27.34064,77.95636
783,52:04.6,29.05246,15.0212,-6.97792,33.44208,27.34064,77.95636
784,52:04.6,29.05246,15.0212,-6.97792,33.44208,27.34064,77.95636
785,52:04.6,29.16334,14.73778,-6.97992,33.4129,26.80988,77.94217
786,52:04.7,29.16334,14.73778,-6.97992,33.4129,26.80988,77.94217
787,52:04.7,29.16334,14.73778,-6.97992,33.4129,26.80988,77.94217
788,52:04.7,29.27423,14.45436,-6.98092,33.38626,26.27819,77.93065
789,52:04.8,29.27423,14.45436,-6.98092,33.38626,26.27819,77.93065
790,52:04.8,29.27423,14.45436,-6.98092,33.38626,26.27819,77.93065
791,52:04.8,29.27423,14.17094,-6.97992,33.26433,25.83049,77.8875
792,52:04.9,29.27423,14.17094,-6.97992,33.26433,25.83049,77.8875
793,52:04.9,29.27423,14.17094,-6.97992,33.26433,25.83049,77.8875
794,52:04.9,29.38512,13.88752,-6.97692,33.24193,25.2956,77.8845
795,52:05.0,29.38512,13.88752,-6.97692,33.24193,25.2956,77.8845
796,52:05.0,29.38512,13.88752,-6.97692,33.24193,25.2956,77.8845
797,52:05.0,29.27423,13.60411,-6.97792,33.02641,24.92489,77.80245
798,52:05.1,29.27423,13.60411,-6.97792,33.02641,24.92489,77.80245
799,52:05.1,29.27423,13.60411,-6.97792,33.02641,24.92489,77.80245
800,52:05.1,29.27423,13.32069,-6.97492,32.91004,24.46701,77.764
801,52:05.2,29.27423,13.32069,-6.97492,32.91004,24.46701,77.764
802,52:05.2,29.27423,13.32069,-6.97492,32.91004,24.46701,77.764
803,52:05.2,29.27423,13.03727,-6.97092,32.7955,24.00578,77.72775
804,52:05.3,29.27423,13.03727,-6.97092,32.7955,24.00578,77.72775
805,52:05.3,29.27423,13.03727,-6.97092,32.7955,24.00578,77.72775
806,52:05.3,29.27423,12.75385,-6.97492,32.68472,23.54122,77.67832
807,52:05.4,29.27423,12.75385,-6.97492,32.68472,23.54122,77.67832
808,52:05.4,29.27423,12.75385,-6.97492,32.68472,23.54122,77.67832
809,52:05.4,29.27423,12.37596,-6.98092,32.54041,22.91667,77.612
810,52:05.5,29.27423,12.37596,-6.98092,32.54041,22.91667,77.612
811,52:05.5,29.27423,12.37596,-6.98092,32.54041,22.91667,77.612
812,52:05.5,29.16335,12.09254,-6.99092,32.33579,22.52127,77.5142
813,52:05.6,29.16335,12.09254,-6.99092,32.33579,22.52127,77.5142
814,52:05.6,29.16335,12.09254,-6.99092,32.33579,22.52127,77.5142
815,52:05.6,29.05246,11.80912,-7.00092,32.13275,22.12055,77.41575
816,52:05.7,29.05246,11.80912,-7.00092,32.13275,22.12055,77.41575
817,52:05.7,29.05246,11.80912,-7.00092,32.13275,22.12055,77.41575
818,52:05.7,28.94157,11.5257,-7.00792,31.93067,21.71444,77.32191
819,52:05.8,28.94157,11.5257,-7.00792,31.93067,21.71444,77.32191
820,52:05.8,28.94157,11.5257,-7.00792,31.93067,21.71444,77.32191
821,52:05.8,28.83069,11.24228,-7.01292,31.72977,21.30287,77.23103
822,52:05.9,28.83069,11.24228,-7.01292,31.72977,21.30287,77.23103
823,52:05.9,28.83069,11.24228,-7.01292,31.72977,21.30287,77.23103
824,52:05.9,28.7198,10.95886,-7.01393,31.52965,20.88579,77.14674
825,52:06.0,28.7198,10.95886,-7.01393,31.52965,20.88579,77.14674
826,52:06.0,28.7198,10.95886,-7.01393,31.52965,20.88579,77.14674
827,52:06.0,28.60891,10.67544,-7.01293,31.33075,20.46311,77.0656
828,52:06.1,28.60891,10.67544,-7.01293,31.33075,20.46311,77.0656
829,52:06.1,28.60891,10.67544,-7.01293,31.33075,20.46311,77.0656
830,52:06.1,28.38714,10.39202,-7.00893,31.03142,20.10678,76.94622
831,52:06.2,28.38714,10.39202,-7.00893,31.03142,20.10678,76.94622
832,52:06.2,28.38714,10.39202,-7.00893,31.03142,20.10678,76.94622
833,52:06.2,28.27625,10.20308,-7.00093,30.86523,19.84125,76.88993
834,52:06.3,28.27625,10.20308,-7.00093,30.86523,19.84125,76.88993
835,52:06.3,28.27625,10.20308,-7.00093,30.86523,19.84125,76.88993
836,52:06.3,28.05448,10.01413,-6.99793,30.59914,19.64418,76.77963
837,52:06.4,28.05448,10.01413,-6.99793,30.59914,19.64418,76.77963
838,52:06.4,28.05448,10.01413,-6.99793,30.59914,19.64418,76.77963
839,52:06.4,27.8327,9.73071,-6.99293,30.30259,19.27036,76.65759
840,52:06.5,27.8327,9.73071,-6.99293,30.30259,19.27036,76.65759
841,52:06.5,27.8327,9.73071,-6.99293,30.30259,19.27036,76.65759
842,52:06.5,27.61093,9.44729,-6.98793,30.00743,18.88878,76.5337
843,52:06.6,27.61093,9.44729,-6.98793,30.00743,18.88878,76.5337
844,52:06.6,27.61093,9.44729,-6.98793,30.00743,18.88878,76.5337
845,52:06.6,27.38915,9.25835,-6.97593,29.74133,18.67678,76.43469
846,52:06.7,27.38915,9.25835,-6.97593,29.74133,18.67678,76.43469
847,52:06.7,27.38915,9.25835,-6.97593,29.74133,18.67678,76.43469
848,52:06.7,27.16738,8.97493,-6.97094,29.44843,18.28132,76.30716
849,52:06.8,27.16738,8.97493,-6.97094,29.44843,18.28132,76.30716
850,52:06.8,27.16738,8.97493,-6.97094,29.44843,18.28132,76.30716
851,52:06.8,26.83472,8.69151,-6.96694,29.05482,17.94665,76.12609
852,52:06.9,26.83472,8.69151,-6.96694,29.05482,17.94665,76.12609
853,52:06.9,26.83472,8.69151,-6.96694,29.05482,17.94665,76.12609
854,52:06.9,26.61294,8.40809,-6.96394,28.76528,17.53341,75.98976
855,52:07.0,26.61294,8.40809,-6.96394,28.76528,17.53341,75.98976
856,52:07.0,26.61294,8.40809,-6.96394,28.76528,17.53341,75.98976
857,52:07.0,26.28028,8.12467,-6.95694,28.37362,17.17924,75.80691
858,52:07.1,26.28028,8.12467,-6.95694,28.37362,17.17924,75.80691
859,52:07.1,26.28028,8.12467,-6.95694,28.37362,17.17924,75.80691
860,52:07.1,25.94762,7.84125,-6.95594,27.98481,16.81458,75.6076
861,52:07.2,25.94762,7.84125,-6.95594,27.98481,16.81458,75.6076
862,52:07.2,25.94762,7.84125,-6.95594,27.98481,16.81458,75.6076
863,52:07.2,25.61496,7.46336,-6.95594,27.57196,16.24439,75.38734
864,52:07.3,25.61496,7.46336,-6.95594,27.57196,16.24439,75.38734
865,52:07.3,25.61496,7.46336,-6.95594,27.57196,16.24439,75.38734
866,52:07.3,25.2823,7.08547,-6.95395,27.16166,15.65575,75.16593
867,52:07.4,25.2823,7.08547,-6.95395,27.16166,15.65575,75.16593
868,52:07.4,25.2823,7.08547,-6.95395,27.16166,15.65575,75.16593
869,52:07.4,24.94964,6.80205,-6.94795,26.77734,15.25,74.96132
870,52:07.5,24.94964,6.80205,-6.94795,26.77734,15.25,74.96132
871,52:07.5,24.94964,6.80205,-6.94795,26.77734,15.25,74.96132
872,52:07.5,24.61697,6.42416,-6.94595,26.37255,14.62597,74.72941
873,52:07.6,24.61697,6.42416,-6.94595,26.37255,14.62597,74.72941
874,52:07.6,24.61697,6.42416,-6.94595,26.37255,14.62597,74.72941
875,52:07.6,24.28431,6.04627,-6.94595,25.97174,13.98113,74.48786
876,52:07.7,24.28431,6.04627,-6.94595,25.97174,13.98113,74.48786
877,52:07.7,24.28431,6.04627,-6.94595,25.97174,13.98113,74.48786
878,52:07.7,23.95165,5.5739,-6.94595,25.55379,13.1004,74.22759
879,52:07.8,23.95165,5.5739,-6.94595,25.55379,13.1004,74.22759
880,52:07.8,23.95165,5.5739,-6.94595,25.55379,13.1004,74.22759
881,52:07.8,23.61899,5.19601,-6.94595,25.16151,12.40703,73.97512
882,52:07.9,23.61899,5.19601,-6.94595,25.16151,12.40703,73.97512
883,52:07.9,23.61899,5.19601,-6.94595,25.16151,12.40703,73.97512
884,52:07.9,23.28633,4.81812,-6.94596,24.77324,11.68998,73.71703
885,52:08.0,23.28633,4.81812,-6.94596,24.77324,11.68998,73.71703
886,52:08.0,23.28633,4.81812,-6.94596,24.77324,11.68998,73.71703
887,52:08.0,23.06455,4.44023,-6.94696,24.49387,10.89687,73.52361
888,52:08.1,23.06455,4.44023,-6.94696,24.49387,10.89687,73.52361
889,52:08.1,23.06455,4.44023,-6.94696,24.49387,10.89687,73.52361
890,52:08.1,22.73189,4.06233,-6.94296,24.11319,10.13217,73.26582
891,52:08.2,22.73189,4.06233,-6.94296,24.11319,10.13217,73.26582
892,52:08.2,22.73189,4.06233,-6.94296,24.11319,10.13217,73.26582
893,52:08.2,22.39923,3.68444,-6.93596,23.73622,9.34092,73.00969
894,52:08.3,22.39923,3.68444,-6.93596,23.73622,9.34092,73.00969
895,52:08.3,22.39923,3.68444,-6.93596,23.73622,9.34092,73.00969
896,52:08.3,22.06657,3.21208,-6.93696,23.35321,8.28198,72.71978
897,52:08.4,22.06657,3.21208,-6.93696,23.35321,8.28198,72.71978
898,52:08.4,22.06657,3.21208,-6.93696,23.35321,8.28198,72.71978
899,52:08.4,21.62302,2.83419,-6.93596,22.88439,7.46734,72.35688
900,52:08.5,21.62302,2.83419,-6.93596,22.88439,7.46734,72.35688
901,52:08.5,21.62302,2.83419,-6.93596,22.88439,7.46734,72.35688
902,52:08.5,21.29036,2.45629,-6.93596,22.52599,6.58119,72.06672
903,52:08.6,21.29036,2.45629,-6.93596,22.52599,6.58119,72.06672
904,52:08.6,21.29036,2.45629,-6.93596,22.52599,6.58119,72.06672
905,52:08.6,20.84681,2.0784,-6.93397,22.06783,5.69351,71.68678
906,52:08.7,20.84681,2.0784,-6.93397,22.06783,5.69351,71.68678
907,52:08.7,20.84681,2.0784,-6.93397,22.06783,5.69351,71.68678
908,52:08.7,20.40326,1.79498,-6.93497,21.62426,5.02767,71.29455
909,52:08.8,20.40326,1.79498,-6.93497,21.62426,5.02767,71.29455
910,52:08.8,20.40326,1.79498,-6.93497,21.62426,5.02767,71.29455
911,52:08.8,19.95971,1.51157,-6.93797,21.18514,4.33079,70.88337
912,52:08.9,19.95971,1.51157,-6.93797,21.18514,4.33079,70.88337
913,52:08.9,19.95971,1.51157,-6.93797,21.18514,4.33079,70.88337
914,52:08.9,19.51616,1.32262,-6.93697,20.75455,3.87704,70.47376
915,52:09.0,19.51616,1.32262,-6.93697,20.75455,3.87704,70.47376
916,52:09.0,19.51616,1.32262,-6.93697,20.75455,3.87704,70.47376
917,52:09.0,19.07261,1.32262,-6.95397,20.34383,3.96691,70.01208
918,52:09.1,19.07261,1.32262,-6.95397,20.34383,3.96691,70.01208
919,52:09.1,19.07261,1.32262,-6.95397,20.34383,3.96691,70.01208
920,52:09.1,18.62906,1.22815,-6.95897,19.9243,3.77185,69.55729
921,52:09.2,18.62906,1.22815,-6.95897,19.9243,3.77185,69.55729
922,52:09.2,18.62906,1.22815,-6.95897,19.9243,3.77185,69.55729
923,52:09.2,18.18551,1.22815,-6.96197,19.51129,3.86357,69.09511
924,52:09.3,18.18551,1.22815,-6.96197,19.51129,3.86357,69.09511
925,52:09.3,18.18551,1.22815,-6.96197,19.51129,3.86357,69.09511
926,52:09.3,17.74196,1.22815,-6.95998,19.09782,3.95985,68.62699
927,52:09.4,17.74196,1.22815,-6.95998,19.09782,3.95985,68.62699
928,52:09.4,17.74196,1.22815,-6.95998,19.09782,3.95985,68.62699
929,52:09.4,17.18753,1.22815,-6.95398,18.58164,4.08716,68.0227
930,52:09.5,17.18753,1.22815,-6.95398,18.58164,4.08716,68.0227
931,52:09.5,17.18753,1.22815,-6.95398,18.58164,4.08716,68.0227
932,52:09.5,16.74398,1.32262,-6.95198,18.17801,4.51646,67.51517
933,52:09.6,16.74398,1.32262,-6.95198,18.17801,4.51646,67.51517
934,52:09.6,16.74398,1.32262,-6.95198,18.17801,4.51646,67.51517
935,52:09.6,16.30043,1.51157,-6.95298,17.78575,5.29798,66.98763
936,52:09.7,16.30043,1.51157,-6.95298,17.78575,5.29798,66.98763
937,52:09.7,16.30043,1.51157,-6.95298,17.78575,5.29798,66.98763
938,52:09.7,15.85688,1.70051,-6.95398,17.398,6.12107,66.44057
939,52:09.8,15.85688,1.70051,-6.95398,17.398,6.12107,66.44057
940,52:09.8,15.85688,1.70051,-6.95398,17.398,6.12107,66.44057
941,52:09.8,15.41333,1.98393,-6.95198,17.02459,7.33451,65.89882
942,52:09.9,15.41333,1.98393,-6.95198,17.02459,7.33451,65.89882
943,52:09.9,15.41333,1.98393,-6.95198,17.02459,7.33451,65.89882
944,52:09.9,15.08067,2.26735,-6.95398,16.76083,8.55026,65.4873
945,52:10.0,15.08067,2.26735,-6.95398,16.76083,8.55026,65.4873
946,52:10.0,15.08067,2.26735,-6.95398,16.76083,8.55026,65.4873
947,52:10.0,14.8589,2.55077,-6.95598,16.60358,9.74079,65.23202
948,52:10.1,14.8589,2.55077,-6.95598,16.60358,9.74079,65.23202
949,52:10.1,14.8589,2.55077,-6.95598,16.60358,9.74079,65.23202
950,52:10.1,14.52623,2.92866,-6.95898,16.37119,11.39869,64.8446
951,52:10.2,14.52623,2.92866,-6.95898,16.37119,11.39869,64.8446
952,52:10.2,14.52623,2.92866,-6.95898,16.37119,11.39869,64.8446
953,52:10.2,14.41535,3.30655,-6.97098,16.35023,12.91886,64.76362
954,52:10.3,14.41535,3.30655,-6.97098,16.35023,12.91886,64.76362
955,52:10.3,14.41535,3.30655,-6.97098,16.35023,12.91886,64.76362
956,52:10.3,14.30446,3.68444,-6.97798,16.33661,14.44388,64.71395
957,52:10.4,14.30446,3.68444,-6.97798,16.33661,14.44388,64.71395
958,52:10.4,14.30446,3.68444,-6.97798,16.33661,14.44388,64.71395
959,52:10.4,14.08268,4.06233,-6.98598,16.23664,16.09089,64.51591
960,52:10.5,14.08268,4.06233,-6.98598,16.23664,16.09089,64.51591
961,52:10.5,14.08268,4.06233,-6.98598,16.23664,16.09089,64.51591
962,52:10.5,14.08268,4.44022,-6.98998,16.337,17.49989,64.66803
963,52:10.6,14.08268,4.44022,-6.98998,16.337,17.49989,64.66803
964,52:10.6,14.08268,4.44022,-6.98998,16.337,17.49989,64.66803
965,52:10.6,13.9718,4.81811,-6.99198,16.34971,19.02653,64.68138
966,52:10.7,13.9718,4.81811,-6.99198,16.34971,19.02653,64.68138
967,52:10.7,13.9718,4.81811,-6.99198,16.34971,19.02653,64.68138
968,52:10.7,13.9718,5.196,-6.99198,16.46503,20.39978,64.87108
969,52:10.8,13.9718,5.196,-6.99198,16.46503,20.39978,64.87108
970,52:10.8,13.9718,5.196,-6.99198,16.46503,20.39978,64.87108
971,52:10.8,13.86091,5.5739,-6.99498,16.49615,21.90657,64.91025
972,52:10.9,13.86091,5.5739,-6.99498,16.49615,21.90657,64.91025
973,52:10.9,13.86091,5.5739,-6.99498,16.49615,21.90657,64.91025
974,52:10.9,13.86091,5.95179,-6.99698,16.62848,23.23838,65.11597
975,52:11.0,13.86091,5.95179,-6.99698,16.62848,23.23838,65.11597
976,52:11.0,13.86091,5.95179,-6.99698,16.62848,23.23838,65.11597
977,52:11.0,13.9718,6.23521,-6.99698,16.82399,24.04982,65.42443
978,52:11.1,13.9718,6.23521,-6.99698,16.82399,24.04982,65.42443
979,52:11.1,13.9718,6.23521,-6.99698,16.82399,24.04982,65.42443
980,52:11.1,13.9718,6.6131,-6.99798,16.96808,25.32902,65.64304
981,52:11.2,13.9718,6.6131,-6.99798,16.96808,25.32902,65.64304
982,52:11.2,13.9718,6.6131,-6.99798,16.96808,25.32902,65.64304
983,52:11.2,14.08268,6.99099,-6.99698,17.20911,26.40093,66.00946
984,52:11.3,14.08268,6.99099,-6.99698,17.20911,26.40093,66.00946
985,52:11.3,14.08268,6.99099,-6.99698,17.20911,26.40093,66.00946
986,52:11.3,14.08268,7.27441,-6.99898,17.32699,27.31861,66.17559
987,52:11.4,14.08268,7.27441,-6.99898,17.32699,27.31861,66.17559
988,52:11.4,14.08268,7.27441,-6.99898,17.32699,27.31861,66.17559
989,52:11.4,14.30446,7.6523,-7.00298,17.66966,28.14496,66.65118
990,52:11.5,14.30446,7.6523,-7.00298,17.66966,28.14496,66.65118
991,52:11.5,14.30446,7.6523,-7.00298,17.66966,28.14496,66.65118
992,52:11.5,14.41534,7.93572,-7.01098,17.88663,28.833,66.92302
993,52:11.6,14.41534,7.93572,-7.01098,17.88663,28.833,66.92302
994,52:11.6,14.41534,7.93572,-7.01098,17.88663,28.833,66.92302
995,52:11.6,14.63712,8.21914,-7.01698,18.19443,29.31538,67.31489
996,52:11.7,14.63712,8.21914,-7.01698,18.19443,29.31538,67.31489
997,52:11.7,14.63712,8.21914,-7.01698,18.19443,29.31538,67.31489
998,52:11.7,14.85889,8.50255,-7.02398,18.5045,29.77905,67.69219
999,52:11.8,14.85889,8.50255,-7.02398,18.5045,29.77905,67.69219
1000,52:11.8,14.85889,8.50255,-7.02398,18.5045,29.77905,67.69219
1001,52:11.8,15.08067,8.6915,-7.04498,18.77766,29.95631,67.96464
1002,52:11.9,15.08067,8.6915,-7.04498,18.77766,29.95631,67.96464
1003,52:11.9,15.08067,8.6915,-7.04498,18.77766,29.95631,67.96464
1004,52:11.9,15.30244,8.88045,-7.05198,19.04619,30.12782,68.26856
1005,52:12.0,15.30244,8.88045,-7.05198,19.04619,30.12782,68.26856
1006,52:12.0,15.30244,8.88045,-7.05198,19.04619,30.12782,68.26856
1007,52:12.0,15.6351,9.06939,-7.05797,19.40426,30.11656,68.67036
1008,52:12.1,15.6351,9.06939,-7.05797,19.40426,30.11656,68.67036
1009,52:12.1,15.6351,9.06939,-7.05797,19.40426,30.11656,68.67036
1010,52:12.1,15.85688,9.25834,-7.06097,19.67269,30.27933,68.96595
1011,52:12.2,15.85688,9.25834,-7.06097,19.67269,30.27933,68.96595
1012,52:12.2,15.85688,9.25834,-7.06097,19.67269,30.27933,68.96595
1013,52:12.2,16.18954,9.35281,-7.06797,19.98831,30.01533,69.29201
1014,52:12.3,16.18954,9.35281,-7.06797,19.98831,30.01533,69.29201
1015,52:12.3,16.18954,9.35281,-7.06797,19.98831,30.01533,69.29201
1016,52:12.3,16.41131,9.44728,-7.06897,20.21269,29.92717,69.52923
1017,52:12.4,16.41131,9.44728,-7.06897,20.21269,29.92717,69.52923
1018,52:12.4,16.41131,9.44728,-7.06897,20.21269,29.92717,69.52923
1019,52:12.4,16.74398,9.54176,-7.06897,20.52745,29.67718,69.85686
1020,52:12.5,16.74398,9.54176,-7.06897,20.52745,29.67718,69.85686
1021,52:12.5,16.74398,9.54176,-7.06897,20.52745,29.67718,69.85686
1022,52:12.5,16.96575,9.63623,-7.06897,20.75244,29.59577,70.08455
1023,52:12.6,16.96575,9.63623,-7.06897,20.75244,29.59577,70.08455
1024,52:12.6,16.96575,9.63623,-7.06897,20.75244,29.59577,70.08455
1025,52:12.6,17.29841,9.63623,-7.06997,21.02561,29.12037,70.35112
1026,52:12.7,17.29841,9.63623,-7.06997,21.02561,29.12037,70.35112
1027,52:12.7,17.29841,9.63623,-7.06997,21.02561,29.12037,70.35112
1028,52:12.7,17.63107,9.63623,-7.06997,21.30014,28.65873,70.61458
1029,52:12.8,17.63107,9.63623,-7.06997,21.30014,28.65873,70.61458
1030,52:12.8,17.63107,9.63623,-7.06997,21.30014,28.65873,70.61458
1031,52:12.8,17.85285,9.54176,-7.06697,21.44088,28.12303,70.75535
1032,52:12.9,17.85285,9.54176,-7.06697,21.44088,28.12303,70.75535
1033,52:12.9,17.85285,9.54176,-7.06697,21.44088,28.12303,70.75535
1034,52:12.9,18.18551,9.54176,-7.04597,21.71183,27.68555,71.06338
1035,52:13.0,18.18551,9.54176,-7.04597,21.71183,27.68555,71.06338
1036,52:13.0,18.18551,9.54176,-7.04597,21.71183,27.68555,71.06338
1037,52:13.0,18.2964,9.44729,-6.99797,21.74812,27.30942,71.2298
1038,52:13.1,18.2964,9.44729,-6.99797,21.74812,27.30942,71.2298
1039,52:13.1,18.2964,9.44729,-6.99797,21.74812,27.30942,71.2298
1040,52:13.1,18.51817,9.25834,-6.94597,21.83772,26.5632,71.45363
1041,52:13.2,18.51817,9.25834,-6.94597,21.83772,26.5632,71.45363
1042,52:13.2,18.51817,9.25834,-6.94597,21.83772,26.5632,71.45363
1043,52:13.2,18.73995,9.16387,-6.89997,21.97206,26.05872,71.69752
1044,52:13.3,18.73995,9.16387,-6.89997,21.97206,26.05872,71.69752
1045,52:13.3,18.96172,8.97492,-6.86397,22.07284,25.32903,71.88237
1046,52:13.3,18.96172,8.97492,-6.86397,22.07284,25.32903,71.88237
1047,52:13.4,18.96172,8.97492,-6.86397,22.07284,25.32903,71.88237
1048,52:13.4,19.1835,8.88045,-6.84296,22.21925,24.84042,72.06279
1049,52:13.4,19.1835,8.88045,-6.84296,22.21925,24.84042,72.06279
1050,52:13.5,19.1835,8.88045,-6.84296,22.21925,24.84042,72.06279
1051,52:13.5,19.1835,8.88045,-6.84296,22.21925,24.84042,72.06279
1052,52:13.5,19.40527,8.6915,-6.83096,22.33313,24.12732,72.18968
1053,52:13.6,19.40527,8.6915,-6.83096,22.33313,24.12732,72.18968
1054,52:13.6,19.51616,8.40808,-6.82396,22.31911,23.30768,72.19699
1055,52:13.6,19.51616,8.40808,-6.82396,22.31911,23.30768,72.19699
1056,52:13.7,19.51616,8.40808,-6.82396,22.31911,23.30768,72.19699
1057,52:13.7,19.51616,8.40808,-6.82396,22.31911,23.30768,72.19699
1058,52:13.7,19.62704,8.21914,-6.82296,22.34565,22.72228,72.22153
1059,52:13.8,19.62704,8.21914,-6.82296,22.34565,22.72228,72.22153
1060,52:13.8,19.62704,8.21914,-6.82296,22.34565,22.72228,72.22153
1061,52:13.8,19.73793,8.03019,-6.82196,22.3743,22.13849,72.24774
1062,52:13.9,19.73793,8.03019,-6.82196,22.3743,22.13849,72.24774
1063,52:13.9,19.73793,8.03019,-6.82196,22.3743,22.13849,72.24774
1064,52:13.9,19.84882,7.74677,-6.82596,22.37369,21.32015,72.23649
1065,52:14.0,19.84882,7.74677,-6.82596,22.37369,21.32015,72.23649
1066,52:14.0,19.84882,7.74677,-6.82596,22.37369,21.32015,72.23649
1067,52:14.0,19.95971,7.55783,-6.82996,22.40891,20.73939,72.25459
1068,52:14.1,19.95971,7.55783,-6.82996,22.40891,20.73939,72.25459
1069,52:14.1,19.95971,7.55783,-6.82996,22.40891,20.73939,72.25459
1070,52:14.1,20.07059,7.27441,-6.83196,22.41476,19.9226,72.25402
1071,52:14.2,20.07059,7.27441,-6.83196,22.41476,19.9226,72.25402
1072,52:14.2,20.07059,7.08546,-6.84096,22.35691,19.44442,72.18234
1073,52:14.2,20.07059,7.08546,-6.84096,22.35691,19.44442,72.18234
1074,52:14.3,20.07059,7.08546,-6.84096,22.35691,19.44442,72.18234
1075,52:14.3,20.07059,7.08546,-6.84096,22.35691,19.44442,72.18234
1076,52:14.3,20.0706,6.80205,-6.84296,22.26932,18.72183,72.10449
1077,52:14.4,20.0706,6.80205,-6.84296,22.26932,18.72183,72.10449
1078,52:14.4,20.0706,6.80205,-6.84296,22.26932,18.72183,72.10449
1079,52:14.4,20.18148,6.6131,-6.84596,22.31351,18.14302,72.13302
1080,52:14.5,20.18148,6.6131,-6.84596,22.31351,18.14302,72.13302
1081,52:14.5,20.18148,6.6131,-6.84596,22.31351,18.14302,72.13302
1082,52:14.5,20.18148,6.32968,-6.84596,22.23116,17.41341,72.06459
1083,52:14.6,20.18148,6.32968,-6.84596,22.23116,17.41341,72.06459
1084,52:14.6,20.29237,6.04626,-6.84996,22.25443,16.59182,72.07316
1085,52:14.6,20.29237,6.04626,-6.84996,22.25443,16.59182,72.07316
1086,52:14.7,20.29237,6.04626,-6.84996,22.25443,16.59182,72.07316
1087,52:14.7,20.29237,5.76284,-6.84696,22.17818,15.85405,72.01757
1088,52:14.7,20.29237,5.76284,-6.84696,22.17818,15.85405,72.01757
1089,52:14.8,20.29237,5.76284,-6.84696,22.17818,15.85405,72.01757
1090,52:14.8,20.40326,5.38495,-6.84396,22.18401,14.78472,72.03061
1091,52:14.8,20.40326,5.38495,-6.84296,22.18371,14.78472,72.03307
1092,52:14.9,20.40326,5.38495,-6.84296,22.18371,14.78472,72.03307
1093,52:14.9,20.40326,5.00706,-6.84297,22.09502,13.78819,71.95847
1094,52:14.9,20.40326,5.00706,-6.84297,22.09502,13.78819,71.95847
1095,52:15.0,20.40326,5.00706,-6.84297,22.09502,13.78819,71.95847
1096,52:15.0,20.40326,5.00706,-6.84297,22.09502,13.78819,71.95847
1097,52:15.0,20.51415,4.72364,-6.83697,22.13339,12.96706,72.00716
1098,52:15.1,20.51415,4.72364,-6.83697,22.13339,12.96706,72.00716
1099,52:15.1,20.51415,4.72364,-6.83697,22.13339,12.96706,72.00716
1100,52:15.1,20.51415,4.34575,-6.83197,22.05428,11.96081,71.95406
1101,52:15.2,20.51415,4.34575,-6.83197,22.05428,11.96081,71.95406
1102,52:15.2,20.51415,4.34575,-6.83197,22.05428,11.96081,71.95406
1103,52:15.2,20.62503,3.87339,-6.82997,22.06906,10.63628,71.97202
1104,52:15.3,20.62503,3.87339,-6.82997,22.06906,10.63628,71.97202
1105,52:15.3,20.62503,3.40102,-6.83097,21.99139,9.36369,71.9034
1106,52:15.3,20.62503,3.40102,-6.83197,21.9917,9.36369,71.90092
1107,52:15.4,20.62503,3.40102,-6.83197,21.9917,9.36369,71.90092
1108,52:15.4,20.73592,2.92866,-6.83497,22.02889,8.03906,71.92433
1109,52:15.4,20.73592,2.92866,-6.83497,22.02889,8.03906,71.92433
1110,52:15.5,20.73592,2.92866,-6.83497,22.02889,8.03906,71.92433
1111,52:15.5,20.84681,2.45629,-6.84197,22.07794,6.71995,71.94676
1112,52:15.5,20.84681,2.45629,-6.84197,22.07794,6.71995,71.94676
1113,52:15.6,20.84681,2.45629,-6.84197,22.07794,6.71995,71.94676
1114,52:15.6,20.84681,1.98393,-6.84997,22.03287,5.4363,71.88667
1115,52:15.6,20.84681,1.98393,-6.84997,22.03287,5.4363,71.88667
1116,52:15.7,20.84681,1.98393,-6.84997,22.03287,5.4363,71.88667
1117,52:15.7,20.9577,1.51157,-6.85397,22.10173,4.12529,71.93415
1118,52:15.7,20.9577,1.51157,-6.85497,22.10204,4.12529,71.93169
1119,52:15.8,20.9577,1.51157,-6.85497,22.10204,4.12529,71.93169
1120,52:15.8,20.9577,0.94473,-6.86397,22.07332,2.58103,71.88278
1121,52:15.8,20.9577,0.94473,-6.86397,22.07332,2.58103,71.88278
1122,52:15.9,20.9577,0.94473,-6.86397,22.07332,2.58103,71.88278
1123,52:15.9,20.9577,0.47236,-6.86997,22.06002,1.29117,71.85508
1124,52:15.9,20.9577,0.47236,-6.86997,22.06002,1.29117,71.85508
1125,52:16.0,20.9577,0.47236,-6.86997,22.06002,1.29117,71.85508
1126,52:16.0,20.84681,0.0,-6.87197,21.95025,0.0,71.75565
1127,52:16.0,20.84681,0.0,-6.87197,21.95025,0.0,71.75565
1128,52:16.1,20.84681,0.0,-6.87197,21.95025,0.0,71.75565
1129,52:16.1,20.73592,-0.47236,-6.87097,21.84975,-1.30497,71.67153
1130,52:16.1,20.73592,-0.47236,-6.86997,21.84944,-1.30497,71.67402
1131,52:16.2,20.73592,-0.47236,-6.86997,21.84944,-1.30497,71.67402
1132,52:16.2,20.62503,-0.85026,-6.88097,21.7592,-2.36065,71.56476
1133,52:16.2,20.62503,-0.85026,-6.88197,21.75951,-2.36065,71.56226
1134,52:16.3,20.62503,-0.85026,-6.88197,21.75951,-2.36065,71.56226
1135,52:16.3,20.40326,-1.32262,-6.88697,21.57481,-3.70895,71.38465
1136,52:16.3,20.40326,-1.32262,-6.88597,21.5745,-3.70895,71.38716
1137,52:16.4,20.40326,-1.32262,-6.88597,21.5745,-3.70895,71.38716
1138,52:16.4,20.29237,-1.70051,-6.89397,21.49881,-4.79022,71.29671
1139,52:16.4,20.29237,-1.70051,-6.89397,21.49881,-4.79022,71.29671
1140,52:16.5,20.29237,-1.70051,-6.89397,21.49881,-4.79022,71.29671
1141,52:16.5,19.95971,-1.98393,-6.89697,21.21071,-5.67637,71.02446
1142,52:16.5,19.95971,-1.98393,-6.89697,21.21071,-5.67637,71.02446
1143,52:16.6,19.95971,-1.98393,-6.89697,21.21071,-5.67637,71.02446
1144,52:16.6,19.73794,-2.36182,-6.90597,21.04416,-6.82351,70.84253
1145,52:16.6,19.73794,-2.36182,-6.90597,21.04416,-6.82351,70.84253
1146,52:16.7,19.73794,-2.36182,-6.90597,21.04416,-6.82351,70.84253
1147,52:16.7,19.73794,-2.36182,-6.90597,21.04416,-6.82351,70.84253
1148,52:16.7,19.40527,-2.64524,-6.90297,20.76567,-7.76246,70.58414
1149,52:16.8,19.40527,-2.64524,-6.90297,20.76567,-7.76246,70.58414
1150,52:16.8,19.07261,-2.83419,-6.90097,20.47976,-8.45229,70.3079
1151,52:16.8,19.07261,-2.83419,-6.90097,20.47976,-8.45229,70.3079
1152,52:16.9,19.07261,-2.83419,-6.90097,20.47976,-8.45229,70.3079
1153,52:16.9,18.73995,-3.1176,-6.89497,20.21004,-9.4453,70.05209
1154,52:16.9,18.73995,-3.1176,-6.89497,20.21004,-9.4453,70.05209
1155,52:17.0,18.73995,-3.1176,-6.89497,20.21004,-9.4453,70.05209
1156,52:17.0,18.2964,-3.21208,-6.87497,19.8076,-9.95726,69.69071
1157,52:17.0,18.2964,-3.21208,-6.87497,19.8076,-9.95726,69.69071
1158,52:17.1,18.2964,-3.21208,-6.87497,19.8076,-9.95726,69.69071
1159,52:17.1,17.85285,-3.40102,-6.87097,19.4294,-10.78578,69.29001
1160,52:17.1,17.85285,-3.40102,-6.87097,19.4294,-10.78578,69.29001
1161,52:17.2,17.85285,-3.40102,-6.87097,19.4294,-10.78578,69.29001
1162,52:17.2,17.52019,-3.4955,-6.86797,19.14013,-11.28307,68.97189
1163,52:17.2,17.52019,-3.4955,-6.86797,19.14013,-11.28307,68.97189
1164,52:17.3,17.52019,-3.4955,-6.86797,19.14013,-11.28307,68.97189
1165,52:17.3,17.07664,-3.4955,-6.86398,18.73351,-11.56833,68.50617
1166,52:17.3,17.07664,-3.4955,-6.86398,18.73351,-11.56833,68.50617
1167,52:17.4,17.07664,-3.4955,-6.86398,18.73351,-11.56833,68.50617
1168,52:17.4,16.74398,-3.49549,-6.85098,18.42594,-11.79179,68.17261
1169,52:17.4,16.74398,-3.49549,-6.85098,18.42594,-11.79179,68.17261
1170,52:17.5,16.74398,-3.49549,-6.85098,18.42594,-11.79179,68.17261
1171,52:17.5,16.30043,-3.40102,-6.84798,18.0046,-11.78547,67.64489
1172,52:17.5,16.30043,-3.40102,-6.84798,18.0046,-11.78547,67.64489
1173,52:17.6,16.30043,-3.40102,-6.84798,18.0046,-11.78547,67.64489
1174,52:17.6,15.96777,-3.30655,-6.85098,17.68725,-11.69925,67.21091
1175,52:17.6,15.96777,-3.30655,-6.85098,17.68725,-11.69925,67.21091
1176,52:17.7,15.96777,-3.30655,-6.85098,17.68725,-11.69925,67.21091
1177,52:17.7,15.63511,-3.21208,-6.84798,17.36862,-11.60932,66.77935
1178,52:17.7,15.63511,-3.21208,-6.84698,17.36822,-11.60932,66.78238
1179,52:17.8,15.63511,-3.21208,-6.84698,17.36822,-11.60932,66.78238
1180,52:17.8,15.30244,-3.02313,-6.83698,17.03081,-11.17537,66.33128
1181,52:17.8,15.30244,-3.02313,-6.83698,17.03081,-11.17537,66.33128
1182,52:17.9,15.30244,-3.02313,-6.83698,17.03081,-11.17537,66.33128
1183,52:17.9,14.96978,-2.92866,-6.83198,16.71369,-11.06942,65.87268
1184,52:17.9,14.96978,-2.92866,-6.83198,16.71369,-11.06942,65.87268
1185,52:18.0,14.96978,-2.92866,-6.83198,16.71369,-11.06942,65.87268
1186,52:18.0,14.74801,-2.73971,-6.83198,16.48289,-10.52377,65.51284
1187,52:18.0,14.74801,-2.73971,-6.83198,16.48289,-10.52377,65.51284
1188,52:18.1,14.74801,-2.73971,-6.83198,16.48289,-10.52377,65.51284
1189,52:18.1,14.52623,-2.55077,-6.82998,16.2532,-9.95944,65.15128
1190,52:18.1,14.52623,-2.55077,-6.83098,16.25362,-9.95944,65.14808
1191,52:18.2,14.52623,-2.55077,-6.83098,16.25362,-9.95944,65.14808
1192,52:18.2,14.30446,-2.26735,-6.82998,16.01272,-9.00681,64.75214
1193,52:18.2,14.30446,-2.26735,-6.82998,16.01272,-9.00681,64.75214
1194,52:18.3,14.30446,-2.26735,-6.82998,16.01272,-9.00681,64.75214
1195,52:18.3,14.08268,-1.98393,-6.83098,15.77721,-8.0189,64.34411
1196,52:18.3,14.08268,-1.98393,-6.83098,15.77721,-8.0189,64.34411
1197,52:18.4,14.08268,-1.98393,-6.83098,15.77721,-8.0189,64.34411
1198,52:18.4,13.9718,-1.70051,-6.83298,15.64585,-6.93935,64.10468
1199,52:18.4,13.9718,-1.70051,-6.83298,15.64585,-6.93935,64.10468
1200,52:18.5,13.9718,-1.70051,-6.83298,15.64585,-6.93935,64.10468
1201,52:18.5,13.75002,-1.41709,-6.82998,15.41817,-5.88419,63.70565
1202,52:18.5,13.75002,-1.41709,-6.82998,15.41817,-5.88419,63.70565
1203,52:18.6,13.75002,-1.41709,-6.82998,15.41817,-5.88419,63.70565
1204,52:18.6,13.63914,-1.13367,-6.81899,15.29084,-4.75146,63.51572
1205,52:18.6,13.63914,-1.13367,-6.81899,15.29084,-4.75146,63.51572
1206,52:18.7,13.63914,-1.13367,-6.81899,15.29084,-4.75146,63.51572
1207,52:18.7,13.52825,-0.85026,-6.81199,15.17035,-3.59633,63.31835
1208,52:18.7,13.52825,-0.85026,-6.81299,15.1708,-3.59633,63.31498
1209,52:18.8,13.52825,-0.85026,-6.81299,15.1708,-3.59633,63.31498
1210,52:18.8,13.52825,-0.56684,-6.80399,15.15351,-2.3993,63.32021
1211,52:18.8,13.52825,-0.56684,-6.80399,15.15351,-2.3993,63.32021
1212,52:18.9,13.52825,-0.56684,-6.80399,15.15351,-2.3993,63.32021
1213,52:18.9,13.41736,-0.28342,-6.79699,15.04343,-1.21009,63.13922
1214,52:18.9,13.41736,-0.28342,-6.79599,15.04298,-1.21009,63.14262
1215,52:19.0,13.41736,-0.28342,-6.79599,15.04298,-1.21009,63.14262
1216,52:19.0,13.52825,-0.0,-6.77499,15.1299,-0.0,63.39816
1217,52:19.0,13.52825,-0.0,-6.77499,15.1299,-0.0,63.39816
1218,52:19.1,13.52825,-0.0,-6.77499,15.1299,-0.0,63.39816
1219,52:19.1,13.52825,0.28342,-6.76599,15.12853,1.20018,63.43367
1220,52:19.1,13.52825,0.28342,-6.76599,15.12853,1.20018,63.43367
1221,52:19.2,13.52825,0.28342,-6.76599,15.12853,1.20018,63.43367
1222,52:19.2,13.52825,0.56684,-6.75399,15.13113,2.3993,63.48939
1223,52:19.2,13.52825,0.56684,-6.75399,15.13113,2.3993,63.48939
1224,52:19.3,13.52825,0.56684,-6.75399,15.13113,2.3993,63.48939
1225,52:19.3,13.63914,0.85026,-6.74599,15.23999,3.56717,63.7269
1226,52:19.3,13.63914,0.85026,-6.74599,15.23999,3.56717,63.7269
1227,52:19.4,13.63914,0.85026,-6.74599,15.23999,3.56717,63.7269
1228,52:19.4,13.75002,1.0392,-6.73499,15.34611,4.32209,63.96804
1229,52:19.4,13.75002,1.0392,-6.73499,15.34611,4.32209,63.96804
1230,52:19.5,13.75002,1.0392,-6.73499,15.34611,4.32209,63.96804
1231,52:19.5,13.9718,1.32262,-6.73398,15.56621,5.4077,64.36716
1232,52:19.5,13.9718,1.32262,-6.73398,15.56621,5.4077,64.36716
1233,52:19.6,13.9718,1.32262,-6.73398,15.56621,5.4077,64.36716
1234,52:19.6,14.08268,1.60604,-6.72998,15.69057,6.5061,64.60102
1235,52:19.6,14.08268,1.60604,-6.72998,15.69057,6.5061,64.60102
1236,52:19.7,14.08268,1.60604,-6.72998,15.69057,6.5061,64.60102
1237,52:19.7,14.30446,1.79498,-6.70898,15.90126,7.15233,65.04443
1238,52:19.7,14.30446,1.79498,-6.70898,15.90126,7.15233,65.04443
1239,52:19.8,14.30446,1.79498,-6.70898,15.90126,7.15233,65.04443
1240,52:19.8,14.52623,1.98393,-6.67998,16.11116,7.77709,65.50472
1241,52:19.8,14.52623,1.98393,-6.67998,16.11116,7.77709,65.50472
1242,52:19.9,14.52623,1.98393,-6.67998,16.11116,7.77709,65.50472
1243,52:19.9,14.63712,2.17287,-6.65998,16.2272,8.44387,65.76872
1244,52:19.9,14.63712,2.17287,-6.65998,16.2272,8.44387,65.76872
1245,52:20.0,14.63712,2.17287,-6.65998,16.2272,8.44387,65.76872
1246,52:20.0,14.85889,2.36182,-6.64398,16.44711,9.0316,66.174
1247,52:20.0,14.85889,2.36182,-6.64398,16.44711,9.0316,66.174
1248,52:20.1,14.85889,2.36182,-6.64398,16.44711,9.0316,66.174
1249,52:20.1,15.08067,2.55077,-6.63798,16.67321,9.60023,66.53913
1250,52:20.1,15.08067,2.55077,-6.63798,16.67321,9.60023,66.53913
1251,52:20.2,15.08067,2.55077,-6.63798,16.67321,9.60023,66.53913
1252,52:20.2,15.30244,2.73971,-6.63098,16.90091,10.15055,66.89953
1253,52:20.2,15.30244,2.73971,-6.63098,16.90091,10.15055,66.89953
1254,52:20.3,15.30244,2.73971,-6.63098,16.90091,10.15055,66.89953
1255,52:20.3,15.52422,2.92866,-6.62698,17.1317,10.68334,67.24288
1256,52:20.3,15.52422,2.92866,-6.62698,17.1317,10.68334,67.24288
1257,52:20.4,15.52422,2.92866,-6.62698,17.1317,10.68334,67.24288
1258,52:20.4,15.85688,3.21208,-6.62298,17.48205,11.45127,67.73786
1259,52:20.4,15.85688,3.21208,-6.62298,17.48205,11.45127,67.73786
1260,52:20.5,15.85688,3.21208,-6.62298,17.48205,11.45127,67.73786
1261,52:20.5,16.07865,3.40102,-6.62198,17.71837,11.94339,68.05384
1262,52:20.5,16.07865,3.40102,-6.62198,17.71837,11.94339,68.05384
1263,52:20.6,16.07865,3.40102,-6.62198,17.71837,11.94339,68.05384
1264,52:20.6,16.30043,3.68444,-6.62398,17.97654,12.73672,68.37816
1265,52:20.6,16.30043,3.68444,-6.62398,17.97654,12.73672,68.37816
1266,52:20.7,16.30043,3.68444,-6.62398,17.97654,12.73672,68.37816
1267,52:20.7,16.63309,3.96786,-6.62598,18.33868,13.41727,68.81923
1268,52:20.7,16.63309,3.96786,-6.62598,18.33868,13.41727,68.81923
1269,52:20.8,16.63309,3.96786,-6.62598,18.33868,13.41727,68.81923
1270,52:20.8,16.96575,4.34575,-6.62698,18.72536,14.36732,69.27372
1271,52:20.8,16.96575,4.34575,-6.62698,18.72536,14.36732,69.27372
1272,52:20.9,16.96575,4.34575,-6.62698,18.72536,14.36732,69.27372
1273,52:20.9,17.18753,4.62917,-6.62798,18.99395,15.07395,69.57678
1274,52:20.9,17.18753,4.62917,-6.62698,18.99361,15.07395,69.57961
1275,52:21.0,17.18753,4.62917,-6.62698,18.99361,15.07395,69.57961
1276,52:21.0,17.4093,5.00706,-6.62697,19.28915,16.04568,69.9061
1277,52:21.0,17.4093,5.00706,-6.62697,19.28915,16.04568,69.9061
1278,52:21.1,17.4093,5.00706,-6.62697,19.28915,16.04568,69.9061
1279,52:21.1,17.63108,5.38495,-6.62897,19.59071,16.98392,70.2222
1280,52:21.1,17.63108,5.38495,-6.62897,19.59071,16.98392,70.2222
1281,52:21.2,17.63108,5.38495,-6.62897,19.59071,16.98392,70.2222
1282,52:21.2,17.85285,5.76284,-6.63197,19.89768,17.88992,70.53057
1283,52:21.2,17.85285,5.76284,-6.63197,19.89768,17.88992,70.53057
1284,52:21.3,17.85285,5.76284,-6.63197,19.89768,17.88992,70.53057
1285,52:21.3,18.07462,6.14073,-6.63197,20.20851,18.76486,70.84182
1286,52:21.3,18.07462,6.14073,-6.63197,20.20851,18.76486,70.84182
1287,52:21.4,18.07462,6.14073,-6.63197,20.20851,18.76486,70.84182
1288,52:21.4,18.18551,6.51863,-6.63297,20.42551,19.7203,71.05021
1289,52:21.4,18.18551,6.51863,-6.63297,20.42551,19.7203,71.05021
1290,52:21.5,18.18551,6.51863,-6.63297,20.42551,19.7203,71.05021
1291,52:21.5,18.2964,6.89652,-6.63397,20.64775,20.65309,71.25889
1292,52:21.5,18.2964,6.89652,-6.63397,20.64775,20.65309,71.25889
1293,52:21.6,18.2964,6.89652,-6.63397,20.64775,20.65309,71.25889
1294,52:21.6,18.40729,7.27441,-6.63897,20.87633,21.56353,71.45712
1295,52:21.6,18.40729,7.27441,-6.63897,20.87633,21.56353,71.45712
1296,52:21.7,18.40729,7.27441,-6.63897,20.87633,21.56353,71.45712
1297,52:21.7,18.40728,7.74677,-6.63897,21.04558,22.82397,71.61162
1298,52:21.7,18.40728,7.74677,-6.63897,21.04558,22.82397,71.61162
1299,52:21.8,18.40728,7.74677,-6.63897,21.04558,22.82397,71.61162
1300,52:21.8,18.51817,8.12467,-6.64197,21.28494,23.68899,71.81718
1301,52:21.8,18.51817,8.12467,-6.64197,21.28494,23.68899,71.81718
1302,52:21.9,18.51817,8.12467,-6.64197,21.28494,23.68899,71.81718
1303,52:21.9,18.51817,8.50256,-6.64297,21.43234,24.66206,71.94374
1304,52:21.9,18.51817,8.50256,-6.64297,21.43234,24.66206,71.94374
1305,52:22.0,18.51817,8.50256,-6.64297,21.43234,24.66206,71.94374
1306,52:22.0,18.51817,8.97492,-6.64697,21.62531,25.85737,72.09921
1307,52:22.0,18.51817,8.97492,-6.64697,21.62531,25.85737,72.09921
1308,52:22.1,18.51817,8.97492,-6.64697,21.62531,25.85737,72.09921
1309,52:22.1,18.62906,9.35281,-6.65197,21.88071,26.65917,72.30136
1310,52:22.1,18.62906,9.35281,-6.65197,21.88071,26.65917,72.30136
1311,52:22.2,18.62906,9.35281,-6.65197,21.88071,26.65917,72.30136
1312,52:22.2,18.62906,9.82518,-6.65497,22.08765,27.80767,72.46442
1313,52:22.2,18.62906,9.82518,-6.65497,22.08765,27.80767,72.46442
1314,52:22.3,18.62906,9.82518,-6.65497,22.08765,27.80767,72.46442
1315,52:22.3,18.62906,10.29754,-6.65696,22.30238,28.9324,72.63327
1316,52:22.3,18.62906,10.29754,-6.65696,22.30238,28.9324,72.63327
1317,52:22.4,18.62906,10.29754,-6.65696,22.30238,28.9324,72.63327
1318,52:22.4,18.62906,10.7699,-6.65296,22.5232,30.03324,72.81951
1319,52:22.4,18.62906,10.7699,-6.65296,22.5232,30.03324,72.81951
1320,52:22.5,18.62906,10.7699,-6.65296,22.5232,30.03324,72.81951
1321,52:22.5,18.62906,11.33674,-6.64796,22.79822,31.32267,73.04623
1322,52:22.5,18.62906,11.33674,-6.64796,22.79822,31.32267,73.04623
1323,52:22.6,18.62906,11.33674,-6.64796,22.79822,31.32267,73.04623
1324,52:22.6,18.62906,11.80911,-6.63496,23.03301,32.37094,73.25796
1325,52:22.6,18.62906,11.80911,-6.63496,23.03301,32.37094,73.25796
1326,52:22.7,18.62906,11.80911,-6.63496,23.03301,32.37094,73.25796
1327,52:22.7,18.62905,12.37594,-6.63496,23.3287,33.5975,73.4763
1328,52:22.7,18.62905,12.37594,-6.63496,23.3287,33.5975,73.4763
1329,52:22.8,18.62905,12.37594,-6.63496,23.3287,33.5975,73.4763
1330,52:22.8,18.62905,12.84831,-6.63496,23.58269,34.59371,73.65928
1331,52:22.8,18.62905,12.84831,-6.63496,23.58269,34.59371,73.65928
1332,52:22.9,18.62905,12.84831,-6.63496,23.58269,34.59371,73.65928
1333,52:22.9,18.51817,13.32067,-6.63296,23.75624,35.7286,73.78699
1334,52:22.9,18.51817,13.32067,-6.63296,23.75624,35.7286,73.78699
1335,52:23.0,18.51817,13.32067,-6.63296,23.75624,35.7286,73.78699
1336,52:23.0,18.51817,13.88751,-6.63296,24.07865,36.86769,74.00995
1337,52:23.0,18.51817,13.88751,-6.63296,24.07865,36.86769,74.00995
1338,52:23.1,18.51817,13.88751,-6.63296,24.07865,36.86769,74.00995
1339,52:23.1,18.40728,14.35987,-6.63396,24.27021,37.95848,74.13704
1340,52:23.1,18.40728,14.35987,-6.63396,24.27021,37.95848,74.13704
1341,52:23.2,18.40728,14.35987,-6.63396,24.27021,37.95848,74.13704
1342,52:23.2,18.1855,14.83224,-6.63696,24.38764,39.20095,74.2081
1343,52:23.2,18.1855,14.83224,-6.63696,24.38764,39.20095,74.2081
1344,52:23.3,18.1855,14.83224,-6.63696,24.38764,39.20095,74.2081
1345,52:23.3,18.07461,15.21013,-6.63896,24.53804,40.08124,74.30254
1346,52:23.3,18.07461,15.21013,-6.63896,24.53804,40.08124,74.30254
1347,52:23.4,18.07461,15.21013,-6.63896,24.53804,40.08124,74.30254
1348,52:23.4,17.85284,15.68249,-6.64296,24.67374,41.29708,74.38144
1349,52:23.4,17.85284,15.68249,-6.64296,24.67374,41.29708,74.38144
1350,52:23.5,17.85284,15.68249,-6.64296,24.67374,41.29708,74.38144
1351,52:23.5,17.52018,16.06038,-6.64796,24.6797,42.51084,74.37326
1352,52:23.5,17.52018,16.06038,-6.64796,24.6797,42.51084,74.37326
1353,52:23.6,17.52018,16.06038,-6.64796,24.6797,42.51084,74.37326
1354,52:23.6,17.2984,16.43827,-6.65496,24.77378,43.53954,74.4173
1355,52:23.6,17.2984,16.43827,-6.65496,24.77378,43.53954,74.4173
1356,52:23.7,17.2984,16.43827,-6.65496,24.77378,43.53954,74.4173
1357,52:23.7,16.96574,16.72169,-6.65996,24.73472,44.58493,74.38004
1358,52:23.7,16.96574,16.72169,-6.65996,24.73472,44.58493,74.38004
1359,52:23.8,16.96574,16.72169,-6.65996,24.73472,44.58493,74.38004
1360,52:23.8,16.52219,17.00511,-6.66796,24.62962,45.82522,74.29234
1361,52:23.8,16.52219,17.00511,-6.66796,24.62962,45.82522,74.29234
1362,52:23.9,16.52219,17.00511,-6.66796,24.62962,45.82522,74.29234
1363,52:23.9,16.18953,17.28853,-6.66896,24.60628,46.8802,74.27464
1364,52:23.9,16.18953,17.28853,-6.66896,24.60628,46.8802,74.27464
1365,52:24.0,16.18953,17.28853,-6.66896,24.60628,46.8802,74.27464
1366,52:24.0,15.85687,17.383,-6.67296,24.45684,47.62876,74.1663
1367,52:24.0,15.85687,17.383,-6.67296,24.45684,47.62876,74.1663
1368,52:24.1,15.85687,17.383,-6.67296,24.45684,47.62876,74.1663
1369,52:24.1,15.5242,17.57194,-6.67596,24.37914,48.54052,74.10717
1370,52:24.1,15.5242,17.57194,-6.67596,24.37914,48.54052,74.10717
1371,52:24.2,15.5242,17.57194,-6.67596,24.37914,48.54052,74.10717
1372,52:24.2,15.08065,17.66642,-6.68296,24.17003,49.5148,73.94871
1373,52:24.2,15.08065,17.66642,-6.68296,24.17003,49.5148,73.94871
1374,52:24.3,15.08065,17.66642,-6.68296,24.17003,49.5148,73.94871
1375,52:24.3,14.74799,17.85536,-6.68896,24.10517,50.44432,73.88951
1376,52:24.3,14.74799,17.85536,-6.68896,24.10517,50.44432,73.88951
1377,52:24.4,14.74799,17.85536,-6.68896,24.10517,50.44432,73.88951
1378,52:24.4,14.30444,18.13878,-6.69996,24.05248,51.7403,73.82597
1379,52:24.4,14.30444,18.13878,-6.69996,24.05248,51.7403,73.82597
1380,52:24.5,14.30444,18.13878,-6.69996,24.05248,51.7403,73.82597
1381,52:24.5,13.97178,18.32772,-6.70696,24.00207,52.68063,73.77366
1382,52:24.5,13.97178,18.32772,-6.70696,24.00207,52.68063,73.77366
1383,52:24.6,13.97178,18.32772,-6.70696,24.00207,52.68063,73.77366
1384,52:24.6,13.52823,18.61114,-6.71296,23.96772,53.98702,73.73482
1385,52:24.6,13.52823,18.61114,-6.71296,23.96772,53.98702,73.73482
1386,52:24.7,13.52823,18.61114,-6.71296,23.96772,53.98702,73.73482
1387,52:24.7,13.30646,18.89456,-6.71296,24.06512,54.84496,73.80247
1388,52:24.7,13.30646,18.89456,-6.71296,24.06512,54.84496,73.80247
1389,52:24.8,13.30646,18.89456,-6.71296,24.06512,54.84496,73.80247
1390,52:24.8,12.97379,19.17798,-6.71196,24.10735,55.92187,73.8341
1391,52:24.8,12.97379,19.17798,-6.71196,24.10735,55.92187,73.8341
1392,52:24.9,12.97379,19.17798,-6.71196,24.10735,55.92187,73.8341
1393,52:24.9,12.75202,19.55587,-6.71196,24.2919,56.89238,73.96024
1394,52:24.9,12.75202,19.55587,-6.71196,24.2919,56.89238,73.96024
1395,52:25.0,12.75202,19.55587,-6.71196,24.2919,56.89238,73.96024
1396,52:25.0,12.64113,19.93376,-6.71696,24.5412,57.61889,74.11537
1397,52:25.0,12.64113,19.93376,-6.71696,24.5412,57.61889,74.11537
1398,52:25.1,12.64113,19.93376,-6.71696,24.5412,57.61889,74.11537
1399,52:25.1,12.53024,20.31165,-6.71796,24.79317,58.3296,74.2786
1400,52:25.1,12.53024,20.31165,-6.71796,24.79317,58.3296,74.2786
1401,52:25.2,12.53024,20.31165,-6.71796,24.79317,58.3296,74.2786
1402,52:25.2,12.41935,20.68954,-6.71695,25.04825,59.02478,74.44516
1403,52:25.2,12.41935,20.68954,-6.71695,25.04825,59.02478,74.44516
1404,52:25.3,12.41935,20.68954,-6.71695,25.04825,59.02478,74.44516
1405,52:25.3,12.30847,21.06743,-6.71195,25.30584,59.70476,74.61918
1406,52:25.3,12.30847,21.06743,-6.71195,25.30584,59.70476,74.61918
1407,52:25.4,12.30847,21.06743,-6.71195,25.30584,59.70476,74.61918
1408,52:25.4,12.41935,21.44532,-6.70395,25.67265,59.92414,74.86276
1409,52:25.4,12.41935,21.44532,-6.70395,25.67265,59.92414,74.86276
1410,52:25.5,12.41935,21.44532,-6.70395,25.67265,59.92414,74.86276
1411,52:25.5,12.41935,21.82322,-6.69295,25.98632,60.35627,75.07486
1412,52:25.5,12.41935,21.82322,-6.69295,25.98632,60.35627,75.07486
1413,52:25.6,12.41935,21.82322,-6.69295,25.98632,60.35627,75.07486
1414,52:25.6,12.53024,22.20111,-6.68295,26.35446,60.55975,75.31058
1415,52:25.6,12.53024,22.20111,-6.68295,26.35446,60.55975,75.31058
1416,52:25.7,12.53024,22.20111,-6.68295,26.35446,60.55975,75.31058
1417,52:25.7,12.64112,22.579,-6.67595,26.7241,60.75719,75.53373
1418,52:25.7,12.64112,22.579,-6.67595,26.7241,60.75719,75.53373
1419,52:25.8,12.64112,22.579,-6.67595,26.7241,60.75719,75.53373
1420,52:25.8,12.75201,22.95689,-6.66995,27.09466,60.94886,75.7489
1421,52:25.8,12.75201,22.95689,-6.66995,27.09466,60.94886,75.7489
1422,52:25.9,12.75201,22.95689,-6.66995,27.09466,60.94886,75.7489
1423,52:25.9,12.97378,23.24031,-6.66094,27.43719,60.82778,75.94987
1424,52:25.9,12.97378,23.24031,-6.66094,27.43719,60.82778,75.94987
1425,52:26.0,12.97378,23.24031,-6.66094,27.43719,60.82778,75.94987
1426,52:26.0,13.19556,23.52373,-6.65194,27.78015,60.70989,76.14595
1427,52:26.0,13.19556,23.52373,-6.65194,27.78015,60.70989,76.14595
1428,52:26.1,13.19556,23.52373,-6.65194,27.78015,60.70989,76.14595
1429,52:26.1,13.41733,23.80715,-6.64294,28.12354,60.59508,76.33729
1430,52:26.1,13.41733,23.80715,-6.64294,28.12354,60.59508,76.33729
1431,52:26.2,13.41733,23.80715,-6.64294,28.12354,60.59508,76.33729
1432,52:26.2,13.63911,23.99609,-6.62894,28.38627,60.38659,76.49523
1433,52:26.2,13.63911,23.99609,-6.62894,28.38627,60.38659,76.49523
1434,52:26.3,13.63911,23.99609,-6.62894,28.38627,60.38659,76.49523
1435,52:26.3,13.97177,24.18504,-6.62494,28.70568,59.98485,76.65651
1436,52:26.3,13.97177,24.18504,-6.62494,28.70568,59.98485,76.65651
1437,52:26.4,13.97177,24.18504,-6.62494,28.70568,59.98485,76.65651
1438,52:26.4,14.19354,24.37398,-6.62294,28.97259,59.78675,76.78574
1439,52:26.4,14.19354,24.37398,-6.62294,28.97259,59.78675,76.78574
1440,52:26.5,14.19354,24.37398,-6.62294,28.97259,59.78675,76.78574
1441,52:26.5,14.5262,24.46846,-6.62494,29.21653,59.30364,76.89402
1442,52:26.5,14.5262,24.46846,-6.62494,29.21653,59.30364,76.89402
1443,52:26.6,14.5262,24.46846,-6.62494,29.21653,59.30364,76.89402
1444,52:26.6,14.74798,24.56293,-6.63394,29.40832,59.01872,76.963
1445,52:26.6,14.74798,24.56293,-6.63394,29.40832,59.01872,76.963
1446,52:26.7,14.74798,24.56293,-6.63394,29.40832,59.01872,76.963
1447,52:26.7,15.08064,24.65741,-6.63893,29.65618,58.54976,77.06394
1448,52:26.7,15.08064,24.65741,-6.63893,29.65618,58.54976,77.06394
1449,52:26.8,15.08064,24.65741,-6.63893,29.65618,58.54976,77.06394
1450,52:26.8,15.4133,24.75188,-6.64493,29.9062,58.08897,77.16216
1451,52:26.8,15.4133,24.75188,-6.64493,29.9062,58.08897,77.16216
1452,52:26.9,15.4133,24.75188,-6.64493,29.9062,58.08897,77.16216
1453,52:26.9,15.63508,24.75188,-6.64893,30.02198,57.72053,77.20468
1454,52:26.9,15.63508,24.75188,-6.64893,30.02198,57.72053,77.20468
1455,52:27.0,15.63508,24.75188,-6.64893,30.02198,57.72053,77.20468
1456,52:27.0,15.85685,24.65741,-6.66193,30.06341,57.25547,77.19721
1457,52:27.0,15.85685,24.65741,-6.66193,30.06341,57.25547,77.19721
1458,52:27.1,15.85685,24.65741,-6.66193,30.06341,57.25547,77.19721
1459,52:27.1,16.07863,24.65741,-6.66593,30.18186,56.8924,77.24051
1460,52:27.1,16.07863,24.65741,-6.66593,30.18186,56.8924,77.24051
1461,52:27.2,16.07863,24.65741,-6.66593,30.18186,56.8924,77.24051
1462,52:27.2,16.41129,24.56294,-6.66693,30.28393,56.25184,77.2823
1463,52:27.2,16.41129,24.56294,-6.66693,30.28393,56.25184,77.2823
1464,52:27.3,16.41129,24.56294,-6.66693,30.28393,56.25184,77.2823
1465,52:27.3,16.63306,24.46846,-6.66793,30.32863,55.79309,77.29942
1466,52:27.3,16.63306,24.46846,-6.66793,30.32863,55.79309,77.29942
1467,52:27.4,16.63306,24.46846,-6.66793,30.32863,55.79309,77.29942
1468,52:27.4,16.96572,24.37399,-6.67193,30.43751,55.15983,77.33789
1469,52:27.4,16.96572,24.37399,-6.67193,30.43751,55.15983,77.33789
1470,52:27.5,16.96572,24.37399,-6.67193,30.43751,55.15983,77.33789
1471,52:27.5,17.1875,24.27952,-6.67193,30.48639,54.70528,77.35853
1472,52:27.5,17.1875,24.27952,-6.67193,30.48639,54.70528,77.35853
1473,52:27.6,17.1875,24.27952,-6.67193,30.48639,54.70528,77.35853
1474,52:27.6,17.40927,24.09057,-6.66793,30.46145,54.1459,77.35572
1475,52:27.6,17.40927,24.09057,-6.66793,30.46145,54.1459,77.35572
1476,52:27.7,17.40927,24.09057,-6.66793,30.46145,54.1459,77.35572
1477,52:27.7,17.63105,23.90163,-6.66493,30.4395,53.58564,77.35224
1478,52:27.7,17.63105,23.90163,-6.66493,30.4395,53.58564,77.35224
1479,52:27.8,17.63105,23.90163,-6.66493,30.4395,53.58564,77.35224
1480,52:27.8,17.85282,23.71268,-6.65293,30.41835,53.02461,77.36647
1481,52:27.8,17.85282,23.71268,-6.65293,30.41835,53.02461,77.36647
1482,52:27.9,17.85282,23.71268,-6.65293,30.41835,53.02461,77.36647
1483,52:27.9,17.96371,23.52374,-6.65093,30.33638,52.63313,77.33563
1484,52:27.9,17.96371,23.52374,-6.65093,30.33638,52.63313,77.33563
1485,52:28.0,17.96371,23.52374,-6.65093,30.33638,52.63313,77.33563
1486,52:28.0,18.0746,23.33479,-6.64993,30.256,52.23945,77.30337
1487,52:28.0,18.0746,23.33479,-6.64993,30.256,52.23945,77.30337
1488,52:28.1,18.0746,23.33479,-6.64993,30.256,52.23945,77.30337
1489,52:28.1,18.18549,23.14585,-6.64893,30.17699,51.84359,77.27151
1490,52:28.1,18.18549,23.14585,-6.64893,30.17699,51.84359,77.27151
1491,52:28.2,18.18549,23.14585,-6.64893,30.17699,51.84359,77.27151
1492,52:28.2,18.29637,22.9569,-6.64293,30.09826,51.44558,77.24937
1493,52:28.2,18.29637,22.9569,-6.64293,30.09826,51.44558,77.24937
1494,52:28.3,18.29637,22.9569,-6.64293,30.09826,51.44558,77.24937
1495,52:28.3,18.29638,22.67348,-6.63693,29.88132,51.09819,77.16702
1496,52:28.3,18.29638,22.67348,-6.63693,29.88132,51.09819,77.16702
1497,52:28.4,18.29638,22.67348,-6.63693,29.88132,51.09819,77.16702
1498,52:28.4,18.40726,22.48454,-6.63093,29.80522,50.69408,77.14552
1499,52:28.4,18.40726,22.48454,-6.63093,29.80522,50.69408,77.14552
1500,52:28.5,18.40726,22.48454,-6.63093,29.80522,50.69408,77.14552
1501,52:28.5,18.40726,22.20112,-6.62793,29.59133,50.33739,77.05696
1502,52:28.5,18.40726,22.20112,-6.62793,29.59133,50.33739,77.05696
1503,52:28.6,18.40726,22.20112,-6.62793,29.59133,50.33739,77.05696
1504,52:28.6,18.51815,22.01217,-6.62894,29.51949,49.92715,77.02292
1505,52:28.6,18.51815,22.01217,-6.62894,29.51949,49.92715,77.02292
1506,52:28.7,18.51815,22.01217,-6.62894,29.51949,49.92715,77.02292
1507,52:28.7,18.51815,21.72876,-6.62894,29.30876,49.56098,76.92796
1508,52:28.7,18.51815,21.72876,-6.62894,29.30876,49.56098,76.92796
1509,52:28.8,18.51815,21.72876,-6.62894,29.30876,49.56098,76.92796
1510,52:28.8,18.51815,21.44534,-6.62394,29.09813,49.18923,76.84175
1511,52:28.8,18.51815,21.44534,-6.62394,29.09813,49.18923,76.84175
1512,52:28.9,18.51815,21.44534,-6.62394,29.09813,49.18923,76.84175
1513,52:28.9,18.51815,21.16192,-6.62194,28.88942,48.81181,76.74904
1514,52:28.9,18.51815,21.16192,-6.62194,28.88942,48.81181,76.74904
1515,52:29.0,18.51815,21.16192,-6.62194,28.88942,48.81181,76.74904
1516,52:29.0,18.62904,20.8785,-6.62294,28.75441,48.25876,76.68363
1517,52:29.0,18.62904,20.8785,-6.62294,28.75441,48.25876,76.68363
1518,52:29.1,18.62904,20.8785,-6.62294,28.75441,48.25876,76.68363
1519,52:29.1,18.62904,20.59508,-6.62294,28.54929,47.86945,76.58617
1520,52:29.1,18.62904,20.59508,-6.62294,28.54929,47.86945,76.58617
1521,52:29.2,18.62904,20.59508,-6.62294,28.54929,47.86945,76.58617
1522,52:29.2,18.62904,20.21719,-6.62494,28.27836,47.34112,76.45105
1523,52:29.2,18.62904,20.21719,-6.62494,28.27836,47.34112,76.45105
1524,52:29.3,18.62904,20.21719,-6.62494,28.27836,47.34112,76.45105
1525,52:29.3,18.73993,19.8393,-6.62894,28.08426,46.63228,76.34721
1526,52:29.3,18.73993,19.8393,-6.62894,28.08426,46.63228,76.34721
1527,52:29.4,18.73993,19.8393,-6.62894,28.08426,46.63228,76.34721
1528,52:29.4,18.73993,19.46141,-6.63594,27.82026,46.08197,76.20026
1529,52:29.4,18.73993,19.46141,-6.63594,27.82026,46.08197,76.20026
1530,52:29.5,18.73993,19.46141,-6.63594,27.82026,46.08197,76.20026
1531,52:29.5,18.73993,19.08352,-6.63494,27.557,45.52045,76.06791
1532,52:29.5,18.73993,19.08352,-6.63494,27.557,45.52045,76.06791
1533,52:29.6,18.73993,19.08352,-6.63494,27.557,45.52045,76.06791
1534,52:29.6,18.85082,18.61115,-6.63294,27.30795,44.63345,75.94258
1535,52:29.6,18.85082,18.61115,-6.63294,27.30795,44.63345,75.94258
1536,52:29.7,18.85082,18.61115,-6.63294,27.30795,44.63345,75.94258
1537,52:29.7,18.85082,18.13879,-6.62995,26.9875,43.89722,75.77873
1538,52:29.7,18.85082,18.13879,-6.62995,26.9875,43.89722,75.77873
1539,52:29.8,18.85082,18.13879,-6.62995,26.9875,43.89722,75.77873
1540,52:29.8,18.85082,17.66642,-6.62095,26.67008,43.14232,75.62579
1541,52:29.8,18.85082,17.66642,-6.62095,26.67008,43.14232,75.62579
1542,52:29.9,18.85082,17.66642,-6.62095,26.67008,43.14232,75.62579
1543,52:29.9,18.96171,17.09959,-6.61495,26.37612,42.044,75.47555
1544,52:29.9,18.96171,17.09959,-6.61495,26.37612,42.044,75.47555
1545,52:30.0,18.96171,17.09959,-6.61495,26.37612,42.044,75.47555
1546,52:30.0,18.96171,16.62722,-6.60495,26.06984,41.24701,75.32381
1547,52:30.0,18.96171,16.62722,-6.60495,26.06984,41.24701,75.32381
1548,52:30.1,18.96171,16.62722,-6.60495,26.06984,41.24701,75.32381
1549,52:30.1,18.96171,16.06038,-6.59095,25.70842,40.26427,75.14503
1550,52:30.1,18.96171,16.06038,-6.59095,25.70842,40.26427,75.14503
1551,52:30.2,18.96171,16.06038,-6.59095,25.70842,40.26427,75.14503
1552,52:30.2,18.96171,15.49355,-6.57295,25.35351,39.25214,74.9743
1553,52:30.2,18.96171,15.49355,-6.57295,25.35351,39.25214,74.9743
1554,52:30.3,18.96171,15.49355,-6.57295,25.35351,39.25214,74.9743
1555,52:30.3,18.96171,15.02118,-6.57195,25.06737,38.38574,74.80104
1556,52:30.3,18.96171,15.02118,-6.57195,25.06737,38.38574,74.80104
1557,52:30.4,18.96171,15.02118,-6.57195,25.06737,38.38574,74.80104
1558,52:30.4,18.96171,14.45435,-6.57196,24.73187,37.31795,74.58977
1559,52:30.4,18.96171,14.45435,-6.57196,24.73187,37.31795,74.58977
1560,52:30.5,18.96171,14.45435,-6.57196,24.73187,37.31795,74.58977
1561,52:30.5,18.96171,13.88751,-6.56496,24.40304,36.21895,74.39391
1562,52:30.5,18.96171,13.88751,-6.56496,24.40304,36.21895,74.39391
1563,52:30.6,18.96171,13.88751,-6.56496,24.40304,36.21895,74.39391
1564,52:30.6,18.96172,13.32067,-6.55396,24.08197,35.08818,74.20763
1565,52:30.6,18.96172,13.32067,-6.55396,24.08197,35.08818,74.20763
1566,52:30.7,18.96172,13.32067,-6.55396,24.08197,35.08818,74.20763
1567,52:30.7,18.96172,12.75383,-6.55096,23.7723,33.92516,74.00395
1568,52:30.7,18.96172,12.75383,-6.55096,23.7723,33.92516,74.00395
1569,52:30.8,18.96172,12.75383,-6.55096,23.7723,33.92516,74.00395
1570,52:30.8,18.96172,12.187,-6.55096,23.47306,32.7295,73.79445
1571,52:30.8,18.96172,12.187,-6.55096,23.47306,32.7295,73.79445
1572,52:30.9,18.96172,12.187,-6.55096,23.47306,32.7295,73.79445
1573,52:30.9,18.85083,11.62016,-6.54996,23.09294,31.6508,73.52274
1574,52:30.9,18.85083,11.62016,-6.54996,23.09294,31.6508,73.52274
1575,52:31.0,18.85083,11.62016,-6.54996,23.09294,31.6508,73.52274
1576,52:31.0,18.85083,11.1478,-6.53996,22.85603,30.59875,73.37316
1577,52:31.0,18.85083,11.1478,-6.53996,22.85603,30.59875,73.37316
1578,52:31.1,18.85083,11.1478,-6.53996,22.85603,30.59875,73.37316
1579,52:31.1,18.85083,10.58096,-6.53496,22.58354,29.30547,73.17985
1580,52:31.1,18.85083,10.58096,-6.53496,22.58354,29.30547,73.17985
1581,52:31.2,18.85083,10.58096,-6.53496,22.58354,29.30547,73.17985
1582,52:31.2,18.73994,9.91965,-6.53496,22.18763,27.89369,72.87053
1583,52:31.2,18.73994,9.91965,-6.53496,22.18763,27.89369,72.87053
1584,52:31.3,18.73994,9.91965,-6.53496,22.18763,27.89369,72.87053
1585,52:31.3,18.73994,9.25834,-6.53297,21.89936,26.29135,72.64342
1586,52:31.3,18.73994,9.25834,-6.53297,21.89936,26.29135,72.64342
1587,52:31.4,18.73994,9.25834,-6.53297,21.89936,26.29135,72.64342
1588,52:31.4,18.73995,8.50256,-6.52997,21.5898,24.40441,72.39482
1589,52:31.4,18.73995,8.50256,-6.52997,21.5898,24.40441,72.39482
1590,52:31.5,18.73995,8.50256,-6.52997,21.5898,24.40441,72.39482
1591,52:31.5,18.73995,7.84125,-6.52797,21.33741,22.70561,72.18527
1592,52:31.5,18.73995,7.84125,-6.52797,21.33741,22.70561,72.18527
1593,52:31.6,18.73995,7.84125,-6.52797,21.33741,22.70561,72.18527
1594,52:31.6,18.62906,7.17994,-6.52697,21.00463,21.07746,71.8962
1595,52:31.6,18.62906,7.17994,-6.52697,21.00463,21.07746,71.8962
1596,52:31.7,18.62906,7.17994,-6.52697,21.00463,21.07746,71.8962
1597,52:31.7,18.62906,6.51863,-6.52697,20.78787,19.28581,71.70077
1598,52:31.7,18.62906,6.51863,-6.52697,20.78787,19.28581,71.70077
1599,52:31.8,18.62906,6.51863,-6.52697,20.78787,19.28581,71.70077
1600,52:31.8,18.62906,5.76284,-6.51997,20.56118,17.1893,71.51231
1601,52:31.8,18.62906,5.76284,-6.51997,20.56118,17.1893,71.51231
1602,52:31.9,18.62906,5.76284,-6.51997,20.56118,17.1893,71.51231
1603,52:31.9,18.62906,5.10153,-6.52097,20.38604,15.31488,71.34468
1604,52:31.9,18.62906,5.10153,-6.52097,20.38604,15.31488,71.34468
1605,52:32.0,18.62906,5.10153,-6.52097,20.38604,15.31488,71.34468
1606,52:32.0,18.73995,4.44022,-6.52397,20.3338,13.32979,71.28605
1607,52:32.0,18.73995,4.44022,-6.52397,20.3338,13.32979,71.28605
1608,52:32.1,18.73995,4.44022,-6.52397,20.3338,13.32979,71.28605
1609,52:32.1,18.73995,3.77891,-6.52897,20.20132,11.40082,71.14373
1610,52:32.1,18.73995,3.77891,-6.52897,20.20132,11.40082,71.14373
1611,52:32.2,18.73995,3.77891,-6.52897,20.20132,11.40082,71.14373
1612,52:32.2,18.73995,3.1176,-6.54297,20.09268,9.4453,70.99567
1613,52:32.2,18.73995,3.1176,-6.54297,20.09268,9.4453,70.99567
1614,52:32.3,18.73995,3.1176,-6.54297,20.09268,9.4453,70.99567
1615,52:32.3,18.85084,2.45629,-6.55297,20.10793,7.4239,70.9805
1616,52:32.3,18.85084,2.45629,-6.55297,20.10793,7.4239,70.9805
1617,52:32.4,18.85084,2.45629,-6.55297,20.10793,7.4239,70.9805
1618,52:32.4,18.85084,1.79498,-6.56197,20.04085,5.43933,70.88715
1619,52:32.4,18.85084,1.79498,-6.56197,20.04085,5.43933,70.88715
1620,52:32.5,18.85084,1.79498,-6.56197,20.04085,5.43933,70.88715
1621,52:32.5,18.96172,1.13367,-6.56597,20.09836,3.4215,70.93189
1622,52:32.5,18.96172,1.13367,-6.56597,20.09836,3.4215,70.93189
1623,52:32.6,18.96172,1.13367,-6.56597,20.09836,3.4215,70.93189
1624,52:32.6,19.07261,0.47236,-6.57297,20.17899,1.41873,70.98998
1625,52:32.6,19.07261,0.47236,-6.57297,20.17899,1.41873,70.98998
1626,52:32.7,19.07261,0.47236,-6.57297,20.17899,1.41873,70.98998
1627,52:32.7,19.1835,-0.18895,-6.57797,20.28083,-0.56431,71.07415
1628,52:32.7,19.1835,-0.18895,-6.57797,20.28083,-0.56431,71.07415
1629,52:32.8,19.1835,-0.18895,-6.57797,20.28083,-0.56431,71.07415
1630,52:32.8,19.40527,-0.75578,-6.57897,20.50411,-2.23039,71.285
1631,52:32.8,19.40527,-0.75578,-6.57897,20.50411,-2.23039,71.285
1632,52:32.9,19.40527,-0.75578,-6.57897,20.50411,-2.23039,71.285
1633,52:32.9,19.51616,-1.32262,-6.57697,20.63701,-3.87704,71.41581
1634,52:32.9,19.51616,-1.32262,-6.57697,20.63701,-3.87704,71.41581
1635,52:33.0,19.51616,-1.32262,-6.57697,20.63701,-3.87704,71.41581
1636,52:33.0,19.84882,-1.70051,-6.56997,20.97694,-4.89675,71.74784
1637,52:33.0,19.84882,-1.70051,-6.56997,20.97694,-4.89675,71.74784
1638,52:33.1,19.84882,-1.70051,-6.56997,20.97694,-4.89675,71.74784
1639,52:33.1,20.0706,-2.17288,-6.57197,21.23066,-6.17887,71.96784
1640,52:33.1,20.0706,-2.17288,-6.57197,21.23066,-6.17887,71.96784
1641,52:33.2,20.0706,-2.17288,-6.57197,21.23066,-6.17887,71.96784
1642,52:33.2,20.51415,-2.64524,-6.57597,21.70417,-7.34758,72.36322
1643,52:33.2,20.51415,-2.64524,-6.57597,21.70417,-7.34758,72.36322
1644,52:33.3,20.51415,-2.64524,-6.57597,21.70417,-7.34758,72.36322
1645,52:33.3,20.84681,-3.1176,-6.58197,22.08237,-8.50545,72.65863
1646,52:33.3,20.84681,-3.1176,-6.58197,22.08237,-8.50545,72.65863
1647,52:33.4,20.84681,-3.1176,-6.58197,22.08237,-8.50545,72.65863
1648,52:33.4,21.29036,-3.58997,-6.59696,22.57625,-9.57115,73.0098
1649,52:33.4,21.29036,-3.58997,-6.59696,22.57625,-9.57115,73.0098
1650,52:33.5,21.29036,-3.58997,-6.59696,22.57625,-9.57115,73.0098
1651,52:33.5,21.62302,-3.96786,-6.60596,22.95512,-10.39819,73.27507
1652,52:33.5,21.62302,-3.96786,-6.60596,22.95512,-10.39819,73.27507
1653,52:33.6,21.62302,-3.96786,-6.60596,22.95512,-10.39819,73.27507
1654,52:33.6,22.17745,-4.25128,-6.61496,23.5302,-10.8516,73.67256
1655,52:33.6,22.17745,-4.25128,-6.61496,23.5302,-10.8516,73.67256
1656,52:33.7,22.17745,-4.25128,-6.61496,23.5302,-10.8516,73.67256
1657,52:33.7,22.621,-4.5347,-6.61396,24.00037,-11.3355,74.00358
1658,52:33.7,22.621,-4.5347,-6.61396,24.00037,-11.3355,74.00358
1659,52:33.8,22.621,-4.5347,-6.61396,24.00037,-11.3355,74.00358
1660,52:33.8,23.06455,-4.72364,-6.60096,24.45116,-11.57419,74.33782
1661,52:33.8,23.06455,-4.72364,-6.60096,24.45116,-11.57419,74.33782
1662,52:33.9,23.06455,-4.72364,-6.60096,24.45116,-11.57419,74.33782
1663,52:33.9,23.5081,-4.91259,-6.59495,24.90497,-11.80349,74.64465
1664,52:33.9,23.5081,-4.91259,-6.59495,24.90497,-11.80349,74.64465
1665,52:34.0,23.5081,-4.91259,-6.59495,24.90497,-11.80349,74.64465
1666,52:34.0,23.95165,-5.00706,-6.59395,25.34231,-11.80757,74.91834
1667,52:34.0,23.95165,-5.00706,-6.59395,25.34231,-11.80757,74.91834
1668,52:34.1,23.95165,-5.00706,-6.59395,25.34231,-11.80757,74.91834
1669,52:34.1,24.3952,-5.00706,-6.59095,25.76115,-11.59876,75.17613
1670,52:34.1,24.3952,-5.00706,-6.59095,25.76115,-11.59876,75.17613
1671,52:34.2,24.3952,-5.00706,-6.59095,25.76115,-11.59876,75.17613
1672,52:34.2,24.94964,-5.00706,-6.58495,26.28529,-11.34777,75.49181
1673,52:34.2,24.94964,-5.00706,-6.58495,26.28529,-11.34777,75.49181
1674,52:34.3,24.94964,-5.00706,-6.58495,26.28529,-11.34777,75.49181
1675,52:34.3,25.39318,-5.00706,-6.58395,26.70642,-11.15457,75.7277
1676,52:34.3,25.39318,-5.00706,-6.58395,26.70642,-11.15457,75.7277
1677,52:34.4,25.39318,-5.00706,-6.58395,26.70642,-11.15457,75.7277
1678,52:34.4,25.94762,-4.91259,-6.58395,27.21692,-10.72076,76.00092
1679,52:34.4,25.94762,-4.91259,-6.58395,27.21692,-10.72076,76.00092
1680,52:34.5,25.94762,-4.91259,-6.58395,27.21692,-10.72076,76.00092
1681,52:34.5,26.28028,-4.81812,-6.58494,27.51779,-10.389,76.15491
1682,52:34.5,26.28028,-4.81812,-6.58494,27.51779,-10.389,76.15491
1683,52:34.6,26.28028,-4.81812,-6.58494,27.51779,-10.389,76.15491
1684,52:34.6,26.83472,-4.62917,-6.58094,28.015,-9.78759,76.41381
1685,52:34.6,26.83472,-4.62917,-6.58094,28.015,-9.78759,76.41381
1686,52:34.7,26.83472,-4.62917,-6.58094,28.015,-9.78759,76.41381
1687,52:34.7,27.16738,-4.44023,-6.58094,28.30355,-9.28233,76.55494
1688,52:34.7,27.16738,-4.44023,-6.58094,28.30355,-9.28233,76.55494
1689,52:34.8,27.16738,-4.44023,-6.58094,28.30355,-9.28233,76.55494
1690,52:34.8,27.50004,-4.15681,-6.57994,28.58019,-8.59556,76.68955
1691,52:34.9,27.50004,-4.15681,-6.57994,28.58019,-8.59556,76.68955
1692,52:34.9,27.50004,-4.15681,-6.57994,28.58019,-8.59556,76.68955
1693,52:34.9,27.8327,-3.87339,-6.57894,28.86079,-7.92279,76.82334
1694,52:34.9,27.8327,-3.87339,-6.57894,28.86079,-7.92279,76.82334
1695,52:35.0,27.8327,-3.87339,-6.57894,28.86079,-7.92279,76.82334
1696,52:35.0,28.05448,-3.58997,-6.57294,29.03696,-7.29218,76.91687
1697,52:35.0,28.05448,-3.58997,-6.57294,29.03696,-7.29218,76.91687
1698,52:35.1,28.05448,-3.58997,-6.57294,29.03696,-7.29218,76.91687
1699,52:35.1,28.16537,-3.21208,-6.56994,29.0993,-6.50611,76.95146
1700,52:35.1,28.16537,-3.21208,-6.56994,29.0993,-6.50611,76.95146
1701,52:35.2,28.16537,-3.21208,-6.56994,29.0993,-6.50611,76.95146
1702,52:35.2,28.38714,-2.83419,-6.56894,29.27479,-5.70155,77.03306
1703,52:35.2,28.38714,-2.83419,-6.56894,29.27479,-5.70155,77.03306
1704,52:35.3,28.38714,-2.83419,-6.56894,29.27479,-5.70155,77.03306
1705,52:35.3,28.49803,-2.55077,-6.56294,29.355,-5.11474,77.08112
1706,52:35.4,28.49803,-2.55077,-6.56294,29.355,-5.11474,77.08112
1707,52:35.4,28.49803,-2.55077,-6.56294,29.355,-5.11474,77.08112
1708,52:35.4,28.60892,-2.0784,-6.54194,29.42086,-4.15517,77.15249
1709,52:35.4,28.60892,-2.0784,-6.54194,29.42086,-4.15517,77.15249
1710,52:35.5,28.60892,-2.0784,-6.54194,29.42086,-4.15517,77.15249
1711,52:35.5,28.7198,-1.79499,-6.53593,29.50877,-3.57633,77.20336
1712,52:35.5,28.7198,-1.79499,-6.53593,29.50877,-3.57633,77.20336
1713,52:35.6,28.7198,-1.79499,-6.53593,29.50877,-3.57633,77.20336
1714,52:35.6,28.7198,-1.41709,-6.53393,29.48775,-2.8248,77.19807
1715,52:35.7,28.7198,-1.41709,-6.53393,29.48775,-2.8248,77.19807
1716,52:35.7,28.7198,-1.41709,-6.53393,29.48775,-2.8248,77.19807
1717,52:35.7,28.60892,-1.0392,-6.53494,29.36419,-2.08032,77.14128
1718,52:35.8,28.60892,-1.0392,-6.53494,29.36419,-2.08032,77.14128
1719,52:35.8,28.60892,-1.0392,-6.53494,29.36419,-2.08032,77.14128
1720,52:35.8,28.60892,-0.66131,-6.53794,29.35391,-1.32419,77.13069
1721,52:35.9,28.60892,-0.66131,-6.53794,29.35391,-1.32419,77.13069
1722,52:35.9,28.60892,-0.66131,-6.53794,29.35391,-1.32419,77.13069
1723,52:35.9,28.49803,-0.37789,-6.54094,29.24148,-0.75971,77.07433
1724,52:36.0,28.49803,-0.37789,-6.54094,29.24148,-0.75971,77.07433
1725,52:36.0,28.49803,-0.37789,-6.54094,29.24148,-0.75971,77.07433
1726,52:36.0,28.38714,-0.0,-6.54494,29.13187,-0.0,77.01677
1727,52:36.1,28.38714,-0.0,-6.54494,29.13187,-0.0,77.01677
1728,52:36.1,28.38714,-0.0,-6.54494,29.13187,-0.0,77.01677
1729,52:36.1,28.16537,0.28342,-6.54494,28.9172,0.57653,76.91868
1730,52:36.2,28.16537,0.28342,-6.54494,28.9172,0.57653,76.91868
1731,52:36.2,28.16537,0.28342,-6.54494,28.9172,0.57653,76.91868
1732,52:36.2,28.05448,0.66131,-6.54394,28.81517,1.35035,76.87358
1733,52:36.2,28.05448,0.66131,-6.54394,28.81517,1.35035,76.87358
1734,52:36.3,28.05448,0.66131,-6.54394,28.81517,1.35035,76.87358
1735,52:36.3,27.94359,0.94473,-6.54294,28.71493,1.93634,76.82898
1736,52:36.4,27.94359,0.94473,-6.54294,28.71493,1.93634,76.82898
1737,52:36.4,27.94359,0.94473,-6.54294,28.71493,1.93634,76.82898
1738,52:36.4,27.83271,1.32262,-6.54494,28.62246,2.72067,76.78154
1739,52:36.5,27.83271,1.32262,-6.54494,28.62246,2.72067,76.78154
1740,52:36.5,27.83271,1.32262,-6.54494,28.62246,2.72067,76.78154
1741,52:36.5,27.61093,1.70051,-6.55694,28.42972,3.5243,76.66543
1742,52:36.6,27.61093,1.70051,-6.55694,28.42972,3.5243,76.66543
1743,52:36.6,27.61093,1.70051,-6.55694,28.42972,3.5243,76.66543
1744,52:36.6,27.50004,2.17288,-6.60094,28.36452,4.51776,76.54285
1745,52:36.7,27.50004,2.17288,-6.60094,28.36452,4.51776,76.54285
1746,52:36.7,27.50004,2.17288,-6.60094,28.36452,4.51776,76.54285
1747,52:36.7,27.38916,2.55077,-6.61594,28.2921,5.32064,76.4765
1748,52:36.8,27.38916,2.55077,-6.61594,28.2921,5.32064,76.4765
1749,52:36.8,27.38916,2.55077,-6.61594,28.2921,5.32064,76.4765
1750,52:36.8,27.16738,3.02313,-6.62694,28.1269,6.34964,76.37249
1751,52:36.9,27.16738,3.02313,-6.62694,28.1269,6.34964,76.37249
1752,52:36.9,27.16738,3.02313,-6.62694,28.1269,6.34964,76.37249
1753,52:36.9,27.05649,3.4955,-6.63694,28.07706,7.36141,76.32684
1754,52:37.0,27.05649,3.4955,-6.63694,28.07706,7.36141,76.32684
1755,52:37.0,27.05649,3.4955,-6.63694,28.07706,7.36141,76.32684
1756,52:37.0,26.94561,4.06234,-6.65494,28.05096,8.57338,76.27602
1757,52:37.1,26.94561,4.06234,-6.65494,28.05096,8.57338,76.27602
1758,52:37.1,26.94561,4.06234,-6.65494,28.05096,8.57338,76.27602
1759,52:37.1,26.83472,4.5347,-6.66194,28.01869,9.59159,76.24517
1760,52:37.2,26.83472,4.5347,-6.66194,28.01869,9.59159,76.24517
1761,52:37.2,26.83472,4.5347,-6.66194,28.01869,9.59159,76.24517
1762,52:37.2,26.61294,5.10154,-6.66694,27.9056,10.85161,76.17775
1763,52:37.3,26.61294,5.10154,-6.66694,27.9056,10.85161,76.17775
1764,52:37.3,26.61294,5.10154,-6.66694,27.9056,10.85161,76.17775
1765,52:37.3,26.50206,5.5739,-6.67094,27.89138,11.87732,76.1621
1766,52:37.4,26.50206,5.5739,-6.67094,27.89138,11.87732,76.1621
1767,52:37.4,26.50206,5.5739,-6.67094,27.89138,11.87732,76.1621
1768,52:37.4,26.28028,6.14074,-6.66594,27.79922,13.15196,76.12592
1769,52:37.5,26.28028,6.14074,-6.66594,27.79922,13.15196,76.12592
1770,52:37.5,26.28028,6.14074,-6.66594,27.79922,13.15196,76.12592
1771,52:37.5,26.05851,6.70758,-6.66694,27.72157,14.43483,76.08415
1772,52:37.6,26.05851,6.70758,-6.66694,27.72157,14.43483,76.08415
1773,52:37.6,26.05851,6.70758,-6.66694,27.72157,14.43483,76.08415
1774,52:37.6,25.83673,7.17994,-6.66394,27.63144,15.53043,76.04425
1775,52:37.7,25.83673,7.17994,-6.66394,27.63144,15.53043,76.04425
1776,52:37.7,25.83673,7.17994,-6.66394,27.63144,15.53043,76.04425
1777,52:37.7,25.61496,7.74678,-6.66094,27.57729,16.82699,76.02271
1778,52:37.8,25.61496,7.74678,-6.66094,27.57729,16.82699,76.02271
1779,52:37.8,25.61496,7.74678,-6.66094,27.57729,16.82699,76.02271
1780,52:37.8,25.39318,8.21914,-6.64594,27.50521,17.93548,76.01754
1781,52:37.9,25.39318,8.21914,-6.64594,27.50521,17.93548,76.01754
1782,52:37.9,25.39318,8.21914,-6.64594,27.50521,17.93548,76.01754
1783,52:37.9,25.06052,8.78598,-6.64194,27.37405,19.32018,75.9578
1784,52:38.0,25.06052,8.78598,-6.64194,27.37405,19.32018,75.9578
1785,52:38.0,25.06052,8.78598,-6.64194,27.37405,19.32018,75.9578
1786,52:38.0,24.72786,9.25834,-6.63695,27.22559,20.52638,75.89049
1787,52:38.1,24.72786,9.25834,-6.63695,27.22559,20.52638,75.89049
1788,52:38.1,24.72786,9.25834,-6.63695,27.22559,20.52638,75.89049
1789,52:38.1,24.3952,9.73071,-6.63495,27.08938,21.74597,75.82243
1790,52:38.2,24.3952,9.73071,-6.63495,27.08938,21.74597,75.82243
1791,52:38.2,24.3952,9.73071,-6.63495,27.08938,21.74597,75.82243
1792,52:38.2,24.06253,10.1086,-6.62695,26.92779,22.78713,75.75311
1793,52:38.3,24.06253,10.1086,-6.62695,26.92779,22.78713,75.75311
1794,52:38.3,24.06253,10.1086,-6.62695,26.92779,22.78713,75.75311
1795,52:38.3,23.72987,10.58096,-6.62495,26.81331,24.03172,75.6954
1796,52:38.4,23.72987,10.58096,-6.62495,26.81331,24.03172,75.6954
1797,52:38.4,23.72987,10.58096,-6.62495,26.81331,24.03172,75.6954
1798,52:38.4,23.39721,10.95886,-6.62195,26.67163,25.09759,75.62444
1799,52:38.5,23.39721,10.95886,-6.62195,26.67163,25.09759,75.62444
1800,52:38.5,23.39721,10.95886,-6.62195,26.67163,25.09759,75.62444
1801,52:38.5,23.06455,11.43122,-6.62595,26.58099,26.36387,75.56545
1802,52:38.6,23.06455,11.43122,-6.62595,26.58099,26.36387,75.56545
1803,52:38.6,23.06455,11.43122,-6.62595,26.58099,26.36387,75.56545
1804,52:38.6,22.621,11.80911,-6.63995,26.36766,27.56645,75.41466
1805,52:38.7,22.621,11.80911,-6.63995,26.36766,27.56645,75.41466
1806,52:38.7,22.621,11.80911,-6.63995,26.36766,27.56645,75.41466
1807,52:38.7,22.28833,12.187,-6.64695,26.25785,28.66932,75.33652
1808,52:38.8,22.28833,12.187,-6.64695,26.25785,28.66932,75.33652
1809,52:38.8,22.28833,12.187,-6.64695,26.25785,28.66932,75.33652
1810,52:38.8,21.84479,12.56489,-6.65195,26.06376,29.90706,75.21348
1811,52:38.9,21.84479,12.56489,-6.65195,26.06376,29.90706,75.21348
1812,52:38.9,21.84479,12.56489,-6.65195,26.06376,29.90706,75.21348
1813,52:38.9,21.40124,12.94278,-6.65395,25.88056,31.16421,75.10181
1814,52:39.0,21.40124,12.94278,-6.65395,25.88056,31.16421,75.10181
1815,52:39.0,21.40124,12.94278,-6.65395,25.88056,31.16421,75.10181
1816,52:39.0,20.95769,13.32067,-6.64995,25.70772,32.43998,75.00853
1817,52:39.1,20.95769,13.32067,-6.64995,25.70772,32.43998,75.00853
1818,52:39.1,20.95769,13.32067,-6.64995,25.70772,32.43998,75.00853
1819,52:39.1,20.51414,13.69857,-6.64695,25.54726,33.7335,74.9191
1820,52:39.2,20.51414,13.69857,-6.64695,25.54726,33.7335,74.9191
1821,52:39.2,20.51414,13.69857,-6.64695,25.54726,33.7335,74.9191
1822,52:39.2,20.07059,14.07646,-6.64495,25.39942,35.0438,74.83389
1823,52:39.3,20.07059,14.07646,-6.64495,25.39942,35.0438,74.83389
1824,52:39.3,20.07059,14.07646,-6.64495,25.39942,35.0438,74.83389
1825,52:39.3,19.62704,14.45435,-6.64595,25.26495,36.36982,74.74886
1826,52:39.4,19.62704,14.45435,-6.64595,25.26495,36.36982,74.74886
1827,52:39.4,19.62704,14.45435,-6.64595,25.26495,36.36982,74.74886
1828,52:39.4,19.18349,14.83224,-6.64495,25.14273,37.71038,74.67527
1829,52:39.5,19.18349,14.83224,-6.64495,25.14273,37.71038,74.67527
1830,52:39.5,19.18349,14.83224,-6.64495,25.14273,37.71038,74.67527
1831,52:39.5,18.73994,15.3046,-6.63895,25.08968,39.23795,74.65628
1832,52:39.6,18.73994,15.3046,-6.63895,25.08968,39.23795,74.65628
1833,52:39.6,18.73994,15.3046,-6.63895,25.08968,39.23795,74.65628
1834,52:39.6,18.29639,15.68249,-6.62595,24.99203,40.60107,74.62576
1835,52:39.7,18.29639,15.68249,-6.62595,24.99203,40.60107,74.62576
1836,52:39.7,18.29639,15.68249,-6.62595,24.99203,40.60107,74.62576
1837,52:39.7,17.85284,16.15486,-6.61095,24.96814,42.14163,74.64638
1838,52:39.8,17.85284,16.15486,-6.61095,24.96814,42.14163,74.64638
1839,52:39.8,17.85284,16.15486,-6.61095,24.96814,42.14163,74.64638
1840,52:39.8,17.2984,16.62722,-6.58495,24.88093,43.86661,74.65333
1841,52:39.9,17.2984,16.62722,-6.58495,24.88093,43.86661,74.65333
1842,52:39.9,17.2984,16.62722,-6.58495,24.88093,43.86661,74.65333
1843,52:39.9,16.85485,17.00511,-6.57995,24.83054,45.25426,74.63338
1844,52:40.0,16.85485,17.00511,-6.57995,24.83054,45.25426,74.63338
1845,52:40.0,16.85485,17.00511,-6.57995,24.83054,45.25426,74.63338
1846,52:40.0,16.30041,17.57195,-6.57895,24.85477,47.14981,74.65112
1847,52:40.1,16.30041,17.57195,-6.57895,24.85477,47.14981,74.65112
1848,52:40.1,16.30041,17.57195,-6.57895,24.85477,47.14981,74.65112
1849,52:40.1,15.85686,18.04431,-6.57895,24.90622,48.69184,74.6836
1850,52:40.2,15.85686,18.04431,-6.57895,24.90622,48.69184,74.6836
1851,52:40.2,15.85686,18.04431,-6.57895,24.90622,48.69184,74.6836
1852,52:40.2,15.30243,18.51667,-6.57995,24.90637,50.42922,74.68131
1853,52:40.3,15.30243,18.51667,-6.57995,24.90637,50.42922,74.68131
1854,52:40.3,15.30243,18.51667,-6.57995,24.90637,50.42922,74.68131
1855,52:40.3,14.96976,19.08351,-6.58195,25.13158,51.88814,74.81718
1856,52:40.4,14.96976,19.08351,-6.58195,25.13158,51.88814,74.81718
1857,52:40.4,14.96976,19.08351,-6.58195,25.13158,51.88814,74.81718
1858,52:40.4,14.52621,19.65034,-6.58695,25.30879,53.52691,74.91431
1859,52:40.5,14.52621,19.65034,-6.58695,25.30879,53.52691,74.91431
1860,52:40.5,14.52621,19.65034,-6.58695,25.30879,53.52691,74.91431
1861,52:40.5,14.08266,20.21718,-6.59795,25.50664,55.14012,75.00849
1862,52:40.6,14.08266,20.21718,-6.59795,25.50664,55.14012,75.00849
1863,52:40.6,14.08266,20.21718,-6.59795,25.50664,55.14012,75.00849
1864,52:40.6,13.86089,20.78402,-6.62295,25.84498,56.30063,75.15193
1865,52:40.7,13.86089,20.78402,-6.62295,25.84498,56.30063,75.15193
1866,52:40.7,13.86089,20.78402,-6.62295,25.84498,56.30063,75.15193
1867,52:40.7,13.52823,21.35085,-6.63895,26.13326,57.64103,75.28317
1868,52:40.8,13.52823,21.35085,-6.63895,26.13326,57.64103,75.28317
1869,52:40.8,13.52823,21.35085,-6.63895,26.13326,57.64103,75.28317
1870,52:40.8,13.30645,22.01216,-6.64595,26.56625,58.84685,75.51272
1871,52:40.9,13.30645,22.01216,-6.64595,26.56625,58.84685,75.51272
1872,52:40.9,13.30645,22.01216,-6.64595,26.56625,58.84685,75.51272
1873,52:40.9,13.08467,22.579,-6.64195,26.92834,59.90744,75.72048
1874,52:41.0,13.08467,22.579,-6.64195,26.92834,59.90744,75.72048
1875,52:41.0,13.08467,22.579,-6.64195,26.92834,59.90744,75.72048
1876,52:41.0,13.08467,23.14584,-6.64394,27.40585,60.5199,75.97011
1877,52:41.1,13.08467,23.14584,-6.64394,27.40585,60.5199,75.97011
1878,52:41.1,13.08467,23.14584,-6.64394,27.40585,60.5199,75.97011
1879,52:41.1,13.08467,23.71267,-6.63594,27.88432,61.11005,76.23258
1880,52:41.2,13.08467,23.71267,-6.63594,27.88432,61.11005,76.23258
1881,52:41.2,13.08467,23.71267,-6.63594,27.88432,61.11005,76.23258
1882,52:41.2,12.97378,24.37398,-6.62594,28.39565,61.97452,76.506
1883,52:41.3,12.97378,24.37398,-6.62594,28.39565,61.97452,76.506
1884,52:41.3,12.97378,24.37398,-6.62594,28.39565,61.97452,76.506
1885,52:41.3,12.97378,24.94082,-6.61694,28.88161,62.51733,76.75558
1886,52:41.4,12.97378,24.94082,-6.61694,28.88161,62.51733,76.75558
1887,52:41.4,12.97378,24.94082,-6.61694,28.88161,62.51733,76.75558
1888,52:41.4,13.08467,25.60213,-6.60394,29.50067,62.92946,77.06432
1889,52:41.5,13.08467,25.60213,-6.60394,29.50067,62.92946,77.06432
1890,52:41.5,13.08467,25.60213,-6.60394,29.50067,62.92946,77.06432
1891,52:41.5,13.19555,26.16897,-6.59093,30.0396,63.24073,77.32573
1892,52:41.6,13.19555,26.16897,-6.59093,30.0396,63.24073,77.32573
1893,52:41.6,13.19555,26.16897,-6.59093,30.0396,63.24073,77.32573
1894,52:41.6,13.30644,26.7358,-6.57893,30.58017,63.54042,77.57643
1895,52:41.7,13.30644,26.7358,-6.57893,30.58017,63.54042,77.57643
1896,52:41.7,13.30644,26.7358,-6.57893,30.58017,63.54042,77.57643
1897,52:41.7,13.52821,27.20817,-6.57193,31.08838,63.56291,77.79588
1898,52:41.8,13.52821,27.20817,-6.57193,31.08838,63.56291,77.79588
1899,52:41.8,13.52821,27.20817,-6.57193,31.08838,63.56291,77.79588
1900,52:41.8,13.86087,27.775,-6.56392,31.7279,63.47891,78.06032
1901,52:41.9,13.86087,27.775,-6.56392,31.7279,63.47891,78.06032
1902,52:41.9,13.86087,27.775,-6.56392,31.7279,63.47891,78.06032
1903,52:41.9,14.08264,28.1529,-6.55692,32.15431,63.42486,78.23369
1904,52:42.0,14.08264,28.1529,-6.55692,32.15431,63.42486,78.23369
1905,52:42.0,14.08264,28.1529,-6.55692,32.15431,63.42486,78.23369
1906,52:42.0,14.41531,28.53079,-6.55192,32.63027,63.19461,78.41668
1907,52:42.1,14.41531,28.53079,-6.55192,32.63027,63.19461,78.41668
1908,52:42.1,14.41531,28.53079,-6.55192,32.63027,63.19461,78.41668
1909,52:42.1,14.74797,28.81421,-6.54592,33.02439,62.89529,78.56742
1910,52:42.2,14.74797,28.81421,-6.54592,33.02439,62.89529,78.56742
1911,52:42.2,14.74797,28.81421,-6.54592,33.02439,62.89529,78.56742
1912,52:42.2,15.19151,29.09763,-6.53492,33.46878,62.43149,78.74043
1913,52:42.3,15.19151,29.09763,-6.53492,33.46878,62.43149,78.74043
1914,52:42.3,15.19151,29.09763,-6.53492,33.46878,62.43149,78.74043
1915,52:42.3,15.63506,29.38105,-6.52491,33.91571,61.98042,78.90793
1916,52:42.4,15.63506,29.38105,-6.52491,33.91571,61.98042,78.90793
1917,52:42.4,15.63506,29.38105,-6.52491,33.91571,61.98042,78.90793
1918,52:42.4,16.07861,29.66447,-6.51391,34.36471,61.54161,79.07334
1919,52:42.5,16.07861,29.66447,-6.51391,34.36471,61.54161,79.07334
1920,52:42.5,16.07861,29.66447,-6.51391,34.36471,61.54161,79.07334
1921,52:42.5,16.52216,29.85341,-6.49891,34.7339,61.03798,79.21608
1922,52:42.6,16.52216,29.85341,-6.49891,34.7339,61.03798,79.21608
1923,52:42.6,16.52216,29.85341,-6.49891,34.7339,61.03798,79.21608
1924,52:42.6,16.96571,29.94789,-6.46691,35.02188,60.46811,79.35908
1925,52:42.7,16.96571,29.94789,-6.46691,35.02188,60.46811,79.35908
1926,52:42.7,16.96571,29.94789,-6.46691,35.02188,60.46811,79.35908
1927,52:42.7,17.40926,30.04236,-6.45191,35.31647,59.90812,79.47361
1928,52:42.8,17.40926,30.04236,-6.45191,35.31647,59.90812,79.47361
1929,52:42.8,17.40926,30.04236,-6.45191,35.31647,59.90812,79.47361
1930,52:42.8,17.85281,30.13684,-6.4419,35.6153,59.35786,79.57929
1931,52:42.9,17.85281,30.13684,-6.4419,35.6153,59.35786,79.57929
1932,52:42.9,17.85281,30.13684,-6.4419,35.6153,59.35786,79.57929
1933,52:42.9,18.29636,30.13684,-6.4329,35.83808,58.73767,79.65942
1934,52:43.0,18.29636,30.13684,-6.4329,35.83808,58.73767,79.65942
1935,52:43.0,18.29636,30.13684,-6.4329,35.83808,58.73767,79.65942
1936,52:43.0,18.7399,30.04237,-6.4249,35.98621,58.0448,79.71539
1937,52:43.1,18.7399,30.04237,-6.4249,35.98621,58.0448,79.71539
1938,52:43.1,18.7399,30.04237,-6.4249,35.98621,58.0448,79.71539
1939,52:43.1,19.07257,29.94789,-6.4189,36.08104,57.50864,79.7524
1940,52:43.2,19.07257,29.94789,-6.4189,36.08104,57.50864,79.7524
1941,52:43.2,19.07257,29.94789,-6.4189,36.08104,57.50864,79.7524
1942,52:43.2,19.51612,29.75895,-6.4119,36.16056,56.74287,79.78645
1943,52:43.3,19.51612,29.75895,-6.4119,36.16056,56.74287,79.78645
1944,52:43.3,19.51612,29.75895,-6.4119,36.16056,56.74287,79.78645
1945,52:43.3,19.84878,29.66448,-6.4049,36.26262,56.21315,79.82674
1946,52:43.4,19.84878,29.66448,-6.4049,36.26262,56.21315,79.82674
1947,52:43.4,19.84878,29.66448,-6.4049,36.26262,56.21315,79.82674
1948,52:43.4,20.18144,29.38106,-6.4019,36.21494,55.51537,79.81802
1949,52:43.5,20.18144,29.38106,-6.4019,36.21494,55.51537,79.81802
1950,52:43.5,20.18144,29.38106,-6.4019,36.21494,55.51537,79.81802
1951,52:43.5,20.40322,29.09764,-6.3959,36.10916,54.96193,79.79755
1952,52:43.6,20.40322,29.09764,-6.3959,36.10916,54.96193,79.79755
1953,52:43.6,20.40322,29.09764,-6.3959,36.10916,54.96193,79.79755
1954,52:43.6,20.62499,28.81422,-6.3969,36.00792,54.40521,79.76694
1955,52:43.7,20.62499,28.81422,-6.3969,36.00792,54.40521,79.76694
1956,52:43.7,20.62499,28.81422,-6.3969,36.00792,54.40521,79.76694
1957,52:43.7,20.84677,28.53081,-6.3999,35.91035,53.84531,79.73397
1958,52:43.8,20.84677,28.53081,-6.3999,35.91035,53.84531,79.73397
1959,52:43.8,20.84677,28.53081,-6.3999,35.91035,53.84531,79.73397
1960,52:43.8,21.06854,28.24739,-6.4189,35.819,53.28229,79.67661
1961,52:43.9,21.06854,28.24739,-6.4189,35.819,53.28229,79.67661
1962,52:43.9,21.06854,28.24739,-6.4189,35.819,53.28229,79.67661
1963,52:43.9,21.17943,27.8695,-6.4249,35.58871,52.76697,79.59925
1964,52:44.0,21.17943,27.8695,-6.4249,35.58871,52.76697,79.59925
1965,52:44.0,21.17943,27.8695,-6.4249,35.58871,52.76697,79.59925
1966,52:44.0,21.17943,27.58608,-6.44091,35.37012,52.48446,79.50789
1967,52:44.1,21.17943,27.58608,-6.44091,35.37012,52.48446,79.50789
1968,52:44.1,21.17943,27.58608,-6.44091,35.37012,52.48446,79.50789
1969,52:44.1,21.29032,27.30266,-6.45491,35.21901,52.05328,79.43919
1970,52:44.2,21.29032,27.30266,-6.45491,35.21901,52.05328,79.43919
1971,52:44.2,21.29032,27.30266,-6.45491,35.21901,52.05328,79.43919
1972,52:44.2,21.29032,26.92477,-6.47891,34.93132,51.66539,79.31114
1973,52:44.3,21.29032,26.92477,-6.47891,34.93132,51.66539,79.31114
1974,52:44.3,21.29032,26.92477,-6.47891,34.93132,51.66539,79.31114
1975,52:44.3,21.29032,26.64135,-6.48391,34.71427,51.37005,79.23511
1976,52:44.4,21.29032,26.64135,-6.48391,34.71427,51.37005,79.23511
1977,52:44.4,21.29032,26.64135,-6.48391,34.71427,51.37005,79.23511
1978,52:44.4,21.40121,26.26346,-6.48091,34.49323,50.82457,79.17037
1979,52:44.5,21.40121,26.26346,-6.48091,34.49323,50.82457,79.17037
1980,52:44.5,21.40121,26.26346,-6.48091,34.49323,50.82457,79.17037
1981,52:44.5,21.40121,25.88557,-6.47391,34.20506,50.41734,79.08995
1982,52:44.6,21.40121,25.88557,-6.47391,34.20506,50.41734,79.08995
1983,52:44.6,21.40121,25.88557,-6.47391,34.20506,50.41734,79.08995
1984,52:44.6,21.5121,25.50768,-6.45991,33.98739,49.85713,79.04325
1985,52:44.7,21.5121,25.50768,-6.45991,33.98739,49.85713,79.04325
1986,52:44.7,21.5121,25.50768,-6.45991,33.98739,49.85713,79.04325
1987,52:44.7,21.5121,25.12978,-6.44791,33.7024,49.43515,78.97022
1988,52:44.8,21.5121,25.12978,-6.44791,33.7024,49.43515,78.97022
1989,52:44.8,21.5121,25.12978,-6.44791,33.7024,49.43515,78.97022
1990,52:44.8,21.62299,24.75189,-6.43492,33.49057,48.85989,78.92224
1991,52:44.9,21.62299,24.75189,-6.43492,33.49057,48.85989,78.92224
1992,52:44.9,21.62299,24.75189,-6.43492,33.49057,48.85989,78.92224
1993,52:44.9,21.73388,24.27953,-6.42692,33.21389,48.16661,78.84284
1994,52:45.0,21.73388,24.27953,-6.42692,33.21389,48.16661,78.84284
1995,52:45.0,21.73388,24.27953,-6.42692,33.21389,48.16661,78.84284
1996,52:45.0,21.73388,23.90164,-6.40992,32.93534,47.7196,78.7774
1997,52:45.1,21.73388,23.90164,-6.40992,32.93534,47.7196,78.7774
1998,52:45.1,21.73388,23.90164,-6.40992,32.93534,47.7196,78.7774
1999,52:45.1,21.84477,23.42927,-6.40592,32.66742,47.00443,78.6913
2000,52:45.2,21.84477,23.42927,-6.40592,32.66742,47.00443,78.6913
2001,52:45.2,21.84477,23.42927,-6.40592,32.66742,47.00443,78.6913
2002,52:45.2,21.84477,22.86244,-6.40492,32.2631,46.304,78.54948
2003,52:45.3,21.84477,22.86244,-6.40492,32.2631,46.304,78.54948
2004,52:45.3,21.84477,22.86244,-6.40492,32.2631,46.304,78.54948
2005,52:45.3,21.95566,22.2956,-6.40892,31.94086,45.44014,78.42505
2006,52:45.4,21.95566,22.2956,-6.40892,31.94086,45.44014,78.42505
2007,52:45.4,21.95566,22.2956,-6.40892,31.94086,45.44014,78.42505
2008,52:45.4,22.06654,21.72876,-6.42492,31.62833,44.5581,78.27946
2009,52:45.5,22.06654,21.72876,-6.42492,31.62833,44.5581,78.27946
2010,52:45.5,22.06654,21.72876,-6.42492,31.62833,44.5581,78.27946
2011,52:45.5,22.17743,21.16193,-6.43593,31.3223,43.65772,78.14274
2012,52:45.6,22.17743,21.16193,-6.43593,31.3223,43.65772,78.14274
2013,52:45.6,22.17743,21.16193,-6.43593,31.3223,43.65772,78.14274
2014,52:45.6,22.17743,20.50061,-6.44593,30.88145,42.75001,77.95198
2015,52:45.7,22.17743,20.50061,-6.44593,30.88145,42.75001,77.95198
2016,52:45.7,22.17743,20.50061,-6.44593,30.88145,42.75001,77.95198
2017,52:45.7,22.28832,19.93378,-6.45293,30.59028,41.80817,77.82214
2018,52:45.8,22.28832,19.93378,-6.45293,30.59028,41.80817,77.82214
2019,52:45.8,22.28832,19.93378,-6.45293,30.59028,41.80817,77.82214
2020,52:45.8,22.39921,19.27247,-6.46993,30.24918,40.70898,77.64971
2021,52:45.9,22.39921,19.27247,-6.46993,30.24918,40.70898,77.64971
2022,52:45.9,22.39921,19.27247,-6.46993,30.24918,40.70898,77.64971
2023,52:45.9,22.39921,18.61116,-6.47593,29.8335,39.72267,77.46305
2024,52:46.0,22.39921,18.61116,-6.47593,29.8335,39.72267,77.46305
2025,52:46.0,22.39921,18.61116,-6.47593,29.8335,39.72267,77.46305
2026,52:46.0,22.5101,17.94985,-6.48393,29.51174,38.56932,77.30818
2027,52:46.1,22.5101,17.94985,-6.48393,29.51174,38.56932,77.30818
2028,52:46.1,22.5101,17.94985,-6.48393,29.51174,38.56932,77.30818
2029,52:46.1,22.62099,17.28854,-6.49094,29.20163,37.38959,77.15702
2030,52:46.2,22.62099,17.28854,-6.49094,29.20163,37.38959,77.15702
2031,52:46.2,22.62099,17.28854,-6.49094,29.20163,37.38959,77.15702
2032,52:46.2,22.62099,16.62723,-6.49694,28.81639,36.3172,76.97008
2033,52:46.3,22.62099,16.62723,-6.49694,28.81639,36.3172,76.97008
2034,52:46.3,22.62099,16.62723,-6.49694,28.81639,36.3172,76.97008
2035,52:46.3,22.73188,15.87144,-6.50294,28.47682,34.92283,76.79952
2036,52:46.4,22.73188,15.87144,-6.50294,28.47682,34.92283,76.79952
2037,52:46.4,22.73188,15.87144,-6.50294,28.47682,34.92283,76.79952
2038,52:46.4,22.84277,15.21013,-6.50894,28.20472,33.65815,76.65731
2039,52:46.5,22.84277,15.21013,-6.50894,28.20472,33.65815,76.65731
2040,52:46.5,22.84277,15.21013,-6.50894,28.20472,33.65815,76.65731
2041,52:46.5,22.84277,14.54882,-6.51194,27.85437,32.49353,76.47997
2042,52:46.6,22.84277,14.54882,-6.51194,27.85437,32.49353,76.47997
2043,52:46.6,22.84277,14.54882,-6.51194,27.85437,32.49353,76.47997
2044,52:46.6,22.95366,13.79304,-6.51194,27.55946,31.00201,76.3325
2045,52:46.7,22.95366,13.79304,-6.51194,27.55946,31.00201,76.3325
2046,52:46.7,22.95366,13.79304,-6.51194,27.55946,31.00201,76.3325
2047,52:46.7,23.06454,13.13173,-6.51194,27.32803,29.6549,76.21447
2048,52:46.8,23.06454,13.13173,-6.51194,27.32803,29.6549,76.21447
2049,52:46.8,23.06454,13.13173,-6.51194,27.32803,29.6549,76.21447
2050,52:46.8,23.17543,12.37595,-6.51595,27.06884,28.10273,76.07111
2051,52:46.9,23.17543,12.37595,-6.51595,27.06884,28.10273,76.07111
2052,52:46.9,23.17543,12.37595,-6.51595,27.06884,28.10273,76.07111
2053,52:46.9,23.28632,11.71464,-6.51795,26.86948,26.70558,75.96125
2054,52:47.0,23.28632,11.71464,-6.51795,26.86948,26.70558,75.96125
2055,52:47.0,23.28632,11.71464,-6.51795,26.86948,26.70558,75.96125
2056,52:47.0,23.28632,11.1478,-6.51895,26.62748,25.58172,75.82879
2057,52:47.1,23.28632,11.1478,-6.51895,26.62748,25.58172,75.82879
2058,52:47.1,23.28632,11.1478,-6.51895,26.62748,25.58172,75.82879
2059,52:47.1,23.39721,10.48649,-6.51395,26.45425,24.14164,75.7452
2060,52:47.2,23.39721,10.48649,-6.51395,26.45425,24.14164,75.7452
2061,52:47.2,23.5081,9.73071,-6.50695,26.26133,22.48613,75.65401
2062,52:47.2,23.5081,9.73071,-6.50695,26.26133,22.48613,75.65401
2063,52:47.3,23.5081,9.73071,-6.50695,26.26133,22.48613,75.65401
2064,52:47.3,23.5081,9.73071,-6.50695,26.26133,22.48613,75.65401
2065,52:47.3,23.61898,8.97492,-6.50095,26.08962,20.80618,75.57114
2066,52:47.4,23.61898,8.97492,-6.50095,26.08962,20.80618,75.57114
2067,52:47.4,23.61898,8.97492,-6.50095,26.08962,20.80618,75.57114
2068,52:47.4,23.72987,8.12467,-6.48995,25.90823,18.90025,75.49304
2069,52:47.5,23.72987,8.12467,-6.48995,25.90823,18.90025,75.49304
2070,52:47.5,23.72987,8.12467,-6.48995,25.90823,18.90025,75.49304
2071,52:47.5,23.84076,7.36889,-6.48395,25.78224,17.17574,75.43436
2072,52:47.6,23.84076,7.36889,-6.48395,25.78224,17.17574,75.43436
2073,52:47.6,23.95165,6.6131,-6.47495,25.67761,15.43495,75.39444
2074,52:47.6,23.95165,6.6131,-6.47495,25.67761,15.43495,75.39444
2075,52:47.7,23.95165,6.6131,-6.47495,25.67761,15.43495,75.39444
2076,52:47.7,24.06254,5.85732,-6.46895,25.59612,13.68091,75.36078
2077,52:47.7,24.06254,5.85732,-6.46895,25.59612,13.68091,75.36078
2078,52:47.8,24.06254,5.85732,-6.46895,25.59612,13.68091,75.36078
2079,52:47.8,24.06254,5.85732,-6.46895,25.59612,13.68091,75.36078
2080,52:47.8,24.17342,5.00706,-6.45995,25.51776,11.70225,75.3357
2081,52:47.9,24.17342,5.00706,-6.45995,25.51776,11.70225,75.3357
2082,52:47.9,24.17342,5.00706,-6.45995,25.51776,11.70225,75.3357
2083,52:47.9,24.28431,4.25128,-6.45795,25.48541,9.92974,75.32132
2084,52:48.0,24.28431,4.25128,-6.45795,25.48541,9.92974,75.32132
2085,52:48.0,24.3952,3.4955,-6.45995,25.47695,8.1542,75.31169
2086,52:48.0,24.3952,3.4955,-6.45995,25.47695,8.1542,75.31169
2087,52:48.1,24.3952,3.4955,-6.45995,25.47695,8.1542,75.31169
2088,52:48.1,24.50609,2.73971,-6.46395,25.4919,6.37902,75.3112
2089,52:48.1,24.50609,2.73971,-6.46395,25.4919,6.37902,75.3112
2090,52:48.2,24.50609,2.73971,-6.46395,25.4919,6.37902,75.3112
2091,52:48.2,24.61697,1.98393,-6.46695,25.52945,4.60762,75.32633
2092,52:48.2,24.61697,1.98393,-6.46695,25.52945,4.60762,75.32633
2093,52:48.3,24.61697,1.98393,-6.46695,25.52945,4.60762,75.32633
2094,52:48.3,24.61697,1.98393,-6.46695,25.52945,4.60762,75.32633
2095,52:48.3,24.72786,1.22815,-6.46795,25.58925,2.84335,75.35908
2096,52:48.4,24.72786,1.22815,-6.46795,25.58925,2.84335,75.35908
2097,52:48.4,24.72786,0.37789,-6.46795,25.56256,0.87553,75.34344
2098,52:48.4,24.72786,0.37789,-6.46795,25.56256,0.87553,75.34344
2099,52:48.5,24.72786,0.37789,-6.46795,25.56256,0.87553,75.34344
2100,52:48.5,24.72786,-0.37789,-6.47195,25.56357,-0.87553,75.33477
2101,52:48.5,24.72786,-0.37789,-6.47195,25.56357,-0.87553,75.33477
2102,52:48.6,24.72786,-0.37789,-6.47195,25.56357,-0.87553,75.33477
2103,52:48.6,24.61697,-1.13367,-6.48095,25.48104,-2.63675,75.26528
2104,52:48.6,24.61697,-1.13367,-6.48095,25.48104,-2.63675,75.26528
2105,52:48.7,24.61697,-1.13367,-6.48095,25.48104,-2.63675,75.26528
2106,52:48.7,24.50609,-1.79499,-6.48795,25.41385,-4.18923,75.20911
2107,52:48.7,24.50609,-1.79499,-6.48795,25.41385,-4.18923,75.20911
2108,52:48.8,24.50609,-1.79499,-6.48795,25.41385,-4.18923,75.20911
2109,52:48.8,24.50609,-1.79499,-6.48795,25.41385,-4.18923,75.20911
2110,52:48.8,24.28431,-2.55077,-6.48895,25.26541,-5.99623,75.11786
2111,52:48.9,24.28431,-2.55077,-6.48895,25.26541,-5.99623,75.11786
2112,52:48.9,24.17342,-3.11761,-6.49195,25.22339,-7.34878,75.08544
2113,52:48.9,24.17342,-3.11761,-6.49295,25.22365,-7.34878,75.08325
2114,52:49.0,24.17342,-3.11761,-6.49295,25.22365,-7.34878,75.08325
2115,52:49.0,23.84076,-3.58997,-6.50495,24.97167,-8.56333,74.90066
2116,52:49.0,23.84076,-3.58997,-6.50495,24.97167,-8.56333,74.90066
2117,52:49.1,23.84076,-3.58997,-6.50495,24.97167,-8.56333,74.90066
2118,52:49.1,23.84076,-3.58997,-6.50495,24.97167,-8.56333,74.90066
2119,52:49.1,23.61899,-4.15681,-6.51095,24.85011,-9.98151,74.81069
2120,52:49.2,23.61899,-4.15681,-6.51095,24.85011,-9.98151,74.81069
2121,52:49.2,23.28633,-4.72364,-6.51296,24.63705,-11.46689,74.6713
2122,52:49.2,23.28633,-4.72364,-6.51296,24.63705,-11.46689,74.6713
2123,52:49.3,23.28633,-4.72364,-6.51296,24.63705,-11.46689,74.6713
2124,52:49.3,22.95366,-5.29048,-6.51496,24.43981,-12.97917,74.53965
2125,52:49.3,22.95366,-5.29048,-6.51496,24.43981,-12.97917,74.53965
2126,52:49.4,22.95366,-5.29048,-6.51496,24.43981,-12.97917,74.53965
2127,52:49.4,22.51011,-5.76285,-6.51396,24.13187,-14.35995,74.3398
2128,52:49.4,22.51011,-5.76285,-6.51396,24.13187,-14.35995,74.3398
2129,52:49.5,22.51011,-5.76285,-6.51396,24.13187,-14.35995,74.3398
2130,52:49.5,22.06657,-6.23521,-6.50696,23.83593,-15.77837,74.15776
2131,52:49.5,22.06657,-6.23521,-6.50696,23.83593,-15.77837,74.15776
2132,52:49.6,22.06657,-6.23521,-6.50696,23.83593,-15.77837,74.15776
2133,52:49.6,21.62302,-6.70757,-6.49596,23.553,-17.23417,73.9902
2134,52:49.6,21.62302,-6.70757,-6.49596,23.553,-17.23417,73.9902
2135,52:49.7,21.62302,-6.70757,-6.49596,23.553,-17.23417,73.9902
2136,52:49.7,21.62302,-6.70757,-6.49596,23.553,-17.23417,73.9902
2137,52:49.7,21.17947,-6.99099,-6.49096,23.22878,-18.2672,73.77345
2138,52:49.8,21.17947,-6.99099,-6.49096,23.22878,-18.2672,73.77345
2139,52:49.8,20.62503,-7.36888,-6.48196,22.84093,-19.66073,73.51364
2140,52:49.8,20.62503,-7.36888,-6.48196,22.84093,-19.66073,73.51364
2141,52:49.9,20.62503,-7.36888,-6.48196,22.84093,-19.66073,73.51364
2142,52:49.9,20.18148,-7.55783,-6.48396,22.50455,-20.53059,73.25469
2143,52:49.9,20.18148,-7.55783,-6.48396,22.50455,-20.53059,73.25469
2144,52:50.0,20.18148,-7.55783,-6.48396,22.50455,-20.53059,73.25469
2145,52:50.0,20.18148,-7.55783,-6.48396,22.50455,-20.53059,73.25469
2146,52:50.0,19.73793,-7.74677,-6.48996,22.17472,-21.42909,72.98188
2147,52:50.1,19.73793,-7.74677,-6.48996,22.17472,-21.42909,72.98188
2148,52:50.1,19.1835,-7.84125,-6.49697,21.71871,-22.23227,72.59395
2149,52:50.1,19.1835,-7.84125,-6.49797,21.71901,-22.23227,72.59144
2150,52:50.2,19.1835,-7.84125,-6.49797,21.71901,-22.23227,72.59144
2151,52:50.2,19.1835,-7.84125,-6.49797,21.71901,-22.23227,72.59144
2152,52:50.2,18.73995,-7.93572,-6.51097,21.36712,-22.95098,72.25874
2153,52:50.3,18.73995,-7.93572,-6.51097,21.36712,-22.95098,72.25874
2154,52:50.3,18.18551,-7.93572,-6.51297,20.88318,-23.5753,71.82766
2155,52:50.3,18.18551,-7.93572,-6.51297,20.88318,-23.5753,71.82766
2156,52:50.4,18.18551,-7.93572,-6.51297,20.88318,-23.5753,71.82766
2157,52:50.4,18.18551,-7.93572,-6.51297,20.88318,-23.5753,71.82766
2158,52:50.4,17.63107,-7.93572,-6.51297,20.40219,-24.23244,71.38369
2159,52:50.5,17.63107,-7.93572,-6.51297,20.40219,-24.23244,71.38369
2160,52:50.5,17.18752,-7.93572,-6.50597,20.01785,-24.78342,71.03391
2161,52:50.5,17.18752,-7.93572,-6.50597,20.01785,-24.78342,71.03391
2162,52:50.6,17.18752,-7.93572,-6.50597,20.01785,-24.78342,71.03391
2163,52:50.6,16.63309,-7.74677,-6.48697,19.46158,-24.9735,70.52946
2164,52:50.6,16.63309,-7.74677,-6.48697,19.46158,-24.9735,70.52946
2165,52:50.7,16.63309,-7.74677,-6.48697,19.46158,-24.9735,70.52946
2166,52:50.7,16.18954,-7.6523,-6.47597,19.04198,-25.29867,70.11768
2167,52:50.7,16.18954,-7.6523,-6.47597,19.04198,-25.29867,70.11768
2168,52:50.8,16.18954,-7.6523,-6.47597,19.04198,-25.29867,70.11768
2169,52:50.8,15.74599,-7.36888,-6.46298,18.54742,-25.07887,69.60704
2170,52:50.8,15.74599,-7.36888,-6.46298,18.54742,-25.07887,69.60704
2171,52:50.9,15.74599,-7.36888,-6.46298,18.54742,-25.07887,69.60704
2172,52:50.9,15.41333,-7.17993,-6.45598,18.18796,-24.97734,69.20907
2173,52:50.9,15.41333,-7.17993,-6.45598,18.18796,-24.97734,69.20907
2174,52:51.0,15.41333,-7.17993,-6.45598,18.18796,-24.97734,69.20907
2175,52:51.0,15.19155,-6.80204,-6.45998,17.85448,-24.12053,68.78843
2176,52:51.0,15.19155,-6.80204,-6.45998,17.85448,-24.12053,68.78843
2177,52:51.1,15.19155,-6.80204,-6.45998,17.85448,-24.12053,68.78843
2178,52:51.1,14.85889,-6.51862,-6.47598,17.47047,-23.68715,68.24235
2179,52:51.1,14.85889,-6.51862,-6.47598,17.47047,-23.68715,68.24235
2180,52:51.2,14.85889,-6.51862,-6.47598,17.47047,-23.68715,68.24235
2181,52:51.2,14.63712,-6.14073,-6.49798,17.15161,-22.75959,67.73719
2182,52:51.2,14.63712,-6.14073,-6.49798,17.15161,-22.75959,67.73719
2183,52:51.3,14.63712,-6.14073,-6.49798,17.15161,-22.75959,67.73719
2184,52:51.3,14.41534,-5.76284,-6.51398,16.83581,-21.79011,67.23749
2185,52:51.3,14.41534,-5.76284,-6.51398,16.83581,-21.79011,67.23749
2186,52:51.4,14.41534,-5.76284,-6.51398,16.83581,-21.79011,67.23749
2187,52:51.4,14.19357,-5.29048,-6.54398,16.50061,-20.44232,66.63481
2188,52:51.4,14.19357,-5.29048,-6.54398,16.50061,-20.44232,66.63481
2189,52:51.5,14.19357,-5.29048,-6.54398,16.50061,-20.44232,66.63481
2190,52:51.5,14.08268,-4.91259,-6.54998,16.2898,-19.23075,66.29104
2191,52:51.5,14.08268,-4.91259,-6.54998,16.2898,-19.23075,66.29104
2192,52:51.6,14.08268,-4.91259,-6.54998,16.2898,-19.23075,66.29104
2193,52:51.6,14.08268,-4.53469,-6.55398,16.18147,-17.84882,66.10699
2194,52:51.6,14.08268,-4.53469,-6.55398,16.18147,-17.84882,66.10699
2195,52:51.7,14.08268,-4.53469,-6.55398,16.18147,-17.84882,66.10699
2196,52:51.7,14.08268,-4.06233,-6.55198,16.05469,-16.09089,65.91421
2197,52:51.7,14.08268,-4.06233,-6.55298,16.0551,-16.09089,65.91095
2198,52:51.8,14.08268,-4.06233,-6.55298,16.0551,-16.09089,65.91095
2199,52:51.8,14.19357,-3.68444,-6.53998,16.05627,-14.55195,65.96363
2200,52:51.8,14.19357,-3.68444,-6.53998,16.05627,-14.55195,65.96363
2201,52:51.9,14.19357,-3.68444,-6.53998,16.05627,-14.55195,65.96363
2202,52:51.9,14.19357,-3.30655,-6.53798,15.97297,-13.11379,65.83817
2203,52:51.9,14.19357,-3.30655,-6.53798,15.97297,-13.11379,65.83817
2204,52:52.0,14.19357,-3.30655,-6.53798,15.97297,-13.11379,65.83817
2205,52:52.0,14.41535,-2.92866,-6.53698,16.09694,-11.48405,66.03986
2206,52:52.0,14.41535,-2.92866,-6.53698,16.09694,-11.48405,66.03986
2207,52:52.1,14.41535,-2.92866,-6.53698,16.09694,-11.48405,66.03986
2208,52:52.1,14.52623,-2.64524,-6.53698,16.14747,-10.32052,66.11952
2209,52:52.1,14.52623,-2.64524,-6.53598,16.14707,-10.32052,66.12276
2210,52:52.2,14.52623,-2.64524,-6.53598,16.14707,-10.32052,66.12276
2211,52:52.2,14.74801,-2.26735,-6.53098,16.28798,-8.74018,66.3612
2212,52:52.2,14.74801,-2.26735,-6.53098,16.28798,-8.74018,66.3612
2213,52:52.3,14.74801,-2.26735,-6.53098,16.28798,-8.74018,66.3612
2214,52:52.3,14.85889,-1.88946,-6.52198,16.33686,-7.24684,66.47065
2215,52:52.3,14.85889,-1.88946,-6.52198,16.33686,-7.24684,66.47065
2216,52:52.4,14.85889,-1.88946,-6.52198,16.33686,-7.24684,66.47065
2217,52:52.4,15.08067,-1.41709,-6.50498,16.48483,-5.36818,66.75871
2218,52:52.4,15.08067,-1.41709,-6.50498,16.48483,-5.36818,66.75871
2219,52:52.5,15.08067,-1.41709,-6.50498,16.48483,-5.36818,66.75871
2220,52:52.5,15.19156,-1.0392,-6.49298,16.55361,-3.91331,66.90608
2221,52:52.5,15.19156,-1.0392,-6.49298,16.55361,-3.91331,66.90608
2222,52:52.6,15.19156,-1.0392,-6.49298,16.55361,-3.91331,66.90608
2223,52:52.6,15.41333,-0.56684,-6.46598,16.72426,-2.10615,67.25548
2224,52:52.6,15.41333,-0.56684,-6.46598,16.72426,-2.10615,67.25548
2225,52:52.7,15.41333,-0.56684,-6.46598,16.72426,-2.10615,67.25548
2226,52:52.7,15.52422,-0.09447,-6.45798,16.81415,-0.34867,67.41336
2227,52:52.7,15.52422,-0.09447,-6.45898,16.81454,-0.34867,67.41021
2228,52:52.8,15.52422,-0.09447,-6.45898,16.81454,-0.34867,67.41021
2229,52:52.8,15.74599,0.37789,-6.45098,17.02041,1.37479,67.72735
2230,52:52.8,15.74599,0.37789,-6.45098,17.02041,1.37479,67.72735
2231,52:52.9,15.74599,0.37789,-6.45098,17.02041,1.37479,67.72735
2232,52:52.9,15.96777,0.85026,-6.44398,17.23999,3.04802,68.05102
2233,52:52.9,15.96777,0.85026,-6.44298,17.23962,3.04802,68.0541
2234,52:53.0,15.96777,0.85026,-6.44298,17.23962,3.04802,68.0541
2235,52:53.0,16.07865,1.41709,-6.42998,17.37458,5.03675,68.27946
2236,52:53.0,16.07865,1.41709,-6.42998,17.37458,5.03675,68.27946
2237,52:53.1,16.07865,1.41709,-6.42998,17.37458,5.03675,68.27946
2238,52:53.1,16.30043,1.98393,-6.42498,17.63293,6.93935,68.63095
2239,52:53.1,16.30043,1.98393,-6.42498,17.63293,6.93935,68.63095
2240,52:53.2,16.30043,1.98393,-6.42498,17.63293,6.93935,68.63095
2241,52:53.2,16.41132,2.55077,-6.41898,17.80564,8.83464,68.86894
2242,52:53.2,16.41132,2.55077,-6.41898,17.80564,8.83464,68.86894
2243,52:53.3,16.41132,2.55077,-6.41898,17.80564,8.83464,68.86894
2244,52:53.3,16.63309,3.1176,-6.42098,18.09995,10.61599,69.22181
2245,52:53.3,16.63309,3.1176,-6.42098,18.09995,10.61599,69.22181
2246,52:53.4,16.63309,3.1176,-6.42098,18.09995,10.61599,69.22181
2247,52:53.4,16.74398,3.68444,-6.42798,18.30996,12.40992,69.44757
2248,52:53.4,16.74398,3.68444,-6.42798,18.30996,12.40992,69.44757
2249,52:53.5,16.74398,3.68444,-6.42798,18.30996,12.40992,69.44757
2250,52:53.5,16.85486,4.25128,-6.43498,18.53561,14.15635,69.68578
2251,52:53.5,16.85486,4.25128,-6.43498,18.53561,14.15635,69.68578
2252,52:53.6,16.85486,4.25128,-6.43498,18.53561,14.15635,69.68578
2253,52:53.6,16.96575,4.91259,-6.43998,18.80009,16.14885,69.96768
2254,52:53.6,16.96575,4.91259,-6.43998,18.80009,16.14885,69.96768
2255,52:53.7,16.96575,4.91259,-6.43998,18.80009,16.14885,69.96768
2256,52:53.7,17.07664,5.47942,-6.44597,19.05745,17.79001,70.23037
2257,52:53.7,17.07664,5.47942,-6.44597,19.05745,17.79001,70.23037
2258,52:53.8,17.07664,5.47942,-6.44597,19.05745,17.79001,70.23037
2259,52:53.8,17.18753,6.14073,-6.46297,19.36207,19.66072,70.50068
2260,52:53.8,17.18753,6.14073,-6.46297,19.36207,19.66072,70.50068
2261,52:53.9,17.18753,6.14073,-6.46297,19.36207,19.66072,70.50068
2262,52:53.9,17.29841,6.80204,-6.46297,19.67925,21.46564,70.82736
2263,52:53.9,17.29841,6.80204,-6.46297,19.67925,21.46564,70.82736
2264,52:54.0,17.29841,6.80204,-6.46297,19.67925,21.46564,70.82736
2265,52:54.0,17.4093,7.36888,-6.45997,19.97787,22.94161,71.13397
2266,52:54.0,17.4093,7.36888,-6.45997,19.97787,22.94161,71.13397
2267,52:54.1,17.4093,7.36888,-6.45997,19.97787,22.94161,71.13397
2268,52:54.1,17.4093,8.03019,-6.45797,20.2305,24.76193,71.38426
2269,52:54.1,17.4093,8.03019,-6.45797,20.2305,24.76193,71.38426
2270,52:54.2,17.4093,8.03019,-6.45797,20.2305,24.76193,71.38426
2271,52:54.2,17.52019,8.6915,-6.46097,20.59717,26.38532,71.71871
2272,52:54.2,17.52019,8.6915,-6.46097,20.59717,26.38532,71.71871
2273,52:54.3,17.52019,8.6915,-6.46097,20.59717,26.38532,71.71871
2274,52:54.3,17.63107,9.35281,-6.46197,20.97825,27.94475,72.05934
2275,52:54.3,17.63107,9.35281,-6.46197,20.97825,27.94475,72.05934
2276,52:54.4,17.63107,9.35281,-6.46197,20.97825,27.94475,72.05934
2277,52:54.4,17.63107,10.10859,-6.46297,21.32623,29.82736,72.35897
2278,52:54.4,17.63107,10.10859,-6.46297,21.32623,29.82736,72.35897
2279,52:54.5,17.63107,10.10859,-6.46297,21.32623,29.82736,72.35897
2280,52:54.5,17.63107,10.7699,-6.46397,21.64783,31.41859,72.62667
2281,52:54.5,17.63107,10.7699,-6.46397,21.64783,31.41859,72.62667
2282,52:54.6,17.63107,10.7699,-6.46397,21.64783,31.41859,72.62667
2283,52:54.6,17.74196,11.52569,-6.46196,22.12183,33.00891,73.0158
2284,52:54.6,17.74196,11.52569,-6.46196,22.12183,33.00891,73.0158
2285,52:54.7,17.74196,11.52569,-6.46196,22.12183,33.00891,73.0158
2286,52:54.7,17.74196,12.187,-6.46196,22.47347,34.48527,73.28942
2287,52:54.7,17.74196,12.187,-6.46296,22.47376,34.48527,73.28698
2288,52:54.8,17.74196,12.187,-6.46296,22.47376,34.48527,73.28698
2289,52:54.8,17.74196,12.94278,-6.46196,22.89213,36.1108,73.60374
2290,52:54.8,17.74196,12.94278,-6.46196,22.89213,36.1108,73.60374
2291,52:54.9,17.74196,12.94278,-6.46196,22.89213,36.1108,73.60374
2292,52:54.9,17.85284,13.60409,-6.45796,23.35595,37.30785,73.94847
2293,52:54.9,17.85284,13.60409,-6.45796,23.35595,37.30785,73.94847
2294,52:55.0,17.85284,13.60409,-6.45796,23.35595,37.30785,73.94847
2295,52:55.0,17.85284,14.35987,-6.45396,23.80301,38.81134,74.26786
2296,52:55.0,17.85284,14.35987,-6.45496,23.80328,38.81134,74.26554
2297,52:55.1,17.85284,14.35987,-6.45496,23.80328,38.81134,74.26554
2298,52:55.1,17.85284,15.02118,-6.44796,24.20611,40.07689,74.5512
2299,52:55.1,17.85284,15.02118,-6.44796,24.20611,40.07689,74.5512
2300,52:55.2,17.85284,15.02118,-6.44796,24.20611,40.07689,74.5512
2301,52:55.2,17.85284,15.77696,-6.43996,24.68014,41.46777,74.87435
2302,52:55.2,17.85284,15.77696,-6.43996,24.68014,41.46777,74.87435
2303,52:55.3,17.85284,15.77696,-6.43996,24.68014,41.46777,74.87435
2304,52:55.3,17.85284,16.53275,-6.42995,25.16744,42.80145,75.19755
2305,52:55.3,17.85284,16.53275,-6.42995,25.16744,42.80145,75.19755
2306,52:55.4,17.85284,16.53275,-6.42995,25.16744,42.80145,75.19755
2307,52:55.4,17.96372,17.28853,-6.40795,25.742,43.90274,75.58581
2308,52:55.4,17.96372,17.28853,-6.40795,25.742,43.90274,75.58581
2309,52:55.5,17.96372,17.28853,-6.40795,25.742,43.90274,75.58581
2310,52:55.5,18.07461,17.94984,-6.40195,26.26544,44.80156,75.89259
2311,52:55.5,18.07461,17.94984,-6.40195,26.26544,44.80156,75.89259
2312,52:55.6,18.07461,17.94984,-6.40195,26.26544,44.80156,75.89259
2313,52:55.6,18.1855,18.70562,-6.40295,26.8628,45.80776,76.21039
2314,52:55.6,18.1855,18.70562,-6.40295,26.8628,45.80776,76.21039
2315,52:55.7,18.1855,18.70562,-6.40295,26.8628,45.80776,76.21039
2316,52:55.7,18.29638,19.36693,-6.40394,27.40157,46.62815,76.48457
2317,52:55.7,18.29638,19.36693,-6.40494,27.40181,46.62815,76.48254
2318,52:55.8,18.29638,19.36693,-6.40494,27.40181,46.62815,76.48254
2319,52:55.8,18.51815,20.12272,-6.39994,28.08567,47.37784,76.82817
2320,52:55.8,18.51815,20.12272,-6.39994,28.08567,47.37784,76.82817
2321,52:55.9,18.51815,20.12272,-6.39994,28.08567,47.37784,76.82817
2322,52:55.9,18.85082,20.68955,-6.39594,28.71095,47.6625,77.12822
2323,52:55.9,18.85082,20.68955,-6.39594,28.71095,47.6625,77.12822
2324,52:56.0,18.85082,20.68955,-6.39594,28.71095,47.6625,77.12822
2325,52:56.0,19.07259,21.35086,-6.38894,29.33328,48.22579,77.41986
2326,52:56.0,19.07259,21.35086,-6.38894,29.33328,48.22579,77.41986
2327,52:56.1,19.07259,21.35086,-6.38894,29.33328,48.22579,77.41986
2328,52:56.1,19.40525,21.9177,-6.38193,29.96128,48.47933,77.70143
2329,52:56.1,19.40525,21.9177,-6.38193,29.96128,48.47933,77.70143
2330,52:56.2,19.40525,21.9177,-6.38193,29.96128,48.47933,77.70143
2331,52:56.2,19.8488,22.48454,-6.38093,30.66342,48.56273,77.98922
2332,52:56.2,19.8488,22.48454,-6.38093,30.66342,48.56273,77.98922
2333,52:56.3,19.8488,22.48454,-6.38093,30.66342,48.56273,77.98922
2334,52:56.3,20.18146,23.05138,-6.36893,31.2925,48.79789,78.25661
2335,52:56.3,20.18146,23.05138,-6.36893,31.2925,48.79789,78.25661
2336,52:56.4,20.18146,23.05138,-6.36893,31.2925,48.79789,78.25661
2337,52:56.4,20.62501,23.52374,-6.35392,31.92381,48.75656,78.51953
2338,52:56.4,20.62501,23.52374,-6.35392,31.92381,48.75656,78.51953
2339,52:56.5,20.62501,23.52374,-6.35392,31.92381,48.75656,78.51953
2340,52:56.5,21.17944,23.90164,-6.34492,32.55941,48.45558,78.76275
2341,52:56.5,21.17944,23.90164,-6.34492,32.55941,48.45558,78.76275
2342,52:56.6,21.17944,23.90164,-6.34492,32.55941,48.45558,78.76275
2343,52:56.6,21.62299,24.27953,-6.34192,33.12505,48.31221,78.96236
2344,52:56.6,21.62299,24.27953,-6.34192,33.12505,48.31221,78.96236
2345,52:56.7,21.62299,24.27953,-6.34192,33.12505,48.31221,78.96236
2346,52:56.7,22.17742,24.56295,-6.33391,33.69414,47.92171,79.16492
2347,52:56.7,22.17742,24.56295,-6.33391,33.69414,47.92171,79.16492
2348,52:56.8,22.17742,24.56295,-6.33391,33.69414,47.92171,79.16492
2349,52:56.8,22.73186,24.84637,-6.32191,34.26436,47.54471,79.36778
2350,52:56.8,22.73186,24.84637,-6.32191,34.26436,47.54471,79.36778
2351,52:56.9,22.73186,24.84637,-6.32191,34.26436,47.54471,79.36778
2352,52:56.9,23.17541,25.12979,-6.30891,34.76216,47.31687,79.54357
2353,52:56.9,23.17541,25.12979,-6.30891,34.76216,47.31687,79.54357
2354,52:57.0,23.17541,25.12979,-6.30891,34.76216,47.31687,79.54357
2355,52:57.0,23.84073,25.22426,-6.29491,35.27421,46.61519,79.72014
2356,52:57.0,23.84073,25.22426,-6.29491,35.27421,46.61519,79.72014
2357,52:57.1,23.84073,25.22426,-6.29491,35.27421,46.61519,79.72014
2358,52:57.1,24.28428,25.31874,-6.2839,35.6406,46.19471,79.84492
2359,52:57.1,24.28428,25.31874,-6.2839,35.6406,46.19471,79.84492
2360,52:57.2,24.28428,25.31874,-6.2839,35.6406,46.19471,79.84492
2361,52:57.2,24.83872,25.41321,-6.2719,36.08504,45.65499,79.99065
2362,52:57.2,24.83872,25.41321,-6.2719,36.08504,45.65499,79.99065
2363,52:57.3,24.83872,25.41321,-6.2719,36.08504,45.65499,79.99065
2364,52:57.3,25.39315,25.41321,-6.2609,36.467,45.02262,80.1141
2365,52:57.3,25.39315,25.41321,-6.2609,36.467,45.02262,80.1141
2366,52:57.4,25.39315,25.41321,-6.2609,36.467,45.02262,80.1141
2367,52:57.4,25.94759,25.41321,-6.2449,36.85251,44.4039,80.24378
2368,52:57.4,25.94759,25.41321,-6.2449,36.85251,44.4039,80.24378
2369,52:57.5,25.94759,25.41321,-6.2449,36.85251,44.4039,80.24378
2370,52:57.5,26.39114,25.31874,-6.23189,37.09943,43.81193,80.32971
2371,52:57.5,26.39114,25.31874,-6.23189,37.09943,43.81193,80.32971
2372,52:57.6,26.39114,25.31874,-6.23189,37.09943,43.81193,80.32971
2373,52:57.6,26.94557,25.22427,-6.21489,37.4293,43.11025,80.44214
2374,52:57.6,26.94557,25.22427,-6.21489,37.4293,43.11025,80.44214
2375,52:57.7,26.94557,25.22427,-6.21489,37.4293,43.11025,80.44214
2376,52:57.7,27.38912,25.03533,-6.20689,37.62256,42.42921,80.50405
2377,52:57.7,27.38912,25.03533,-6.20689,37.62256,42.42921,80.50405
2378,52:57.8,27.38912,25.03533,-6.20689,37.62256,42.42921,80.50405
2379,52:57.8,27.83267,24.84638,-6.19289,37.82,41.75546,80.57558
2380,52:57.8,27.83267,24.84638,-6.19289,37.82,41.75546,80.57558
2381,52:57.9,27.83267,24.84638,-6.19289,37.82,41.75546,80.57558
2382,52:57.9,28.27622,24.65744,-6.18089,38.02285,41.08908,80.64464
2383,52:57.9,28.27622,24.65744,-6.18089,38.02285,41.08908,80.64464
2384,52:58.0,28.27622,24.65744,-6.18089,38.02285,41.08908,80.64464
2385,52:58.0,28.60889,24.37402,-6.16089,38.08566,40.43012,80.6907
2386,52:58.0,28.60889,24.37402,-6.16089,38.08566,40.43012,80.6907
2387,52:58.1,28.60889,24.37402,-6.16089,38.08566,40.43012,80.6907
2388,52:58.1,28.94155,24.0906,-6.14389,38.15387,39.77359,80.73336
2389,52:58.1,28.94155,24.0906,-6.14389,38.15387,39.77359,80.73336
2390,52:58.2,28.94155,24.0906,-6.14389,38.15387,39.77359,80.73336
2391,52:58.2,29.16332,23.80718,-6.12889,38.14242,39.22613,80.75338
2392,52:58.2,29.16332,23.80718,-6.12889,38.14242,39.22613,80.75338
2393,52:58.3,29.16332,23.80718,-6.12889,38.14242,39.22613,80.75338
2394,52:58.3,29.49599,23.42929,-6.11489,38.16198,38.46086,80.77946
2395,52:58.3,29.49599,23.42929,-6.11489,38.16198,38.46086,80.77946
2396,52:58.4,29.49599,23.42929,-6.11489,38.16198,38.46086,80.77946
2397,52:58.4,29.71776,23.14587,-6.10089,38.15885,37.91347,80.79999
2398,52:58.4,29.71776,23.14587,-6.10089,38.15885,37.91347,80.79999
2399,52:58.5,29.71776,23.14587,-6.10089,38.15885,37.91347,80.79999
2400,52:58.5,29.82865,22.76798,-6.09089,38.01616,37.35422,80.78042
2401,52:58.5,29.82865,22.76798,-6.09089,38.01616,37.35422,80.78042
2402,52:58.6,29.82865,22.76798,-6.09089,38.01616,37.35422,80.78042
2403,52:58.6,29.93954,22.39009,-6.08589,37.87783,36.79074,80.75412
2404,52:58.6,29.93954,22.39009,-6.08589,37.87783,36.79074,80.75412
2405,52:58.7,29.93954,22.39009,-6.08589,37.87783,36.79074,80.75412
2406,52:58.7,30.05042,22.0122,-6.08889,37.7444,36.2231,80.71653
2407,52:58.7,30.05042,22.0122,-6.08889,37.7444,36.2231,80.71653
2408,52:58.8,30.05042,22.0122,-6.08889,37.7444,36.2231,80.71653
2409,52:58.8,30.16131,21.63431,-6.09689,37.61542,35.65137,80.67207
2410,52:58.8,30.16131,21.63431,-6.09689,37.61542,35.65137,80.67207
2411,52:58.9,30.16131,21.63431,-6.09689,37.61542,35.65137,80.67207
2412,52:58.9,30.05043,21.25641,-6.10489,37.3113,35.27399,80.58289
2413,52:58.9,30.05043,21.25641,-6.10489,37.3113,35.27399,80.58289
2414,52:59.0,30.05043,21.25641,-6.10489,37.3113,35.27399,80.58289
2415,52:59.0,30.05043,20.97299,-6.12189,37.15336,34.91222,80.51592
2416,52:59.0,30.05043,20.97299,-6.12189,37.15336,34.91222,80.51592
2417,52:59.1,30.05043,20.97299,-6.12189,37.15336,34.91222,80.51592
2418,52:59.1,29.93954,20.5951,-6.1269,36.85204,34.52368,80.42976
2419,52:59.1,29.93954,20.5951,-6.1269,36.85204,34.52368,80.42976
2420,52:59.2,29.93954,20.5951,-6.1269,36.85204,34.52368,80.42976
2421,52:59.2,29.82865,20.21721,-6.1329,36.55266,34.12856,80.34108
2422,52:59.2,29.82865,20.21721,-6.1329,36.55266,34.12856,80.34108
2423,52:59.3,29.82865,20.21721,-6.1329,36.55266,34.12856,80.34108
2424,52:59.3,29.71777,19.93379,-6.1399,36.30703,33.85253,80.26389
2425,52:59.3,29.71777,19.93379,-6.1399,36.30703,33.85253,80.26389
2426,52:59.4,29.71777,19.93379,-6.1399,36.30703,33.85253,80.26389
2427,52:59.4,29.49599,19.5559,-6.1559,35.92133,33.54445,80.13241
2428,52:59.4,29.49599,19.5559,-6.1559,35.92133,33.54445,80.13241
2429,52:59.5,29.49599,19.5559,-6.1559,35.92133,33.54445,80.13241
2430,52:59.5,29.38511,19.17801,-6.1569,35.62566,33.13023,80.04806
2431,52:59.5,29.38511,19.17801,-6.1569,35.62566,33.13023,80.04806
2432,52:59.6,29.38511,19.17801,-6.1569,35.62566,33.13023,80.04806
2433,52:59.6,29.16333,18.80012,-6.15191,35.23904,32.80781,79.94599
2434,52:59.6,29.16333,18.80012,-6.15191,35.23904,32.80781,79.94599
2435,52:59.7,29.16333,18.80012,-6.15191,35.23904,32.80781,79.94599
2436,52:59.7,28.94156,18.42222,-6.14791,34.85382,32.47805,79.84037
2437,52:59.7,28.94156,18.42222,-6.14791,34.85382,32.47805,79.84037
2438,52:59.8,28.94156,18.42222,-6.14791,34.85382,32.47805,79.84037
2439,52:59.8,28.71979,17.94986,-6.13291,34.41854,32.00537,79.73587
2440,52:59.8,28.71979,17.94986,-6.13291,34.41854,32.00537,79.73587
2441,52:59.9,28.71979,17.94986,-6.13291,34.41854,32.00537,79.73587
2442,52:59.9,28.49801,17.47749,-6.12291,33.98661,31.5203,79.62112
2443,52:59.9,28.49801,17.47749,-6.12291,33.98661,31.5203,79.62112
2444,53:00.0,28.49801,17.47749,-6.12291,33.98661,31.5203,79.62112
2445,53:00.0,28.27624,17.00513,-6.11591,33.55778,31.0224,79.49914
2446,53:00.0,28.27624,17.00513,-6.11591,33.55778,31.0224,79.49914
2447,53:00.1,28.27624,17.00513,-6.11591,33.55778,31.0224,79.49914
2448,53:00.1,28.05446,16.53276,-6.12492,33.13457,30.51125,79.34763
2449,53:00.1,28.05446,16.53276,-6.12492,33.13457,30.51125,79.34763
2450,53:00.2,28.05446,16.53276,-6.12492,33.13457,30.51125,79.34763
2451,53:00.2,27.7218,15.96592,-6.13992,32.57465,29.9391,79.13546
2452,53:00.2,27.7218,15.96592,-6.13992,32.57465,29.9391,79.13546
2453,53:00.3,27.7218,15.96592,-6.13992,32.57465,29.9391,79.13546
2454,53:00.3,27.50003,15.49356,-6.15092,32.15798,29.39698,78.97297
2455,53:00.3,27.50003,15.49356,-6.15092,32.15798,29.39698,78.97297
2456,53:00.4,27.50003,15.49356,-6.15092,32.15798,29.39698,78.97297
2457,53:00.4,27.27826,14.92672,-6.15892,31.69925,28.68758,78.79661
2458,53:00.4,27.27826,14.92672,-6.15892,31.69925,28.68758,78.79661
2459,53:00.5,27.27826,14.92672,-6.15892,31.69925,28.68758,78.79661
2460,53:00.5,27.05648,14.35988,-6.16493,31.24525,27.95656,78.62044
2461,53:00.5,27.05648,14.35988,-6.16493,31.24525,27.95656,78.62044
2462,53:00.6,27.05648,14.35988,-6.16493,31.24525,27.95656,78.62044
2463,53:00.6,26.83471,13.79305,-6.16793,30.79599,27.20317,78.44646
2464,53:00.6,26.83471,13.79305,-6.16793,30.79599,27.20317,78.44646
2465,53:00.7,26.83471,13.79305,-6.16793,30.79599,27.20317,78.44646
2466,53:00.7,26.61294,13.22621,-6.17693,30.35351,26.42665,78.25831
2467,53:00.7,26.61294,13.22621,-6.17693,30.35351,26.42665,78.25831
2468,53:00.8,26.61294,13.22621,-6.17693,30.35351,26.42665,78.25831
2469,53:00.8,26.39116,12.65937,-6.18793,29.91728,25.62621,78.06308
2470,53:00.8,26.39116,12.65937,-6.18793,29.91728,25.62621,78.06308
2471,53:00.9,26.39116,12.65937,-6.18793,29.91728,25.62621,78.06308
2472,53:00.9,26.16939,11.99806,-6.19093,29.44687,24.63036,77.86353
2473,53:00.9,26.16939,11.99806,-6.19093,29.44687,24.63036,77.86353
2474,53:01.0,26.16939,11.99806,-6.19093,29.44687,24.63036,77.86353
2475,53:01.0,25.94761,11.43122,-6.19794,29.02354,23.77589,77.66961
2476,53:01.0,25.94761,11.43122,-6.19794,29.02354,23.77589,77.66961
2477,53:01.1,25.94761,11.43122,-6.19794,29.02354,23.77589,77.66961
2478,53:01.1,25.61495,10.76991,-6.19794,28.46983,22.80452,77.4259
2479,53:01.1,25.61495,10.76991,-6.19794,28.46983,22.80452,77.4259
2480,53:01.2,25.61495,10.76991,-6.19794,28.46983,22.80452,77.4259
2481,53:01.2,25.39318,10.1086,-6.19494,28.02454,21.70668,77.22904
2482,53:01.2,25.39318,10.1086,-6.19494,28.02454,21.70668,77.22904
2483,53:01.3,25.39318,10.1086,-6.19494,28.02454,21.70668,77.22904
2484,53:01.3,25.1714,9.54176,-6.19194,27.62218,20.76029,77.04618
2485,53:01.3,25.1714,9.54176,-6.19194,27.62218,20.76029,77.04618
2486,53:01.4,25.1714,9.54176,-6.19194,27.62218,20.76029,77.04618
2487,53:01.4,24.94963,8.88045,-6.19094,27.19695,19.59244,76.8422
2488,53:01.4,24.94963,8.88045,-6.19094,27.19695,19.59244,76.8422
2489,53:01.5,24.94963,8.88045,-6.19094,27.19695,19.59244,76.8422
2490,53:01.5,24.72786,8.31362,-6.19195,26.81275,18.58287,76.648
2491,53:01.5,24.72786,8.31362,-6.19195,26.81275,18.58287,76.648
2492,53:01.6,24.72786,8.31362,-6.19195,26.81275,18.58287,76.648
2493,53:01.6,24.3952,7.6523,-6.19095,26.30611,17.41564,76.38818
2494,53:01.6,24.3952,7.6523,-6.19095,26.30611,17.41564,76.38818
2495,53:01.7,24.3952,7.6523,-6.19095,26.30611,17.41564,76.38818
2496,53:01.7,24.17342,6.99099,-6.19395,25.91512,16.12996,76.17193
2497,53:01.7,24.17342,6.99099,-6.19395,25.91512,16.12996,76.17193
2498,53:01.8,24.17342,6.99099,-6.19395,25.91512,16.12996,76.17193
2499,53:01.8,23.95165,6.32968,-6.20795,25.53987,14.8031,75.93225
2500,53:01.8,23.95165,6.32968,-6.20795,25.53987,14.8031,75.93225
2501,53:01.9,23.95165,6.32968,-6.20795,25.53987,14.8031,75.93225
2502,53:01.9,23.72987,5.66837,-6.21295,25.17614,13.43454,75.71299
2503,53:01.9,23.72987,5.66837,-6.21295,25.17614,13.43454,75.71299
2504,53:02.0,23.72987,5.66837,-6.21295,25.17614,13.43454,75.71299
2505,53:02.0,23.39721,5.00706,-6.21695,24.72146,12.07924,75.43489
2506,53:02.0,23.39721,5.00706,-6.21695,24.72146,12.07924,75.43489
2507,53:02.1,23.39721,5.00706,-6.21695,24.72146,12.07924,75.43489
2508,53:02.1,23.17544,4.44023,-6.21596,24.40194,10.84597,75.24229
2509,53:02.1,23.17544,4.44023,-6.21596,24.40194,10.84597,75.24229
2510,53:02.2,23.17544,4.44023,-6.21596,24.40194,10.84597,75.24229
2511,53:02.2,22.95366,3.77892,-6.21396,24.07829,9.34888,75.04425
2512,53:02.2,22.95366,3.77892,-6.21396,24.07829,9.34888,75.04425
2513,53:02.3,22.95366,3.77892,-6.21396,24.07829,9.34888,75.04425
2514,53:02.3,22.73189,3.11761,-6.21096,23.77045,7.80921,74.85344
2515,53:02.3,22.73189,3.11761,-6.21096,23.77045,7.80921,74.85344
2516,53:02.4,22.73189,3.11761,-6.21096,23.77045,7.80921,74.85344
2517,53:02.4,22.51011,2.45629,-6.20696,23.47903,6.22745,74.67097
2518,53:02.4,22.51011,2.45629,-6.20696,23.47903,6.22745,74.67097
2519,53:02.5,22.51011,2.45629,-6.20696,23.47903,6.22745,74.67097
2520,53:02.5,22.28834,1.79498,-6.20096,23.2044,4.60436,74.50037
2521,53:02.5,22.28834,1.79498,-6.20096,23.2044,4.60436,74.50037
2522,53:02.6,22.28834,1.79498,-6.20096,23.2044,4.60436,74.50037
2523,53:02.6,21.95568,1.13367,-6.18796,22.83918,2.95582,74.28001
2524,53:02.6,21.95568,1.13367,-6.18796,22.83918,2.95582,74.28001
2525,53:02.7,21.95568,1.13367,-6.18796,22.83918,2.95582,74.28001
2526,53:02.7,21.7339,0.47236,-6.18496,22.60176,1.24507,74.11844
2527,53:02.7,21.7339,0.47236,-6.18496,22.60176,1.24507,74.11844
2528,53:02.8,21.7339,0.47236,-6.18496,22.60176,1.24507,74.11844
2529,53:02.8,21.51213,-0.18895,-6.18696,22.38495,-0.50323,73.95517
2530,53:02.8,21.51213,-0.18895,-6.18696,22.38495,-0.50323,73.95517
2531,53:02.9,21.51213,-0.18895,-6.18696,22.38495,-0.50323,73.95517
2532,53:02.9,21.29036,-0.75578,-6.18696,22.18398,-2.03308,73.80583
2533,53:02.9,21.29036,-0.75578,-6.18696,22.18398,-2.03308,73.80583
2534,53:03.0,21.29036,-0.75578,-6.18696,22.18398,-2.03308,73.80583
2535,53:03.0,21.06858,-1.41709,-6.18896,22.00447,-3.84797,73.66461
2536,53:03.0,21.06858,-1.41709,-6.18896,22.00447,-3.84797,73.66461
2537,53:03.1,21.06858,-1.41709,-6.18896,22.00447,-3.84797,73.66461
2538,53:03.1,20.95769,-1.98393,-6.19097,21.94286,-5.40771,73.61201
2539,53:03.1,20.95769,-1.98393,-6.19097,21.94286,-5.40771,73.61201
2540,53:03.2,20.95769,-1.98393,-6.19097,21.94286,-5.40771,73.61201
2541,53:03.2,20.73592,-2.64524,-6.19097,21.80146,-7.26984,73.5027
2542,53:03.2,20.73592,-2.64524,-6.19097,21.80146,-7.26984,73.5027
2543,53:03.3,20.73592,-2.64524,-6.19097,21.80146,-7.26984,73.5027
2544,53:03.3,20.62503,-3.21208,-6.18697,21.77126,-8.85196,73.49014
2545,53:03.3,20.62503,-3.21208,-6.18697,21.77126,-8.85196,73.49014
2546,53:03.4,20.62503,-3.21208,-6.18697,21.77126,-8.85196,73.49014
2547,53:03.4,20.62503,-3.77891,-6.18497,21.86152,-10.38257,73.5657
2548,53:03.4,20.62503,-3.77891,-6.18497,21.86152,-10.38257,73.5657
2549,53:03.5,20.62503,-3.77891,-6.18497,21.86152,-10.38257,73.5657
2550,53:03.5,20.51414,-4.34575,-6.18197,21.86166,-11.96081,73.57401
2551,53:03.5,20.51414,-4.34575,-6.18197,21.86166,-11.96081,73.57401
2552,53:03.6,20.51414,-4.34575,-6.18197,21.86166,-11.96081,73.57401
2553,53:03.6,20.51414,-5.00706,-6.17896,22.00183,-13.71648,73.68973
2554,53:03.6,20.51414,-5.00706,-6.17896,22.00183,-13.71648,73.68973
2555,53:03.7,20.51414,-5.00706,-6.17896,22.00183,-13.71648,73.68973
2556,53:03.7,20.62503,-5.5739,-6.17996,22.24078,-15.12288,73.8671
2557,53:03.7,20.62503,-5.5739,-6.17996,22.24078,-15.12288,73.8671
2558,53:03.8,20.62503,-5.5739,-6.17996,22.24078,-15.12288,73.8671
2559,53:03.8,20.73592,-6.14074,-6.18096,22.49203,-16.49613,74.04949
2560,53:03.8,20.73592,-6.14074,-6.18096,22.49203,-16.49613,74.04949
2561,53:03.9,20.73592,-6.14074,-6.18096,22.49203,-16.49613,74.04949
2562,53:03.9,20.8468,-6.6131,-6.18796,22.72913,-17.60026,74.20191
2563,53:03.9,20.8468,-6.6131,-6.18796,22.72913,-17.60026,74.20191
2564,53:04.0,20.8468,-6.6131,-6.18796,22.72913,-17.60026,74.20191
2565,53:04.0,21.06858,-7.17994,-6.19696,23.10495,-18.81854,74.44227
2566,53:04.0,21.06858,-7.17994,-6.19696,23.10495,-18.81854,74.44227
2567,53:04.1,21.06858,-7.17994,-6.19696,23.10495,-18.81854,74.44227
2568,53:04.1,21.29035,-7.6523,-6.19896,23.45771,-19.76975,74.67695
2569,53:04.1,21.29035,-7.6523,-6.19896,23.45771,-19.76975,74.67695
2570,53:04.2,21.29035,-7.6523,-6.19896,23.45771,-19.76975,74.67695
2571,53:04.2,21.62301,-8.21914,-6.19496,23.94758,-20.81234,75.00776
2572,53:04.2,21.62301,-8.21914,-6.19496,23.94758,-20.81234,75.00776
2573,53:04.3,21.62301,-8.21914,-6.19496,23.94758,-20.81234,75.00776
2574,53:04.3,21.84479,-8.59703,-6.18596,24.27694,-21.48215,75.2378
2575,53:04.3,21.84479,-8.59703,-6.18596,24.27694,-21.48215,75.2378
2576,53:04.4,21.84479,-8.59703,-6.18596,24.27694,-21.48215,75.2378
2577,53:04.4,22.28834,-8.97492,-6.17195,24.8075,-21.93334,75.59385
2578,53:04.4,22.28834,-8.97492,-6.17195,24.8075,-21.93334,75.59385
2579,53:04.5,22.28834,-8.97492,-6.17195,24.8075,-21.93334,75.59385
2580,53:04.5,22.621,-9.35282,-6.16195,25.24192,-22.463,75.87041
2581,53:04.5,22.621,-9.35282,-6.16195,25.24192,-22.463,75.87041
2582,53:04.6,22.621,-9.35282,-6.16195,25.24192,-22.463,75.87041
2583,53:04.6,23.06455,-9.63623,-6.13795,25.73917,-22.67489,76.2039
2584,53:04.6,23.06455,-9.63623,-6.13795,25.73917,-22.67489,76.2039
2585,53:04.7,23.06455,-9.63623,-6.13795,25.73917,-22.67489,76.2039
2586,53:04.7,23.5081,-9.91965,-6.12695,26.24061,-22.87817,76.4973
2587,53:04.7,23.5081,-9.91965,-6.12695,26.24061,-22.87817,76.4973
2588,53:04.8,23.5081,-9.91965,-6.12695,26.24061,-22.87817,76.4973
2589,53:04.8,23.95164,-10.1086,-6.11195,26.7062,-22.88179,76.77011
2590,53:04.8,23.95164,-10.1086,-6.11195,26.7062,-22.88179,76.77011
2591,53:04.9,23.95164,-10.1086,-6.11195,26.7062,-22.88179,76.77011
2592,53:04.9,24.39519,-10.29755,-6.09594,27.17214,-22.88528,77.03561
2593,53:04.9,24.39519,-10.29755,-6.09594,27.17214,-22.88528,77.03561
2594,53:05.0,24.39519,-10.29755,-6.09594,27.17214,-22.88528,77.03561
2595,53:05.0,24.94963,-10.39202,-6.04994,27.69621,-22.6127,77.38261
2596,53:05.0,24.94963,-10.39202,-6.04994,27.69621,-22.6127,77.38261
2597,53:05.1,24.94963,-10.39202,-6.04994,27.69621,-22.6127,77.38261
2598,53:05.1,25.39318,-10.48649,-6.04594,28.13065,-22.43891,77.58895
2599,53:05.1,25.39318,-10.48649,-6.04594,28.13065,-22.43891,77.58895
2600,53:05.2,25.39318,-10.48649,-6.04594,28.13065,-22.43891,77.58895
2601,53:05.2,25.83673,-10.39202,-6.05494,28.499,-21.91092,77.73336
2602,53:05.2,25.83673,-10.39202,-6.05494,28.499,-21.91092,77.73336
2603,53:05.3,25.83673,-10.39202,-6.05494,28.499,-21.91092,77.73336
2604,53:05.3,26.28028,-10.39202,-6.06494,28.90381,-21.57535,77.88751
2605,53:05.3,26.28028,-10.39202,-6.06494,28.90381,-21.57535,77.88751
2606,53:05.4,26.28028,-10.39202,-6.06494,28.90381,-21.57535,77.88751
2607,53:05.4,26.83471,-10.29755,-6.11094,29.38511,-20.9938,77.99716
2608,53:05.4,26.83471,-10.29755,-6.11094,29.38511,-20.9938,77.99716
2609,53:05.5,26.83471,-10.29755,-6.11094,29.38511,-20.9938,77.99716
2610,53:05.5,27.16737,-10.1086,-6.12393,29.62689,-20.40953,78.07086
2611,53:05.5,27.16737,-10.1086,-6.12393,29.62689,-20.40953,78.07086
2612,53:05.6,27.16737,-10.1086,-6.12393,29.62689,-20.40953,78.07086
2613,53:05.6,27.61092,-9.91966,-6.13993,29.97435,-19.76162,78.17989
2614,53:05.6,27.61092,-9.91966,-6.13993,29.97435,-19.76162,78.17989
2615,53:05.7,27.61092,-9.91966,-6.13993,29.97435,-19.76162,78.17989
2616,53:05.7,27.94359,-9.63624,-6.15793,30.19307,-19.02656,78.23185
2617,53:05.7,27.94359,-9.63624,-6.15793,30.19307,-19.02656,78.23185
2618,53:05.8,27.94359,-9.63624,-6.15793,30.19307,-19.02656,78.23185
2619,53:05.8,28.38714,-9.35282,-6.19293,30.52306,-18.2357,78.29379
2620,53:05.8,28.38714,-9.35282,-6.19293,30.52306,-18.2357,78.29379
2621,53:05.9,28.38714,-9.35282,-6.19293,30.52306,-18.2357,78.29379
2622,53:05.9,28.7198,-9.0694,-6.20793,30.75092,-17.52555,78.35321
2623,53:05.9,28.7198,-9.0694,-6.20793,30.75092,-17.52555,78.35321
2624,53:06.0,28.7198,-9.0694,-6.20793,30.75092,-17.52555,78.35321
2625,53:06.0,28.94157,-8.69151,-6.21993,30.85198,-16.71566,78.36914
2626,53:06.0,28.94157,-8.69151,-6.21993,30.85198,-16.71566,78.36914
2627,53:06.1,28.94157,-8.69151,-6.21993,30.85198,-16.71566,78.36914
2628,53:06.1,29.16335,-8.40809,-6.22993,30.98401,-16.08281,78.40051
2629,53:06.1,29.16335,-8.40809,-6.22993,30.98401,-16.08281,78.40051
2630,53:06.2,29.16335,-8.40809,-6.22993,30.98401,-16.08281,78.40051
2631,53:06.2,29.38512,-8.0302,-6.25293,31.09773,-15.28429,78.40026
2632,53:06.2,29.38512,-8.0302,-6.25293,31.09773,-15.28429,78.40026
2633,53:06.3,29.38512,-8.0302,-6.25293,31.09773,-15.28429,78.40026
2634,53:06.3,29.49601,-7.65231,-6.25693,31.10822,-14.54391,78.39671
2635,53:06.3,29.49601,-7.65231,-6.25693,31.10822,-14.54391,78.39671
2636,53:06.4,29.49601,-7.65231,-6.25693,31.10822,-14.54391,78.39671
2637,53:06.4,29.6069,-7.27442,-6.25493,31.12249,-13.80413,78.40586
2638,53:06.4,29.6069,-7.27442,-6.25493,31.12249,-13.80413,78.40586
2639,53:06.5,29.6069,-7.27442,-6.25493,31.12249,-13.80413,78.40586
2640,53:06.5,29.71779,-6.89653,-6.24893,31.14094,-13.06521,78.42409
2641,53:06.5,29.71779,-6.89653,-6.24893,31.14094,-13.06521,78.42409
2642,53:06.6,29.71779,-6.89653,-6.24893,31.14094,-13.06521,78.42409
2643,53:06.6,29.71779,-6.61311,-6.20393,31.07038,-12.54562,78.48214
2644,53:06.6,29.71779,-6.61311,-6.20393,31.07038,-12.54562,78.48214
2645,53:06.7,29.71779,-6.61311,-6.20393,31.07038,-12.54562,78.48214
2646,53:06.7,29.71779,-6.23521,-6.18993,30.98935,-11.84958,78.47803
2647,53:06.7,29.71779,-6.23521,-6.18993,30.98935,-11.84958,78.47803
2648,53:06.8,29.71779,-6.23521,-6.18993,30.98935,-11.84958,78.47803
2649,53:06.8,29.6069,-5.85732,-6.17493,30.80595,-11.19069,78.43696
2650,53:06.8,29.6069,-5.85732,-6.17493,30.80595,-11.19069,78.43696
2651,53:06.9,29.6069,-5.85732,-6.17493,30.80595,-11.19069,78.43696
2652,53:06.9,29.6069,-5.5739,-6.16293,30.75091,-10.66192,78.4388
2653,53:06.9,29.6069,-5.5739,-6.16293,30.75091,-10.66192,78.4388
2654,53:07.0,29.6069,-5.5739,-6.16293,30.75091,-10.66192,78.4388
2655,53:07.0,29.38512,-5.29048,-6.12893,30.48013,-10.20617,78.39991
2656,53:07.0,29.38512,-5.29048,-6.12893,30.48013,-10.20617,78.39991
2657,53:07.1,29.38512,-5.29048,-6.12893,30.48013,-10.20617,78.39991
2658,53:07.1,29.27424,-5.00707,-6.11893,30.32314,-9.70595,78.3583
2659,53:07.1,29.27424,-5.00707,-6.11893,30.32314,-9.70595,78.3583
2660,53:07.2,29.27424,-5.00707,-6.11893,30.32314,-9.70595,78.3583
2661,53:07.2,29.16335,-4.72365,-6.10893,30.16841,-9.20041,78.31714
2662,53:07.2,29.16335,-4.72365,-6.10893,30.16841,-9.20041,78.31714
2663,53:07.3,29.16335,-4.72365,-6.10893,30.16841,-9.20041,78.31714
2664,53:07.3,28.94158,-4.44023,-6.10193,29.90926,-8.72233,78.22817
2665,53:07.3,28.94158,-4.44023,-6.10193,29.90926,-8.72233,78.22817
2666,53:07.4,28.94158,-4.44023,-6.10193,29.90926,-8.72233,78.22817
2667,53:07.4,28.7198,-4.25128,-6.09593,29.66582,-8.42013,78.142
2668,53:07.4,28.7198,-4.25128,-6.09593,29.66582,-8.42013,78.142
2669,53:07.5,28.7198,-4.25128,-6.09593,29.66582,-8.42013,78.142
2670,53:07.5,28.60891,-4.06234,-6.10693,29.53417,-8.08171,78.06656
2671,53:07.5,28.60891,-4.06234,-6.10693,29.53417,-8.08171,78.06656
2672,53:07.6,28.60891,-4.06234,-6.10693,29.53417,-8.08171,78.06656
2673,53:07.6,28.38714,-3.87339,-6.12794,29.2982,-7.76995,77.92702
2674,53:07.6,28.38714,-3.87339,-6.12794,29.2982,-7.76995,77.92702
2675,53:07.7,28.38714,-3.87339,-6.12794,29.2982,-7.76995,77.92702
2676,53:07.7,28.16536,-3.68444,-6.14794,29.06304,-7.45281,77.7875
2677,53:07.7,28.16536,-3.68444,-6.14794,29.06304,-7.45281,77.7875
2678,53:07.8,28.16536,-3.68444,-6.14794,29.06304,-7.45281,77.7875
2679,53:07.8,27.94359,-3.40103,-6.19694,28.82383,-6.93936,77.58485
2680,53:07.8,27.94359,-3.40103,-6.19694,28.82383,-6.93936,77.58485
2681,53:07.9,27.94359,-3.40103,-6.19694,28.82383,-6.93936,77.58485
2682,53:07.9,27.72182,-3.21208,-6.20994,28.58986,-6.60929,77.45492
2683,53:07.9,27.72182,-3.21208,-6.20994,28.58986,-6.60929,77.45492
2684,53:08.0,27.72182,-3.21208,-6.20994,28.58986,-6.60929,77.45492
2685,53:08.0,27.50004,-2.92866,-6.22194,28.34681,-6.07889,77.32072
2686,53:08.0,27.50004,-2.92866,-6.22194,28.34681,-6.07889,77.32072
2687,53:08.1,27.50004,-2.92866,-6.22194,28.34681,-6.07889,77.32072
2688,53:08.1,27.27827,-2.64524,-6.22594,28.10451,-5.5388,77.20119
2689,53:08.1,27.27827,-2.64524,-6.22594,28.10451,-5.5388,77.20119
2690,53:08.2,27.27827,-2.64524,-6.22594,28.10451,-5.5388,77.20119
2691,53:08.2,27.05649,-2.36182,-6.22894,27.86452,-4.98883,77.08274
2692,53:08.2,27.05649,-2.36182,-6.22894,27.86452,-4.98883,77.08274
2693,53:08.3,27.05649,-2.36182,-6.22894,27.86452,-4.98883,77.08274
2694,53:08.3,26.72383,-2.0784,-6.22494,27.51786,-4.44714,76.92569
2695,53:08.4,26.72383,-2.0784,-6.22494,27.51786,-4.44714,76.92569
2696,53:08.4,26.72383,-2.0784,-6.22494,27.51786,-4.44714,76.92569
2697,53:08.4,26.39117,-1.79499,-6.21394,27.17221,-3.89096,76.78019
2698,53:08.4,26.39117,-1.79499,-6.21394,27.17221,-3.89096,76.78019
2699,53:08.5,26.39117,-1.79499,-6.21394,27.17221,-3.89096,76.78019
2700,53:08.5,26.16939,-1.51157,-6.20695,26.93786,-3.30578,76.67836
2701,53:08.5,26.16939,-1.51157,-6.20695,26.93786,-3.30578,76.67836
2702,53:08.6,26.16939,-1.51157,-6.20695,26.93786,-3.30578,76.67836
2703,53:08.6,25.83673,-1.22815,-6.18295,26.59462,-2.7215,76.55637
2704,53:08.6,25.83673,-1.22815,-6.18295,26.59462,-2.7215,76.55637
2705,53:08.7,25.83673,-1.22815,-6.18295,26.59462,-2.7215,76.55637
2706,53:08.7,25.39318,-0.85026,-6.18095,26.14844,-1.91775,76.32706
2707,53:08.8,25.39318,-0.85026,-6.18095,26.14844,-1.91775,76.32706
2708,53:08.8,25.39318,-0.85026,-6.18095,26.14844,-1.91775,76.32706
2709,53:08.8,25.06052,-0.56684,-6.17795,25.81701,-1.29574,76.15491
2710,53:08.9,25.06052,-0.56684,-6.17795,25.81701,-1.29574,76.15491
2711,53:08.9,25.06052,-0.56684,-6.17795,25.81701,-1.29574,76.15491
2712,53:08.9,24.72786,-0.18895,-6.17395,25.48765,-0.43779,75.98163
2713,53:08.9,24.72786,-0.18895,-6.17395,25.48765,-0.43779,75.98163
2714,53:09.0,24.72786,-0.18895,-6.17395,25.48765,-0.43779,75.98163
2715,53:09.0,24.28431,0.18895,-6.16495,25.05534,0.44578,75.7559
2716,53:09.1,24.28431,0.18895,-6.16495,25.05534,0.44578,75.7559
2717,53:09.1,24.28431,0.18895,-6.16495,25.05534,0.44578,75.7559
2718,53:09.1,23.84076,0.56684,-6.16096,24.63048,1.36201,75.51448
2719,53:09.2,23.84076,0.56684,-6.16096,24.63048,1.36201,75.51448
2720,53:09.2,23.84076,0.56684,-6.16096,24.63048,1.36201,75.51448
2721,53:09.2,23.5081,0.94473,-6.15596,24.31911,2.30133,75.33705
2722,53:09.2,23.5081,0.94473,-6.15596,24.31911,2.30133,75.33705
2723,53:09.3,23.5081,0.94473,-6.15596,24.31911,2.30133,75.33705
2724,53:09.3,23.06455,1.32262,-6.15296,23.90778,3.28199,75.0864
2725,53:09.3,23.06455,1.32262,-6.15296,23.90778,3.28199,75.0864
2726,53:09.4,23.06455,1.32262,-6.15296,23.90778,3.28199,75.0864
2727,53:09.4,22.621,1.79498,-6.14796,23.51019,4.53693,74.8408
2728,53:09.4,22.621,1.79498,-6.14796,23.51019,4.53693,74.8408
2729,53:09.5,22.621,1.79498,-6.14796,23.51019,4.53693,74.8408
2730,53:09.5,22.28834,2.17288,-6.14996,23.22312,5.56813,74.64371
2731,53:09.6,22.28834,2.17288,-6.14996,23.22312,5.56813,74.64371
2732,53:09.6,22.28834,2.17288,-6.14996,23.22312,5.56813,74.64371
2733,53:09.6,21.84479,2.64524,-6.15696,22.84952,6.90447,74.36804
2734,53:09.7,21.84479,2.64524,-6.15696,22.84952,6.90447,74.36804
2735,53:09.7,21.84479,2.64524,-6.15696,22.84952,6.90447,74.36804
2736,53:09.7,21.40124,3.1176,-6.16296,22.4881,8.28821,74.09433
2737,53:09.8,21.40124,3.1176,-6.16296,22.4881,8.28821,74.09433
2738,53:09.8,21.40124,3.1176,-6.16296,22.4881,8.28821,74.09433
2739,53:09.8,20.95769,3.58997,-6.17796,22.14227,9.7202,73.79874
2740,53:09.9,20.95769,3.58997,-6.17796,22.14227,9.7202,73.79874
2741,53:09.9,20.95769,3.58997,-6.17796,22.14227,9.7202,73.79874
2742,53:09.9,20.51414,4.06233,-6.17297,21.80454,11.20114,73.55442
2743,53:10.0,20.51414,4.06233,-6.17297,21.80454,11.20114,73.55442
2744,53:10.0,20.51414,4.06233,-6.17297,21.80454,11.20114,73.55442
2745,53:10.0,20.07059,4.5347,-6.16497,21.4802,12.73149,73.32115
2746,53:10.1,20.07059,4.5347,-6.16497,21.4802,12.73149,73.32115
2747,53:10.1,20.07059,4.5347,-6.16497,21.4802,12.73149,73.32115
2748,53:10.1,19.62704,5.10153,-6.15797,21.19356,14.57012,73.10861
2749,53:10.2,19.62704,5.10153,-6.15797,21.19356,14.57012,73.10861
2750,53:10.2,19.62704,5.10153,-6.15797,21.19356,14.57012,73.10861
2751,53:10.2,19.1835,5.5739,-6.14797,20.90149,16.20159,72.89401
2752,53:10.3,19.1835,5.5739,-6.14797,20.90149,16.20159,72.89401
2753,53:10.3,19.1835,5.5739,-6.14797,20.90149,16.20159,72.89401
2754,53:10.3,18.73995,6.14073,-6.14597,20.65592,18.14302,72.69007
2755,53:10.4,18.73995,6.14073,-6.14597,20.65592,18.14302,72.69007
2756,53:10.4,18.73995,6.14073,-6.14597,20.65592,18.14302,72.69007
2757,53:10.4,18.2964,6.6131,-6.14197,20.40135,19.87202,72.4789
2758,53:10.5,18.2964,6.6131,-6.14197,20.40135,19.87202,72.4789
2759,53:10.5,18.2964,6.6131,-6.14197,20.40135,19.87202,72.4789
2760,53:10.5,17.96373,7.17994,-6.13897,20.29616,21.78612,72.39401
2761,53:10.6,17.96373,7.17994,-6.13897,20.29616,21.78612,72.39401
2762,53:10.6,17.96373,7.17994,-6.13897,20.29616,21.78612,72.39401
2763,53:10.6,17.63107,7.74677,-6.13097,20.21029,23.71981,72.34055
2764,53:10.7,17.63107,7.74677,-6.13097,20.21029,23.71981,72.34055
2765,53:10.7,17.63107,7.74677,-6.13097,20.21029,23.71981,72.34055
2766,53:10.7,17.18752,8.31361,-6.13297,20.05344,25.81307,72.19181
2767,53:10.8,17.18752,8.31361,-6.13297,20.05344,25.81307,72.19181
2768,53:10.8,17.18752,8.31361,-6.13297,20.05344,25.81307,72.19181
2769,53:10.8,16.85486,8.97492,-6.13497,20.05675,28.03452,72.18885
2770,53:10.9,16.85486,8.97492,-6.13497,20.05675,28.03452,72.18885
2771,53:10.9,16.85486,8.97492,-6.13497,20.05675,28.03452,72.18885
2772,53:10.9,16.5222,9.54176,-6.13497,20.04161,30.00692,72.17494
2773,53:11.0,16.5222,9.54176,-6.13497,20.04161,30.00692,72.17494
2774,53:11.0,16.5222,9.54176,-6.13497,20.04161,30.00692,72.17494
2775,53:11.0,16.30042,10.20306,-6.13197,20.18434,32.04404,72.31411
2776,53:11.1,16.30042,10.20306,-6.13197,20.18434,32.04404,72.31411
2777,53:11.1,16.30042,10.20306,-6.13197,20.18434,32.04404,72.31411
2778,53:11.1,15.96776,10.7699,-6.12797,20.21168,33.99879,72.35073
2779,53:11.2,15.96776,10.7699,-6.12797,20.21168,33.99879,72.35073
2780,53:11.2,15.96776,10.7699,-6.12797,20.21168,33.99879,72.35073
2781,53:11.2,15.74599,11.43121,-6.12097,20.39791,35.97876,72.5377
2782,53:11.3,15.74599,11.43121,-6.12097,20.39791,35.97876,72.5377
2783,53:11.3,15.74599,11.43121,-6.12097,20.39791,35.97876,72.5377
2784,53:11.3,15.6351,11.99805,-6.11797,20.63587,37.50188,72.75414
2785,53:11.4,15.6351,11.99805,-6.11797,20.63587,37.50188,72.75414
2786,53:11.4,15.6351,11.99805,-6.11797,20.63587,37.50188,72.75414
2787,53:11.4,15.41332,12.65936,-6.12297,20.86434,39.39714,72.93444
2788,53:11.5,15.41332,12.65936,-6.12297,20.86434,39.39714,72.93444
2789,53:11.5,15.41332,12.65936,-6.12297,20.86434,39.39714,72.93444
2790,53:11.5,15.30243,13.22619,-6.12397,21.1329,40.8375,73.155
2791,53:11.6,15.30243,13.22619,-6.12397,21.1329,40.8375,73.155
2792,53:11.6,15.30243,13.22619,-6.12397,21.1329,40.8375,73.155
2793,53:11.6,15.19155,13.8875,-6.12697,21.47523,42.43231,73.42299
2794,53:11.7,15.19155,13.8875,-6.12697,21.47523,42.43231,73.42299
2795,53:11.7,15.19155,13.8875,-6.12697,21.47523,42.43231,73.42299
2796,53:11.7,15.08066,14.45434,-6.12597,21.76882,43.78517,73.65562
2797,53:11.8,15.08066,14.45434,-6.12597,21.76882,43.78517,73.65562
2798,53:11.8,15.08066,14.45434,-6.12597,21.76882,43.78517,73.65562
2799,53:11.8,14.96977,15.11565,-6.11996,22.13664,45.27782,73.95077
2800,53:11.9,14.96977,15.11565,-6.11996,22.13664,45.27782,73.95077
2801,53:11.9,14.96977,15.11565,-6.11996,22.13664,45.27782,73.95077
2802,53:11.9,14.96977,15.68249,-6.11996,22.5275,46.33198,74.23655
2803,53:12.0,14.96977,15.68249,-6.11996,22.5275,46.33198,74.23655
2804,53:12.0,14.96977,15.68249,-6.11996,22.5275,46.33198,74.23655
2805,53:12.0,14.85888,16.3438,-6.12396,22.9218,47.72461,74.50421
2806,53:12.1,14.85888,16.3438,-6.12396,22.9218,47.72461,74.50421
2807,53:12.1,14.85888,16.3438,-6.12396,22.9218,47.72461,74.50421
2808,53:12.1,14.85888,16.91063,-6.12396,23.32935,48.69517,74.78153
2809,53:12.2,14.85888,16.91063,-6.12396,23.32935,48.69517,74.78153
2810,53:12.2,14.85888,16.91063,-6.12396,23.32935,48.69517,74.78153
2811,53:12.2,14.85888,17.47747,-6.12096,23.74267,49.6297,75.06019
2812,53:12.3,14.85888,17.47747,-6.12096,23.74267,49.6297,75.06019
2813,53:12.3,14.85888,17.47747,-6.12096,23.74267,49.6297,75.06019
2814,53:12.3,14.96976,18.04431,-6.11896,24.23082,50.32051,75.37285
2815,53:12.4,14.96976,18.04431,-6.11896,24.23082,50.32051,75.37285
2816,53:12.4,14.96976,18.04431,-6.11896,24.23082,50.32051,75.37285
2817,53:12.4,15.08065,18.70562,-6.11795,24.79426,51.1239,75.71479
2818,53:12.5,15.08065,18.70562,-6.11795,24.79426,51.1239,75.71479
2819,53:12.5,15.08065,18.70562,-6.11795,24.79426,51.1239,75.71479
2820,53:12.5,15.19154,19.17798,-6.11895,25.21942,51.61605,75.95827
2821,53:12.6,15.19154,19.17798,-6.11895,25.21942,51.61605,75.95827
2822,53:12.6,15.19154,19.17798,-6.11895,25.21942,51.61605,75.95827
2823,53:12.6,15.41331,19.74482,-6.12395,25.78625,52.02349,76.26161
2824,53:12.7,15.41331,19.74482,-6.12395,25.78625,52.02349,76.26161
2825,53:12.7,15.41331,19.74482,-6.12395,25.78625,52.02349,76.26161
2826,53:12.7,15.63508,20.21718,-6.12495,26.28127,52.2832,76.52308
2827,53:12.8,15.63508,20.21718,-6.12495,26.28127,52.2832,76.52308
2828,53:12.8,15.63508,20.21718,-6.12495,26.28127,52.2832,76.52308
2829,53:12.8,15.85686,20.78402,-6.12295,26.84969,52.65872,76.81798
2830,53:12.9,15.85686,20.78402,-6.12295,26.84969,52.65872,76.81798
2831,53:12.9,15.85686,20.78402,-6.12295,26.84969,52.65872,76.81798
2832,53:12.9,16.18952,21.16191,-6.11894,27.33804,52.58289,77.06619
2833,53:13.0,16.18952,21.16191,-6.11894,27.33804,52.58289,77.06619
2834,53:13.0,16.18952,21.16191,-6.11894,27.33804,52.58289,77.06619
2835,53:13.0,16.52218,21.63428,-6.11294,27.89968,52.63089,77.34357
2836,53:13.1,16.52218,21.63428,-6.11294,27.89968,52.63089,77.34357
2837,53:13.1,16.52218,21.63428,-6.11294,27.89968,52.63089,77.34357
2838,53:13.1,16.85484,22.01217,-6.10894,28.38909,52.55852,77.57355
2839,53:13.2,16.85484,22.01217,-6.10894,28.38909,52.55852,77.57355
2840,53:13.2,16.85484,22.01217,-6.10894,28.38909,52.55852,77.57355
2841,53:13.2,17.29839,22.39006,-6.10494,28.94511,52.3106,77.82406
2842,53:13.3,17.29839,22.39006,-6.10494,28.94511,52.3106,77.82406
2843,53:13.3,17.29839,22.39006,-6.10494,28.94511,52.3106,77.82406
2844,53:13.3,17.63105,22.67348,-6.09894,29.36218,52.13112,78.01158
2845,53:13.4,17.63105,22.67348,-6.09894,29.36218,52.13112,78.01158
2846,53:13.4,17.63105,22.67348,-6.09894,29.36218,52.13112,78.01158
2847,53:13.4,18.0746,22.9569,-6.08793,29.84582,51.78567,78.23024
2848,53:13.5,18.0746,22.9569,-6.08793,29.84582,51.78567,78.23024
2849,53:13.5,18.0746,22.9569,-6.08793,29.84582,51.78567,78.23024
2850,53:13.5,18.51815,23.24032,-6.07793,30.3311,51.45177,78.44046
2851,53:13.6,18.51815,23.24032,-6.07793,30.3311,51.45177,78.44046
2852,53:13.6,18.51815,23.24032,-6.07793,30.3311,51.45177,78.44046
2853,53:13.6,18.9617,23.42927,-6.06493,30.74508,51.01618,78.62293
2854,53:13.7,18.9617,23.42927,-6.06493,30.74508,51.01618,78.62293
2855,53:13.7,18.9617,23.42927,-6.06493,30.74508,51.01618,78.62293
2856,53:13.7,19.40524,23.61821,-6.05393,31.16141,50.59272,78.79754
2857,53:13.8,19.40524,23.61821,-6.05393,31.16141,50.59272,78.79754
2858,53:13.8,19.40524,23.61821,-6.05393,31.16141,50.59272,78.79754
2859,53:13.8,19.84879,23.71269,-6.03492,31.50693,50.06886,78.95717
2860,53:13.9,19.84879,23.71269,-6.03492,31.50693,50.06886,78.95717
2861,53:13.9,19.84879,23.71269,-6.03492,31.50693,50.06886,78.95717
2862,53:13.9,20.29234,23.80716,-6.02492,31.85686,49.55696,79.09829
2863,53:14.0,20.29234,23.80716,-6.02492,31.85686,49.55696,79.09829
2864,53:14.0,20.29234,23.80716,-6.02492,31.85686,49.55696,79.09829
2865,53:14.0,20.73589,23.80716,-6.01292,32.13897,48.94434,79.21692
2866,53:14.1,20.73589,23.80716,-6.01292,32.13897,48.94434,79.21692
2867,53:14.1,20.73589,23.80716,-6.01292,32.13897,48.94434,79.21692
2868,53:14.1,21.06855,23.80716,-5.99992,32.35219,48.49223,79.31226
2869,53:14.2,21.06855,23.80716,-5.99992,32.35219,48.49223,79.31226
2870,53:14.2,21.06855,23.80716,-5.99992,32.35219,48.49223,79.31226
2871,53:14.2,21.5121,23.80716,-5.98392,32.63983,47.8991,79.43611
2872,53:14.3,21.5121,23.80716,-5.98392,32.63983,47.8991,79.43611
2873,53:14.3,21.5121,23.80716,-5.98392,32.63983,47.8991,79.43611
2874,53:14.3,21.95565,23.71269,-5.97592,32.86417,47.20331,79.52323
2875,53:14.4,21.95565,23.71269,-5.97592,32.86417,47.20331,79.52323
2876,53:14.4,21.95565,23.71269,-5.97592,32.86417,47.20331,79.52323
2877,53:14.4,22.28831,23.61822,-5.96892,33.01844,46.65939,79.58508
2878,53:14.5,22.28831,23.61822,-5.96892,33.01844,46.65939,79.58508
2879,53:14.5,22.28831,23.61822,-5.96892,33.01844,46.65939,79.58508
2880,53:14.5,22.62097,23.42927,-5.95792,33.10795,46.00558,79.6329
2881,53:14.6,22.62097,23.42927,-5.95792,33.10795,46.00558,79.6329
2882,53:14.6,22.62097,23.42927,-5.95792,33.10795,46.00558,79.6329
2883,53:14.6,22.95364,23.24033,-5.94492,33.20127,45.35559,79.68517
2884,53:14.7,22.95364,23.24033,-5.94492,33.20127,45.35559,79.68517
2885,53:14.7,22.95364,23.24033,-5.94492,33.20127,45.35559,79.68517
2886,53:14.7,23.2863,23.05138,-5.93992,33.30016,44.70953,79.72488
2887,53:14.8,23.2863,23.05138,-5.93992,33.30016,44.70953,79.72488
2888,53:14.8,23.2863,23.05138,-5.93992,33.30016,44.70953,79.72488
2889,53:14.8,23.50807,22.86244,-5.93892,33.32554,44.2023,79.73453
2890,53:14.9,23.50807,22.86244,-5.93892,33.32554,44.2023,79.73453
2891,53:14.9,23.50807,22.86244,-5.93892,33.32554,44.2023,79.73453
2892,53:14.9,23.72985,22.67349,-5.93692,33.35326,43.69591,79.74665
2893,53:15.0,23.72985,22.67349,-5.93692,33.35326,43.69591,79.74665
2894,53:15.0,23.72985,22.67349,-5.93692,33.35326,43.69591,79.74665
2895,53:15.0,23.95162,22.39007,-5.94392,33.32155,43.07007,79.72456
2896,53:15.1,23.95162,22.39007,-5.94392,33.32155,43.07007,79.72456
2897,53:15.1,23.95162,22.39007,-5.94392,33.32155,43.07007,79.72456
2898,53:15.1,24.1734,22.10666,-5.94392,33.29246,42.44302,79.71548
2899,53:15.2,24.1734,22.10666,-5.94392,33.29246,42.44302,79.71548
2900,53:15.2,24.1734,22.10666,-5.94392,33.29246,42.44302,79.71548
2901,53:15.2,24.28429,21.82324,-5.94392,33.186,41.94466,79.68212
2902,53:15.3,24.28429,21.82324,-5.94392,33.186,41.94466,79.68212
2903,53:15.3,24.28429,21.82324,-5.94392,33.186,41.94466,79.68212
2904,53:15.3,24.28429,21.44535,-5.94292,32.93855,41.44758,79.60552
2905,53:15.4,24.28429,21.44535,-5.94292,32.93855,41.44758,79.60552
2906,53:15.4,24.28429,21.44535,-5.94292,32.93855,41.44758,79.60552
2907,53:15.4,24.28429,21.16193,-5.93792,32.75382,41.0697,79.55513
2908,53:15.5,24.28429,21.16193,-5.93792,32.75382,41.0697,79.55513
2909,53:15.5,24.28429,21.16193,-5.93792,32.75382,41.0697,79.55513
2910,53:15.5,24.28429,20.87851,-5.93892,32.57161,40.68742,79.49425
2911,53:15.6,24.28429,20.87851,-5.93892,32.57161,40.68742,79.49425
2912,53:15.6,24.28429,20.87851,-5.93892,32.57161,40.68742,79.49425
2913,53:15.6,24.28429,20.59509,-5.93792,32.39048,40.30071,79.43662
2914,53:15.7,24.28429,20.59509,-5.93792,32.39048,40.30071,79.43662
2915,53:15.7,24.28429,20.59509,-5.93792,32.39048,40.30071,79.43662
2916,53:15.7,24.1734,20.31167,-5.93692,32.12732,40.03861,79.3509
2917,53:15.8,24.1734,20.31167,-5.93692,32.12732,40.03861,79.3509
2918,53:15.8,24.1734,20.31167,-5.93692,32.12732,40.03861,79.3509
2919,53:15.8,24.06252,20.02825,-5.92392,31.86265,39.77205,79.28519
2920,53:15.9,24.06252,20.02825,-5.92392,31.86265,39.77205,79.28519
2921,53:15.9,24.06252,20.02825,-5.92392,31.86265,39.77205,79.28519
2922,53:15.9,23.95163,19.74483,-5.91892,31.6002,39.5009,79.20436
2923,53:16.0,23.95163,19.74483,-5.91892,31.6002,39.5009,79.20436
2924,53:16.0,23.95163,19.74483,-5.91892,31.6002,39.5009,79.20436
2925,53:16.0,23.95163,19.36694,-5.91493,31.36472,38.9585,79.12976
2926,53:16.1,23.95163,19.36694,-5.91493,31.36472,38.9585,79.12976
2927,53:16.1,23.95163,19.36694,-5.91493,31.36472,38.9585,79.12976
2928,53:16.1,23.84074,18.98905,-5.91093,31.04681,38.53717,79.02459
2929,53:16.2,23.84074,18.98905,-5.91093,31.04681,38.53717,79.02459
2930,53:16.2,23.84074,18.98905,-5.91093,31.04681,38.53717,79.02459
2931,53:16.2,23.61897,18.61116,-5.90493,30.64472,38.23723,78.89019
2932,53:16.3,23.61897,18.61116,-5.90493,30.64472,38.23723,78.89019
2933,53:16.3,23.61897,18.61116,-5.90493,30.64472,38.23723,78.89019
2934,53:16.3,23.50808,18.23327,-5.89993,30.32971,37.79776,78.78294
2935,53:16.4,23.50808,18.23327,-5.89993,30.32971,37.79776,78.78294
2936,53:16.4,23.50808,18.23327,-5.89993,30.32971,37.79776,78.78294
2937,53:16.4,23.3972,17.85537,-5.89693,30.01695,37.34876,78.67036
2938,53:16.5,23.3972,17.85537,-5.89693,30.01695,37.34876,78.67036
2939,53:16.5,23.3972,17.85537,-5.89693,30.01695,37.34876,78.67036
2940,53:16.5,23.28631,17.38301,-5.89493,29.65083,36.74099,78.53252
2941,53:16.6,23.28631,17.38301,-5.89493,29.65083,36.74099,78.53252
2942,53:16.6,23.28631,17.38301,-5.89493,29.65083,36.74099,78.53252
2943,53:16.6,23.17542,16.91065,-5.90094,29.28978,36.11749,78.37722
2944,53:16.7,23.17542,16.91065,-5.90094,29.28978,36.11749,78.37722
2945,53:16.7,23.17542,16.91065,-5.90094,29.28978,36.11749,78.37722
2946,53:16.7,22.95365,16.43828,-5.90294,28.84323,35.60839,78.19064
2947,53:16.8,22.95365,16.43828,-5.90294,28.84323,35.60839,78.19064
2948,53:16.8,22.95365,16.43828,-5.90294,28.84323,35.60839,78.19064
2949,53:16.8,22.84276,15.96592,-5.90694,28.48849,34.95157,78.03321
2950,53:16.9,22.84276,15.96592,-5.90694,28.48849,34.95157,78.03321
2951,53:16.9,22.84276,15.96592,-5.90694,28.48849,34.95157,78.03321
2952,53:16.9,22.73188,15.39908,-5.90894,28.08532,34.11459,77.85465
2953,53:17.0,22.73188,15.39908,-5.90894,28.08532,34.11459,77.85465
2954,53:17.0,22.73188,15.39908,-5.90894,28.08532,34.11459,77.85465
2955,53:17.0,22.5101,14.92671,-5.90994,27.64849,33.54883,77.65763
2956,53:17.1,22.5101,14.92671,-5.90994,27.64849,33.54883,77.65763
2957,53:17.1,22.5101,14.92671,-5.90994,27.64849,33.54883,77.65763
2958,53:17.1,22.39922,14.35988,-5.91194,27.25586,32.66346,77.47266
2959,53:17.2,22.39922,14.35988,-5.91194,27.25586,32.66346,77.47266
2960,53:17.2,22.39922,14.35988,-5.91194,27.25586,32.66346,77.47266
2961,53:17.2,22.28833,13.79304,-5.91695,26.87058,31.75112,77.27912
2962,53:17.3,22.28833,13.79304,-5.91695,26.87058,31.75112,77.27912
2963,53:17.3,22.28833,13.79304,-5.91695,26.87058,31.75112,77.27912
2964,53:17.3,22.17744,13.2262,-5.92095,26.49206,30.81104,77.08537
2965,53:17.4,22.17744,13.2262,-5.92095,26.49206,30.81104,77.08537
2966,53:17.4,22.17744,13.2262,-5.92095,26.49206,30.81104,77.08537
2967,53:17.4,21.95567,12.56489,-5.93195,25.98299,29.78184,76.80292
2968,53:17.5,21.95567,12.56489,-5.93195,25.98299,29.78184,76.80292
2969,53:17.5,21.95567,12.56489,-5.93195,25.98299,29.78184,76.80292
2970,53:17.5,21.84478,11.99805,-5.94195,25.62137,28.7774,76.59022
2971,53:17.6,21.84478,11.99805,-5.94195,25.62137,28.7774,76.59022
2972,53:17.6,21.84478,11.99805,-5.94195,25.62137,28.7774,76.59022
2973,53:17.6,21.7339,11.43122,-5.95195,25.26778,27.74269,76.37566
2974,53:17.7,21.7339,11.43122,-5.95195,25.26778,27.74269,76.37566
2975,53:17.7,21.7339,11.43122,-5.95195,25.26778,27.74269,76.37566
2976,53:17.7,21.62301,10.76991,-5.95795,24.88057,26.4768,76.1452
2977,53:17.8,21.62301,10.76991,-5.95795,24.88057,26.4768,76.1452
2978,53:17.8,21.62301,10.76991,-5.95795,24.88057,26.4768,76.1452
2979,53:17.8,21.40124,10.20307,-5.96896,24.4488,25.48954,75.86892
2980,53:17.9,21.40124,10.20307,-5.96896,24.4488,25.48954,75.86892
2981,53:17.9,21.40124,10.20307,-5.96896,24.4488,25.48954,75.86892
2982,53:17.9,21.29035,9.54176,-5.97896,24.08469,24.14063,75.62618
2983,53:18.0,21.29035,9.54176,-5.97896,24.08469,24.14063,75.62618
2984,53:18.0,21.29035,9.54176,-5.97896,24.08469,24.14063,75.62618
2985,53:18.0,21.17946,8.88045,-5.98796,23.73368,22.74807,75.38647
2986,53:18.1,21.17946,8.88045,-5.98796,23.73368,22.74807,75.38647
2987,53:18.1,21.17946,8.88045,-5.98796,23.73368,22.74807,75.38647
2988,53:18.1,20.95769,8.31361,-5.99396,23.32956,21.63751,75.11229
2989,53:18.2,20.95769,8.31361,-5.99396,23.32956,21.63751,75.11229
2990,53:18.2,20.95769,8.31361,-5.99396,23.32956,21.63751,75.11229
2991,53:18.2,20.8468,7.6523,-5.99596,23.00214,20.15683,74.8902
2992,53:18.3,20.8468,7.6523,-5.99596,23.00214,20.15683,74.8902
2993,53:18.3,20.8468,7.6523,-5.99596,23.00214,20.15683,74.8902
2994,53:18.3,20.73592,6.99099,-5.99996,22.69034,18.63123,74.66703
2995,53:18.4,20.73592,6.99099,-5.99996,22.69034,18.63123,74.66703
2996,53:18.4,20.73592,6.99099,-5.99996,22.69034,18.63123,74.66703
2997,53:18.4,20.51414,6.32968,-6.00796,22.29328,17.14772,74.36569
2998,53:18.5,20.51414,6.32968,-6.00796,22.29328,17.14772,74.36569
2999,53:18.5,20.51414,6.32968,-6.00796,22.29328,17.14772,74.36569
3000,53:18.5,20.40325,5.76284,-6.00896,22.03658,15.77219,74.17611
3001,53:18.6,20.40325,5.76284,-6.00896,22.03658,15.77219,74.17611
3002,53:18.6,20.40325,5.76284,-6.00896,22.03658,15.77219,74.17611
3003,53:18.6,20.29237,5.10153,-5.99597,21.76597,14.1118,74.00972
3004,53:18.7,20.29237,5.10153,-5.99597,21.76597,14.1118,74.00972
3005,53:18.7,20.29237,5.10153,-5.99597,21.76597,14.1118,74.00972
3006,53:18.7,20.07059,4.44022,-5.98997,21.41084,12.47464,73.75392
3007,53:18.8,20.07059,4.44022,-5.98997,21.41084,12.47464,73.75392
3008,53:18.8,20.07059,4.44022,-5.98997,21.41084,12.47464,73.75392
3009,53:18.8,19.95971,3.77891,-5.98197,21.17673,10.72075,73.59183
3010,53:18.9,19.95971,3.77891,-5.98197,21.17673,10.72075,73.59183
3011,53:18.9,19.95971,3.77891,-5.98197,21.17673,10.72075,73.59183
3012,53:18.9,19.84882,3.1176,-5.97597,20.96204,8.92638,73.43606
3013,53:19.0,19.84882,3.1176,-5.97597,20.96204,8.92638,73.43606
3014,53:19.0,19.84882,3.1176,-5.97597,20.96204,8.92638,73.43606
3015,53:19.0,19.73793,2.45629,-5.95997,20.76393,7.09372,73.31948
3016,53:19.1,19.73793,2.45629,-5.95997,20.76393,7.09372,73.31948
3017,53:19.1,19.73793,2.45629,-5.95997,20.76393,7.09372,73.31948
3018,53:19.1,19.62705,1.70051,-5.95397,20.58063,4.95181,73.18397
3019,53:19.2,19.62705,1.70051,-5.95397,20.58063,4.95181,73.18397
3020,53:19.2,19.62705,1.70051,-5.95397,20.58063,4.95181,73.18397
3021,53:19.2,19.51616,1.0392,-5.95397,20.43062,3.04802,73.05678
3022,53:19.3,19.51616,1.0392,-5.95397,20.43062,3.04802,73.05678
3023,53:19.3,19.51616,1.0392,-5.95397,20.43062,3.04802,73.05678
3024,53:19.3,19.40527,0.37789,-5.95297,20.30136,1.11562,72.94856
3025,53:19.4,19.40527,0.37789,-5.95297,20.30136,1.11562,72.94856
3026,53:19.4,19.40527,0.37789,-5.95297,20.30136,1.11562,72.94856
3027,53:19.4,19.29438,-0.28342,-5.94597,20.19178,-0.84157,72.87396
3028,53:19.5,19.29438,-0.28342,-5.94597,20.19178,-0.84157,72.87396
3029,53:19.5,19.29438,-0.28342,-5.94597,20.19178,-0.84157,72.87396
3030,53:19.5,19.29438,-0.85026,-5.94297,20.20681,-2.52325,72.89598
3031,53:19.6,19.29438,-0.85026,-5.94297,20.20681,-2.52325,72.89598
3032,53:19.6,19.29438,-0.85026,-5.94297,20.20681,-2.52325,72.89598
3033,53:19.6,19.29438,-1.51157,-5.93997,20.24454,-4.47953,72.93772
3034,53:19.7,19.29438,-1.51157,-5.93997,20.24454,-4.47953,72.93772
3035,53:19.7,19.29438,-1.51157,-5.93997,20.24454,-4.47953,72.93772
3036,53:19.7,19.29438,-2.17288,-5.93697,20.30375,-6.42541,72.99785
3037,53:19.8,19.29438,-2.17288,-5.93697,20.30375,-6.42541,72.99785
3038,53:19.8,19.29438,-2.17288,-5.93697,20.30375,-6.42541,72.99785
3039,53:19.8,19.40527,-2.83419,-5.93097,20.48838,-8.30943,73.17319
3040,53:19.9,19.40527,-2.83419,-5.93097,20.48838,-8.30943,73.17319
3041,53:19.9,19.40527,-2.83419,-5.93097,20.48838,-8.30943,73.17319
3042,53:19.9,19.40527,-3.4955,-5.93097,20.59027,-10.21126,73.25892
3043,53:20.0,19.40527,-3.4955,-5.93097,20.59027,-10.21126,73.25892
3044,53:20.0,19.40527,-3.4955,-5.93097,20.59027,-10.21126,73.25892
3045,53:20.0,19.62704,-4.06233,-5.93597,20.90357,-11.69375,73.50276
3046,53:20.1,19.62704,-4.06233,-5.93597,20.90357,-11.69375,73.50276
3047,53:20.1,19.62704,-4.06233,-5.93597,20.90357,-11.69375,73.50276
3048,53:20.1,19.84882,-4.62917,-5.93697,21.22858,-13.12794,73.75957
3049,53:20.2,19.84882,-4.62917,-5.93697,21.22858,-13.12794,73.75957
3050,53:20.2,19.84882,-4.62917,-5.93697,21.22858,-13.12794,73.75957
3051,53:20.2,20.07059,-5.19601,-5.92997,21.56367,-14.51444,74.0381
3052,53:20.3,20.07059,-5.19601,-5.92997,21.56367,-14.51444,74.0381
3053,53:20.3,20.07059,-5.19601,-5.92997,21.56367,-14.51444,74.0381
3054,53:20.3,20.29237,-5.76284,-5.92796,21.9119,-15.85405,74.30382
3055,53:20.4,20.29237,-5.76284,-5.92796,21.9119,-15.85405,74.30382
3056,53:20.4,20.29237,-5.76284,-5.92796,21.9119,-15.85405,74.30382
3057,53:20.4,20.62503,-6.23521,-5.92696,22.34723,-16.82073,74.61989
3058,53:20.5,20.62503,-6.23521,-5.92696,22.34723,-16.82073,74.61989
3059,53:20.5,20.95769,-6.70757,-5.92696,22.78915,-17.74743,74.92529
3060,53:20.5,20.95769,-6.70757,-5.92596,22.78889,-17.74743,74.92772
3061,53:20.6,20.95769,-6.70757,-5.92596,22.78889,-17.74743,74.92772
3062,53:20.6,20.95769,-6.70757,-5.92596,22.78889,-17.74743,74.92772
3063,53:20.6,21.40124,-7.08546,-5.93196,23.31105,-18.31854,75.25782
3064,53:20.7,21.40124,-7.08546,-5.93196,23.31105,-18.31854,75.25782
3065,53:20.7,21.40124,-7.08546,-5.93196,23.31105,-18.31854,75.25782
3066,53:20.7,21.84479,-7.46336,-5.92996,23.83403,-18.86293,75.59336
3067,53:20.8,21.84479,-7.46336,-5.92996,23.83403,-18.86293,75.59336
3068,53:20.8,21.84479,-7.46336,-5.92996,23.83403,-18.86293,75.59336
3069,53:20.8,22.28834,-7.74678,-5.92696,24.32923,-19.16596,75.90002
3070,53:20.9,22.28834,-7.74678,-5.92696,24.32923,-19.16596,75.90002
3071,53:20.9,22.28834,-7.74678,-5.92696,24.32923,-19.16596,75.90002
3072,53:20.9,22.73189,-8.03019,-5.92095,24.82499,-19.45612,76.20151
3073,53:21.0,22.73189,-8.03019,-5.92095,24.82499,-19.45612,76.20151
3074,53:21.0,23.28632,-8.31361,-5.89995,25.42004,-19.64743,76.57935
3075,53:21.0,23.28632,-8.31361,-5.89995,25.42004,-19.64743,76.57935
3076,53:21.1,23.28632,-8.31361,-5.89995,25.42004,-19.64743,76.57935
3077,53:21.1,23.28632,-8.31361,-5.89995,25.42004,-19.64743,76.57935
3078,53:21.1,23.72987,-8.50256,-5.90095,25.88864,-19.71292,76.82442
3079,53:21.2,23.72987,-8.50256,-5.90095,25.88864,-19.71292,76.82442
3080,53:21.2,24.17342,-8.59703,-5.90495,26.32739,-19.57742,77.03892
3081,53:21.2,24.17342,-8.59703,-5.90495,26.32739,-19.57742,77.03892
3082,53:21.3,24.17342,-8.59703,-5.90495,26.32739,-19.57742,77.03892
3083,53:21.3,24.17342,-8.59703,-5.90495,26.32739,-19.57742,77.03892
3084,53:21.3,24.72786,-8.69151,-5.90495,26.86778,-19.36588,77.30401
3085,53:21.4,24.72786,-8.69151,-5.90495,26.86778,-19.36588,77.30401
3086,53:21.4,25.1714,-8.69151,-5.90794,27.2772,-19.04943,77.49123
3087,53:21.4,25.1714,-8.69151,-5.90794,27.2772,-19.04943,77.49123
3088,53:21.5,25.1714,-8.69151,-5.90794,27.2772,-19.04943,77.49123
3089,53:21.5,25.61495,-8.69151,-5.91394,27.68832,-18.74278,77.66719
3090,53:21.5,25.61495,-8.69151,-5.91394,27.68832,-18.74278,77.66719
3091,53:21.6,25.61495,-8.69151,-5.91394,27.68832,-18.74278,77.66719
3092,53:21.6,26.0585,-8.69151,-5.92394,28.10126,-18.44552,77.83036
3093,53:21.6,26.0585,-8.69151,-5.92394,28.10126,-18.44552,77.83036
3094,53:21.7,26.0585,-8.69151,-5.92394,28.10126,-18.44552,77.83036
3095,53:21.7,26.50205,-8.59704,-5.93294,28.48627,-17.97261,77.9788
3096,53:21.7,26.50205,-8.59704,-5.93294,28.48627,-17.97261,77.9788
3097,53:21.8,26.50205,-8.59704,-5.93294,28.48627,-17.97261,77.9788
3098,53:21.8,26.9456,-8.40809,-5.95994,28.8493,-17.32998,78.07749
3099,53:21.8,26.9456,-8.40809,-5.95994,28.8493,-17.32998,78.07749
3100,53:21.9,26.9456,-8.40809,-5.95994,28.8493,-17.32998,78.07749
3101,53:21.9,26.9456,-8.40809,-5.95994,28.8493,-17.32998,78.07749
3102,53:21.9,27.38915,-8.21914,-5.96494,29.21131,-16.70385,78.21735
3103,53:22.0,27.38915,-8.21914,-5.96494,29.21131,-16.70385,78.21735
3104,53:22.0,27.72181,-8.0302,-5.96593,29.4716,-16.15476,78.32091
3105,53:22.0,27.72181,-8.0302,-5.96593,29.4716,-16.15476,78.32091
3106,53:22.1,27.72181,-8.0302,-5.96593,29.4716,-16.15476,78.32091
3107,53:22.1,27.72181,-8.0302,-5.96593,29.4716,-16.15476,78.32091
3108,53:22.1,28.05447,-7.74678,-5.96693,29.70977,-15.43661,78.41387
3109,53:22.2,28.05447,-7.74678,-5.96693,29.70977,-15.43661,78.41387
3110,53:22.2,28.38714,-7.46336,-5.96193,29.95123,-14.73047,78.51831
3111,53:22.2,28.38714,-7.46336,-5.96193,29.95123,-14.73047,78.51831
3112,53:22.3,28.38714,-7.46336,-5.96193,29.95123,-14.73047,78.51831
3113,53:22.3,28.60891,-7.08547,-5.96093,30.07002,-13.91034,78.56623
3114,53:22.3,28.60891,-7.08547,-5.96093,30.07002,-13.91034,78.56623
3115,53:22.4,28.60891,-7.08547,-5.96093,30.07002,-13.91034,78.56623
3116,53:22.4,28.83069,-6.80205,-5.95993,30.21584,-13.27509,78.62409
3117,53:22.4,28.83069,-6.80205,-5.95993,30.21584,-13.27509,78.62409
3118,53:22.5,28.83069,-6.80205,-5.95993,30.21584,-13.27509,78.62409
3119,53:22.5,28.83069,-6.80205,-5.95993,30.21584,-13.27509,78.62409
3120,53:22.5,29.05246,-6.42416,-5.95693,30.34469,-12.46876,78.67881
3121,53:22.6,29.05246,-6.42416,-5.95693,30.34469,-12.46876,78.67881
3122,53:22.6,29.16335,-6.04627,-5.93493,30.36909,-11.71286,78.73035
3123,53:22.6,29.16335,-6.04627,-5.93493,30.36909,-11.71286,78.73035
3124,53:22.7,29.16335,-6.04627,-5.93493,30.36909,-11.71286,78.73035
3125,53:22.7,29.16335,-5.66838,-5.93193,30.29553,-10.99923,78.70841
3126,53:22.7,29.16335,-5.66838,-5.93193,30.29553,-10.99923,78.70841
3127,53:22.8,29.16335,-5.66838,-5.93193,30.29553,-10.99923,78.70841
3128,53:22.8,29.27424,-5.29048,-5.93193,30.3341,-10.24401,78.72296
3129,53:22.8,29.27424,-5.29048,-5.93293,30.3343,-10.24401,78.72111
3130,53:22.9,29.27424,-5.29048,-5.93293,30.3343,-10.24401,78.72111
3131,53:22.9,29.27424,-4.91259,-5.93193,30.27048,-9.52621,78.69895
3132,53:22.9,29.27424,-4.91259,-5.93093,30.27029,-9.52621,78.7008
3133,53:23.0,29.27424,-4.91259,-5.93093,30.27029,-9.52621,78.7008
3134,53:23.0,29.27424,-4.5347,-5.92593,30.21028,-8.80537,78.68773
3135,53:23.0,29.27424,-4.5347,-5.92593,30.21028,-8.80537,78.68773
3136,53:23.1,29.27424,-4.5347,-5.92593,30.21028,-8.80537,78.68773
3137,53:23.1,29.16335,-4.15681,-5.92393,30.04784,-8.11204,78.62965
3138,53:23.1,29.16335,-4.15681,-5.92393,30.04784,-8.11204,78.62965
3139,53:23.2,29.16335,-4.15681,-5.92393,30.04784,-8.11204,78.62965
3140,53:23.2,29.05246,-3.87339,-5.92393,29.9022,-7.59412,78.57353
3141,53:23.2,29.05246,-3.87339,-5.92393,29.9022,-7.59412,78.57353
3142,53:23.3,29.05246,-3.87339,-5.92393,29.9022,-7.59412,78.57353
3143,53:23.3,28.94157,-3.4955,-5.92593,29.74811,-6.8867,78.5096
3144,53:23.3,28.94157,-3.4955,-5.92593,29.74811,-6.8867,78.5096
3145,53:23.4,28.94157,-3.4955,-5.92593,29.74811,-6.8867,78.5096
3146,53:23.4,28.83069,-3.21208,-5.93393,29.60975,-6.35721,78.43937
3147,53:23.4,28.83069,-3.21208,-5.93393,29.60975,-6.35721,78.43937
3148,53:23.5,28.83069,-3.21208,-5.93393,29.60975,-6.35721,78.43937
3149,53:23.5,28.7198,-2.92866,-5.93693,29.47289,-5.82253,78.37899
3150,53:23.5,28.7198,-2.92866,-5.93693,29.47289,-5.82253,78.37899
3151,53:23.6,28.7198,-2.92866,-5.93693,29.47289,-5.82253,78.37899
3152,53:23.6,28.60891,-2.55077,-5.93794,29.32977,-5.09502,78.31949
3153,53:23.6,28.60891,-2.55077,-5.93794,29.32977,-5.09502,78.31949
3154,53:23.7,28.60891,-2.55077,-5.93794,29.32977,-5.09502,78.31949
3155,53:23.7,28.38714,-2.17288,-5.93794,29.08282,-4.37714,78.21889
3156,53:23.7,28.38714,-2.17288,-5.93794,29.08282,-4.37714,78.21889
3157,53:23.8,28.38714,-2.17288,-5.93794,29.08282,-4.37714,78.21889
3158,53:23.8,28.27625,-1.79499,-5.94194,28.94952,-3.63228,78.15577
3159,53:23.8,28.27625,-1.79499,-5.94194,28.94952,-3.63228,78.15577
3160,53:23.9,28.27625,-1.79499,-5.94194,28.94952,-3.63228,78.15577
3161,53:23.9,28.16536,-1.32262,-5.94294,28.81589,-2.68858,78.09801
3162,53:23.9,28.16536,-1.32262,-5.94294,28.81589,-2.68858,78.09801
3163,53:24.0,28.16536,-1.32262,-5.94294,28.81589,-2.68858,78.09801
3164,53:24.0,27.94359,-0.85026,-5.94294,28.58121,-1.74284,77.99883
3165,53:24.0,27.94359,-0.85026,-5.94294,28.58121,-1.74284,77.99883
3166,53:24.1,27.94359,-0.85026,-5.94294,28.58121,-1.74284,77.99883
3167,53:24.1,27.72182,-0.47236,-5.94594,28.35624,-0.97619,77.89598
3168,53:24.1,27.72182,-0.47236,-5.94594,28.35624,-0.97619,77.89598
3169,53:24.2,27.72182,-0.47236,-5.94594,28.35624,-0.97619,77.89598
3170,53:24.2,27.61093,0.09447,-5.94994,28.24489,0.19604,77.83924
3171,53:24.2,27.61093,0.09447,-5.94994,28.24489,0.19604,77.83924
3172,53:24.3,27.61093,0.09447,-5.94994,28.24489,0.19604,77.83924
3173,53:24.3,27.38915,0.56684,-5.95594,28.03498,1.18561,77.73422
3174,53:24.3,27.38915,0.56684,-5.95594,28.03498,1.18561,77.73422
3175,53:24.4,27.38915,0.56684,-5.95594,28.03498,1.18561,77.73422
3176,53:24.4,27.16738,1.0392,-5.96394,27.8337,2.1906,77.62727
3177,53:24.4,27.16738,1.0392,-5.96394,27.8337,2.1906,77.62727
3178,53:24.5,27.16738,1.0392,-5.96394,27.8337,2.1906,77.62727
3179,53:24.5,26.9456,1.51157,-5.97094,27.6406,3.21075,77.52458
3180,53:24.5,26.9456,1.51157,-5.97094,27.6406,3.21075,77.52458
3181,53:24.6,26.9456,1.51157,-5.97094,27.6406,3.21075,77.52458
3182,53:24.6,26.72383,2.0784,-5.98294,27.46413,4.44714,77.41747
3183,53:24.6,26.72383,2.0784,-5.98294,27.46413,4.44714,77.41747
3184,53:24.7,26.72383,2.0784,-5.98294,27.46413,4.44714,77.41747
3185,53:24.7,26.50206,2.55077,-5.98994,27.29001,5.49767,77.32079
3186,53:24.7,26.50206,2.55077,-5.98994,27.29001,5.49767,77.32079
3187,53:24.8,26.50206,2.55077,-5.98994,27.29001,5.49767,77.32079
3188,53:24.8,26.16939,3.11761,-5.99495,27.02769,6.79373,77.18478
3189,53:24.8,26.16939,3.11761,-5.99495,27.02769,6.79373,77.18478
3190,53:24.9,26.16939,3.11761,-5.99495,27.02769,6.79373,77.18478
3191,53:24.9,25.94762,3.58997,-6.00095,26.87337,7.87712,77.0968
3192,53:24.9,25.94762,3.58997,-6.00095,26.87337,7.87712,77.0968
3193,53:25.0,25.94762,3.58997,-6.00095,26.87337,7.87712,77.0968
3194,53:25.0,25.61496,4.06233,-6.01295,26.623,9.01162,76.94682
3195,53:25.0,25.61496,4.06233,-6.01295,26.623,9.01162,76.94682
3196,53:25.1,25.61496,4.06233,-6.01295,26.623,9.01162,76.94682
3197,53:25.1,25.28229,4.62917,-6.01795,26.39772,10.37589,76.82228
3198,53:25.1,25.28229,4.62917,-6.01795,26.39772,10.37589,76.82228
3199,53:25.2,25.28229,4.62917,-6.01795,26.39772,10.37589,76.82228
3200,53:25.2,24.94963,5.10154,-6.01995,26.16772,11.55617,76.69984
3201,53:25.2,24.94963,5.10154,-6.01995,26.16772,11.55617,76.69984
3202,53:25.3,24.94963,5.10154,-6.01995,26.16772,11.55617,76.69984
3203,53:25.3,24.61697,5.5739,-6.01895,25.94786,12.75808,76.58732
3204,53:25.3,24.61697,5.5739,-6.01895,25.94786,12.75808,76.58732
3205,53:25.4,24.61697,5.5739,-6.01895,25.94786,12.75808,76.58732
3206,53:25.4,24.28431,6.04627,-6.00695,25.73652,13.98113,76.50257
3207,53:25.4,24.28431,6.04627,-6.00695,25.73652,13.98113,76.50257
3208,53:25.5,24.28431,6.04627,-6.00695,25.73652,13.98113,76.50257
3209,53:25.5,23.95165,6.51863,-6.00395,25.53862,15.22475,76.4029
3210,53:25.5,23.95165,6.51863,-6.00395,25.53862,15.22475,76.4029
3211,53:25.6,23.95165,6.51863,-6.00395,25.53862,15.22475,76.4029
3212,53:25.6,23.5081,6.99099,-6.00095,25.24908,16.56177,76.25093
3213,53:25.6,23.5081,6.99099,-6.00095,25.24908,16.56177,76.25093
3214,53:25.7,23.5081,6.99099,-6.00095,25.24908,16.56177,76.25093
3215,53:25.7,23.17544,7.46336,-5.99695,25.07521,17.8505,76.16311
3216,53:25.7,23.17544,7.46336,-5.99695,25.07521,17.8505,76.16311
3217,53:25.8,23.17544,7.46336,-5.99695,25.07521,17.8505,76.16311
3218,53:25.8,22.73189,8.03019,-5.99395,24.84251,19.45612,76.03801
3219,53:25.8,22.73189,8.03019,-5.99395,24.84251,19.45612,76.03801
3220,53:25.9,22.73189,8.03019,-5.99395,24.84251,19.45612,76.03801
3221,53:25.9,22.39922,8.59703,-5.98995,24.7288,20.99727,75.98205
3222,53:25.9,22.39922,8.59703,-5.98995,24.7288,20.99727,75.98205
3223,53:26.0,22.39922,8.59703,-5.98995,24.7288,20.99727,75.98205
3224,53:26.0,21.95567,9.16387,-5.98596,24.53283,22.6547,75.87739
3225,53:26.0,21.95567,9.16387,-5.98596,24.53283,22.6547,75.87739
3226,53:26.1,21.95567,9.16387,-5.98596,24.53283,22.6547,75.87739
3227,53:26.1,21.51212,9.63623,-5.98696,24.3202,24.12972,75.74888
3228,53:26.1,21.51212,9.63623,-5.98796,24.32045,24.12972,75.7466
3229,53:26.2,21.51212,9.63623,-5.98796,24.32045,24.12972,75.7466
3230,53:26.2,21.06857,10.29754,-5.98996,24.20338,26.04768,75.67131
3231,53:26.2,21.06857,10.29754,-5.98996,24.20338,26.04768,75.67131
3232,53:26.3,21.06857,10.29754,-5.98996,24.20338,26.04768,75.67131
3233,53:26.3,20.62503,10.86438,-5.99296,24.06952,27.77834,75.58252
3234,53:26.3,20.62503,10.86438,-5.99196,24.06927,27.77834,75.58483
3235,53:26.4,20.62503,10.86438,-5.99196,24.06927,27.77834,75.58483
3236,53:26.4,20.07059,11.43122,-5.99896,23.86396,29.6637,75.44072
3237,53:26.4,20.07059,11.43122,-5.99896,23.86396,29.6637,75.44072
3238,53:26.5,20.07059,11.43122,-5.99896,23.86396,29.6637,75.44072
3239,53:26.5,19.62704,11.99805,-6.00596,23.77489,31.43754,75.36753
3240,53:26.5,19.62704,11.99805,-6.00596,23.77489,31.43754,75.36753
3241,53:26.6,19.62704,11.99805,-6.00596,23.77489,31.43754,75.36753
3242,53:26.6,19.18349,12.65936,-6.02196,23.75983,33.42119,75.31817
3243,53:26.6,19.18349,12.65936,-6.02196,23.75983,33.42119,75.31817
3244,53:26.7,19.18349,12.65936,-6.02196,23.75983,33.42119,75.31817
3245,53:26.7,18.73994,13.2262,-6.02596,23.7156,35.21352,75.28018
3246,53:26.7,18.73994,13.2262,-6.02596,23.7156,35.21352,75.28018
3247,53:26.8,18.73994,13.2262,-6.02596,23.7156,35.21352,75.28018
3248,53:26.8,18.1855,13.88751,-6.02396,23.66143,37.36746,75.25072
3249,53:26.8,18.1855,13.88751,-6.02296,23.66118,37.36746,75.25306
3250,53:26.9,18.1855,13.88751,-6.02296,23.66118,37.36746,75.25306
3251,53:26.9,17.74195,14.54882,-6.02096,23.72123,39.35256,75.29624
3252,53:26.9,17.74195,14.54882,-6.02096,23.72123,39.35256,75.29624
3253,53:27.0,17.74195,14.54882,-6.02096,23.72123,39.35256,75.29624
3254,53:27.0,17.18751,15.21013,-6.01696,23.72683,41.50729,75.30977
3255,53:27.0,17.18751,15.21013,-6.01696,23.72683,41.50729,75.30977
3256,53:27.1,17.18751,15.21013,-6.01696,23.72683,41.50729,75.30977
3257,53:27.1,16.74396,15.87143,-6.01596,23.84228,43.46758,75.38498
3258,53:27.1,16.74396,15.87143,-6.01596,23.84228,43.46758,75.38498
3259,53:27.2,16.74396,15.87143,-6.01596,23.84228,43.46758,75.38498
3260,53:27.2,16.18953,16.53274,-6.01396,23.90816,45.60094,75.43109
3261,53:27.2,16.18953,16.53274,-6.01396,23.90816,45.60094,75.43109
3262,53:27.3,16.18953,16.53274,-6.01396,23.90816,45.60094,75.43109
3263,53:27.3,15.85686,17.28853,-6.01496,24.21803,47.47326,75.61911
3264,53:27.3,15.85686,17.28853,-6.01496,24.21803,47.47326,75.61911
3265,53:27.4,15.85686,17.28853,-6.01496,24.21803,47.47326,75.61911
3266,53:27.4,15.41331,17.94983,-6.01396,24.41177,49.3477,75.73809
3267,53:27.4,15.41331,17.94983,-6.01396,24.41177,49.3477,75.73809
3268,53:27.5,15.41331,17.94983,-6.01396,24.41177,49.3477,75.73809
3269,53:27.5,15.08065,18.70562,-6.02295,24.77099,51.1239,75.92774
3270,53:27.5,15.08065,18.70562,-6.02195,24.77075,51.1239,75.92998
3271,53:27.6,15.08065,18.70562,-6.02195,24.77075,51.1239,75.92998
3272,53:27.6,14.74799,19.4614,-6.03395,25.15269,52.84489,76.11978
3273,53:27.6,14.74799,19.4614,-6.03495,25.15293,52.84489,76.11756
3274,53:27.7,14.74799,19.4614,-6.03495,25.15293,52.84489,76.11756
3275,53:27.7,14.52621,20.12271,-6.04395,25.54337,54.17518,76.31314
3276,53:27.7,14.52621,20.12271,-6.04395,25.54337,54.17518,76.31314
3277,53:27.8,14.52621,20.12271,-6.04395,25.54337,54.17518,76.31314
3278,53:27.8,14.41532,20.87849,-6.06395,26.08609,55.37729,76.55811
3279,53:27.8,14.41532,20.87849,-6.06395,26.08609,55.37729,76.55811
3280,53:27.9,14.41532,20.87849,-6.06395,26.08609,55.37729,76.55811
3281,53:27.9,14.19355,21.63427,-6.06995,26.57711,56.73241,76.79769
3282,53:27.9,14.19355,21.63427,-6.07095,26.57734,56.73241,76.79559
3283,53:28.0,14.19355,21.63427,-6.07095,26.57734,56.73241,76.79559
3284,53:28.0,14.19355,22.29558,-6.07195,27.11859,57.51884,77.0616
3285,53:28.0,14.19355,22.29558,-6.07195,27.11859,57.51884,77.0616
3286,53:28.1,14.19355,22.29558,-6.07195,27.11859,57.51884,77.0616
3287,53:28.1,14.08266,22.95689,-6.06694,27.60703,58.47341,77.30501
3288,53:28.1,14.08266,22.95689,-6.06694,27.60703,58.47341,77.30501
3289,53:28.2,14.08266,22.95689,-6.06694,27.60703,58.47341,77.30501
3290,53:28.2,14.19354,23.6182,-6.06094,28.21367,58.99591,77.59487
3291,53:28.2,14.19354,23.6182,-6.06094,28.21367,58.99591,77.59487
3292,53:28.3,14.19354,23.6182,-6.06094,28.21367,58.99591,77.59487
3293,53:28.3,14.19354,24.27951,-6.05394,28.76806,59.6899,77.85189
3294,53:28.3,14.19354,24.27951,-6.05394,28.76806,59.6899,77.85189
3295,53:28.4,14.19354,24.27951,-6.05394,28.76806,59.6899,77.85189
3296,53:28.4,14.30443,25.03529,-6.04893,29.46137,60.25763,78.15191
3297,53:28.4,14.30443,25.03529,-6.04893,29.46137,60.25763,78.15191
3298,53:28.5,14.30443,25.03529,-6.04893,29.46137,60.25763,78.15191
3299,53:28.5,14.41531,25.6966,-6.04393,30.07733,60.70839,78.40769
3300,53:28.5,14.41531,25.6966,-6.04393,30.07733,60.70839,78.40769
3301,53:28.6,14.41531,25.6966,-6.04393,30.07733,60.70839,78.40769
3302,53:28.6,14.5262,26.35791,-6.03293,30.6944,61.14025,78.66482
3303,53:28.6,14.5262,26.35791,-6.03293,30.6944,61.14025,78.66482
3304,53:28.7,14.5262,26.35791,-6.03293,30.6944,61.14025,78.66482
3305,53:28.7,14.74797,27.01922,-6.02193,31.36566,61.37285,78.931
3306,53:28.7,14.74797,27.01922,-6.02193,31.36566,61.37285,78.931
3307,53:28.8,14.74797,27.01922,-6.02193,31.36566,61.37285,78.931
3308,53:28.8,14.96974,27.58606,-6.00792,31.95589,61.51326,79.16352
3309,53:28.8,14.96974,27.58606,-6.00792,31.95589,61.51326,79.16352
3310,53:28.9,14.96974,27.58606,-6.00792,31.95589,61.51326,79.16352
3311,53:28.9,15.3024,28.1529,-5.99292,32.59853,61.47387,79.40648
3312,53:28.9,15.3024,28.1529,-5.99292,32.59853,61.47387,79.40648
3313,53:29.0,15.3024,28.1529,-5.99292,32.59853,61.47387,79.40648
3314,53:29.0,15.63506,28.62526,-5.97592,33.1598,61.35672,79.61768
3315,53:29.0,15.63506,28.62526,-5.97592,33.1598,61.35672,79.61768
3316,53:29.1,15.63506,28.62526,-5.97592,33.1598,61.35672,79.61768
3317,53:29.1,15.96772,29.09763,-5.96091,33.72199,61.24361,79.81853
3318,53:29.1,15.96772,29.09763,-5.96091,33.72199,61.24361,79.81853
3319,53:29.2,15.96772,29.09763,-5.96091,33.72199,61.24361,79.81853
3320,53:29.2,16.30038,29.56999,-5.94691,34.28488,61.13436,80.01119
3321,53:29.2,16.30038,29.56999,-5.94691,34.28488,61.13436,80.01119
3322,53:29.3,16.30038,29.56999,-5.94691,34.28488,61.13436,80.01119
3323,53:29.3,16.74393,29.94788,-5.93691,34.82071,60.79034,80.18315
3324,53:29.3,16.74393,29.94788,-5.93691,34.82071,60.79034,80.18315
3325,53:29.4,16.74393,29.94788,-5.93691,34.82071,60.79034,80.18315
3326,53:29.4,17.18748,30.32578,-5.9219,35.35719,60.45711,80.3582
3327,53:29.4,17.18748,30.32578,-5.9219,35.35719,60.45711,80.3582
3328,53:29.5,17.18748,30.32578,-5.9219,35.35719,60.45711,80.3582
3329,53:29.5,17.63103,30.6092,-5.9099,35.81484,60.05787,80.50203
3330,53:29.5,17.63103,30.6092,-5.9099,35.81484,60.05787,80.50203
3331,53:29.6,17.63103,30.6092,-5.9099,35.81484,60.05787,80.50203
3332,53:29.6,18.07458,30.89262,-5.8939,36.27371,59.66906,80.64889
3333,53:29.6,18.07458,30.89262,-5.8939,36.27371,59.66906,80.64889
3334,53:29.7,18.07458,30.89262,-5.8939,36.27371,59.66906,80.64889
3335,53:29.7,18.51813,31.08156,-5.8829,36.65505,59.21388,80.76446
3336,53:29.7,18.51813,31.08156,-5.8829,36.65505,59.21388,80.76446
3337,53:29.8,18.51813,31.08156,-5.8829,36.65505,59.21388,80.76446
3338,53:29.8,19.07256,31.27051,-5.87189,37.09564,58.62008,80.8923
3339,53:29.8,19.07256,31.27051,-5.87189,37.09564,58.62008,80.8923
3340,53:29.9,19.07256,31.27051,-5.87189,37.09564,58.62008,80.8923
3341,53:29.9,19.51611,31.45946,-5.86189,37.4825,58.1863,81.00257
3342,53:29.9,19.51611,31.45946,-5.86189,37.4825,58.1863,81.00257
3343,53:30.0,19.51611,31.45946,-5.86189,37.4825,58.1863,81.00257
3344,53:30.0,20.07055,31.55393,-5.85689,37.85209,57.54074,81.09881
3345,53:30.0,20.07055,31.55393,-5.85689,37.85209,57.54074,81.09881
3346,53:30.1,20.07055,31.55393,-5.85689,37.85209,57.54074,81.09881
3347,53:30.1,20.51409,31.55393,-5.84989,38.08806,56.97098,81.16505
3348,53:30.1,20.51409,31.55393,-5.84989,38.08806,56.97098,81.16505
3349,53:30.2,20.51409,31.55393,-5.84989,38.08806,56.97098,81.16505
3350,53:30.2,20.95764,31.55394,-5.84189,38.32755,56.40849,81.2328
3351,53:30.2,20.95764,31.55394,-5.84189,38.32755,56.40849,81.2328
3352,53:30.3,20.95764,31.55394,-5.84189,38.32755,56.40849,81.2328
3353,53:30.3,21.40119,31.45946,-5.83589,38.49372,55.77339,81.27998
3354,53:30.3,21.40119,31.45946,-5.83589,38.49372,55.77339,81.27998
3355,53:30.4,21.40119,31.45946,-5.83589,38.49372,55.77339,81.27998
3356,53:30.4,21.95563,31.36499,-5.83189,38.72755,55.00781,81.33903
3357,53:30.4,21.95563,31.36499,-5.83189,38.72755,55.00781,81.33903
3358,53:30.5,21.95563,31.36499,-5.83189,38.72755,55.00781,81.33903
3359,53:30.5,22.28829,31.27052,-5.82888,38.84056,54.52035,81.3689
3360,53:30.5,22.28829,31.27052,-5.82888,38.84056,54.52035,81.3689
3361,53:30.6,22.28829,31.27052,-5.82888,38.84056,54.52035,81.3689
3362,53:30.6,22.73184,30.9871,-5.82988,38.87062,53.73659,81.37413
3363,53:30.6,22.73184,30.9871,-5.82988,38.87062,53.73659,81.37413
3364,53:30.7,22.73184,30.9871,-5.82988,38.87062,53.73659,81.37413
3365,53:30.7,23.0645,30.79816,-5.83088,38.91654,53.17074,81.3829
3366,53:30.7,23.0645,30.79816,-5.83088,38.91654,53.17074,81.3829
3367,53:30.8,23.0645,30.79816,-5.83088,38.91654,53.17074,81.3829
3368,53:30.8,23.39717,30.51474,-5.83088,38.89185,52.52083,81.37738
3369,53:30.8,23.39717,30.51474,-5.83088,38.89185,52.52083,81.37738
3370,53:30.9,23.39717,30.51474,-5.83088,38.89185,52.52083,81.37738
3371,53:30.9,23.72983,30.23132,-5.83188,38.87221,51.87015,81.3715
3372,53:30.9,23.72983,30.23132,-5.83188,38.87221,51.87015,81.3715
3373,53:31.0,23.72983,30.23132,-5.83188,38.87221,51.87015,81.3715
3374,53:31.0,23.9516,29.94791,-5.82788,38.78815,51.34803,81.35864
3375,53:31.0,23.9516,29.94791,-5.82788,38.78815,51.34803,81.35864
3376,53:31.1,23.9516,29.94791,-5.82788,38.78815,51.34803,81.35864
3377,53:31.1,24.17338,29.57001,-5.83089,38.63596,50.73413,81.31983
3378,53:31.1,24.17338,29.57001,-5.83089,38.63596,50.73413,81.31983
3379,53:31.2,24.17338,29.57001,-5.83089,38.63596,50.73413,81.31983
3380,53:31.2,24.28427,29.19212,-5.83589,38.41827,50.24369,81.26272
3381,53:31.2,24.28427,29.19212,-5.83589,38.41827,50.24369,81.26272
3382,53:31.3,24.28427,29.19212,-5.83589,38.41827,50.24369,81.26272
3383,53:31.3,24.39516,28.9087,-5.84089,38.2747,49.84002,81.22211
3384,53:31.3,24.39516,28.9087,-5.84089,38.2747,49.84002,81.22211
3385,53:31.4,24.39516,28.9087,-5.84089,38.2747,49.84002,81.22211
3386,53:31.4,24.39516,28.53081,-5.84289,37.9904,49.46804,81.15284
3387,53:31.4,24.39516,28.53081,-5.84289,37.9904,49.46804,81.15284
3388,53:31.5,24.39516,28.53081,-5.84289,37.9904,49.46804,81.15284
3389,53:31.5,24.50605,28.15292,-5.84189,37.77911,48.96167,81.1045
3390,53:31.5,24.50605,28.15292,-5.84189,37.77911,48.96167,81.1045
3391,53:31.6,24.50605,28.15292,-5.84189,37.77911,48.96167,81.1045
3392,53:31.6,24.50605,27.68056,-5.83789,37.42781,48.48101,81.02651
3393,53:31.6,24.50605,27.68056,-5.83789,37.42781,48.48101,81.02651
3394,53:31.7,24.50605,27.68056,-5.83789,37.42781,48.48101,81.02651
3395,53:31.7,24.50605,27.20819,-5.83789,37.07982,47.99107,80.94159
3396,53:31.7,24.50605,27.20819,-5.83789,37.07982,47.99107,80.94159
3397,53:31.8,24.50605,27.20819,-5.83789,37.07982,47.99107,80.94159
3398,53:31.8,24.39516,26.73583,-5.8399,36.66105,47.62105,80.83406
3399,53:31.8,24.39516,26.73583,-5.8399,36.66105,47.62105,80.83406
3400,53:31.9,24.39516,26.73583,-5.8399,36.66105,47.62105,80.83406
3401,53:31.9,24.39516,26.26346,-5.8399,36.31801,47.11212,80.74673
3402,53:31.9,24.39516,26.26346,-5.8399,36.31801,47.11212,80.74673
3403,53:32.0,24.39516,26.26346,-5.8399,36.31801,47.11212,80.74673
3404,53:32.0,24.39516,25.69663,-5.8389,35.91007,46.4883,80.64228
3405,53:32.0,24.39516,25.69663,-5.8389,35.91007,46.4883,80.64228
3406,53:32.1,24.39516,25.69663,-5.8389,35.91007,46.4883,80.64228
3407,53:32.1,24.39517,25.22426,-5.8379,35.57343,45.95727,80.55455
3408,53:32.1,24.39517,25.22426,-5.8379,35.57343,45.95727,80.55455
3409,53:32.2,24.39517,25.22426,-5.8379,35.57343,45.95727,80.55455
3410,53:32.2,24.28428,24.65742,-5.83391,35.09629,45.43683,80.43155
3411,53:32.2,24.28428,24.65742,-5.83391,35.09629,45.43683,80.43155
3412,53:32.3,24.28428,24.65742,-5.83391,35.09629,45.43683,80.43155
3413,53:32.3,24.28428,23.99611,-5.83691,34.63538,44.65803,80.29796
3414,53:32.3,24.28428,23.99611,-5.83691,34.63538,44.65803,80.29796
3415,53:32.4,24.28428,23.99611,-5.83691,34.63538,44.65803,80.29796
3416,53:32.4,24.28428,23.3348,-5.84091,34.18122,43.85773,80.16097
3417,53:32.4,24.28428,23.3348,-5.84091,34.18122,43.85773,80.16097
3418,53:32.5,24.28428,23.3348,-5.84091,34.18122,43.85773,80.16097
3419,53:32.5,24.28428,22.76797,-5.84291,33.79714,43.15421,80.04458
3420,53:32.5,24.28428,22.76797,-5.84291,33.79714,43.15421,80.04458
3421,53:32.6,24.28428,22.76797,-5.84291,33.79714,43.15421,80.04458
3422,53:32.6,24.39517,22.10666,-5.84491,33.43638,42.18255,79.93257
3423,53:32.6,24.39517,22.10666,-5.84491,33.43638,42.18255,79.93257
3424,53:32.7,24.39517,22.10666,-5.84491,33.43638,42.18255,79.93257
3425,53:32.7,24.39517,21.44535,-5.84692,33.00324,41.3181,79.79551
3426,53:32.7,24.39517,21.44535,-5.84692,33.00324,41.3181,79.79551
3427,53:32.8,24.39517,21.44535,-5.84692,33.00324,41.3181,79.79551
3428,53:32.8,24.39518,20.68956,-5.84992,32.51775,40.3013,79.63611
3429,53:32.8,24.39518,20.68956,-5.84992,32.51775,40.3013,79.63611
3430,53:32.9,24.39518,20.68956,-5.84992,32.51775,40.3013,79.63611
3431,53:32.9,24.39518,20.12273,-5.84992,32.16007,39.51803,79.51954
3432,53:32.9,24.39518,20.12273,-5.84992,32.16007,39.51803,79.51954
3433,53:33.0,24.39518,20.12273,-5.84992,32.16007,39.51803,79.51954
3434,53:33.0,24.50607,19.55589,-5.84692,31.89305,38.58994,79.43627
3435,53:33.0,24.50607,19.55589,-5.84692,31.89305,38.58994,79.43627
3436,53:33.1,24.50607,19.55589,-5.84692,31.89305,38.58994,79.43627
3437,53:33.1,24.50607,18.89458,-5.84692,31.49189,37.63281,79.30012
3438,53:33.1,24.50607,18.89458,-5.84692,31.49189,37.63281,79.30012
3439,53:33.2,24.50607,18.89458,-5.84692,31.49189,37.63281,79.30012
3440,53:33.2,24.61696,18.1388,-5.85293,31.13306,36.38433,79.16408
3441,53:33.2,24.61696,18.1388,-5.85293,31.13306,36.38433,79.16408
3442,53:33.3,24.61696,18.1388,-5.85293,31.13306,36.38433,79.16408
3443,53:33.3,24.61696,17.38301,-5.84693,30.69772,35.22744,79.01991
3444,53:33.3,24.61696,17.38301,-5.84693,30.69772,35.22744,79.01991
3445,53:33.4,24.61696,17.38301,-5.84693,30.69772,35.22744,79.01991
3446,53:33.4,24.61696,16.62723,-5.83593,30.27404,34.03659,78.88551
3447,53:33.4,24.61696,16.62723,-5.83593,30.27404,34.03659,78.88551
3448,53:33.5,24.61696,16.62723,-5.83593,30.27404,34.03659,78.88551
3449,53:33.5,24.72785,15.87145,-5.82093,29.95417,32.69418,78.79453
3450,53:33.5,24.72785,15.87145,-5.82093,29.95417,32.69418,78.79453
3451,53:33.6,24.72785,15.87145,-5.82093,29.95417,32.69418,78.79453
3452,53:33.6,24.72785,15.02119,-5.80893,29.51011,31.27703,78.64744
3453,53:33.6,24.72785,15.02119,-5.80893,29.51011,31.27703,78.64744
3454,53:33.7,24.72785,15.02119,-5.80893,29.51011,31.27703,78.64744
3455,53:33.7,24.72785,14.26541,-5.80194,29.13127,29.98049,78.51185
3456,53:33.7,24.72785,14.26541,-5.80194,29.13127,29.98049,78.51185
3457,53:33.8,24.72785,14.26541,-5.80194,29.13127,29.98049,78.51185
3458,53:33.8,24.83874,13.50962,-5.80794,28.86529,28.54148,78.39237
3459,53:33.8,24.83874,13.50962,-5.80794,28.86529,28.54148,78.39237
3460,53:33.9,24.83874,13.50962,-5.80794,28.86529,28.54148,78.39237
3461,53:33.9,24.83874,12.75384,-5.81394,28.52061,27.17894,78.23779
3462,53:33.9,24.83874,12.75384,-5.81394,28.52061,27.17894,78.23779
3463,53:34.0,24.83874,12.75384,-5.81394,28.52061,27.17894,78.23779
3464,53:34.0,24.83874,11.99806,-5.82194,28.1924,25.78231,78.08224
3465,53:34.0,24.83874,11.99806,-5.82194,28.1924,25.78231,78.08224
3466,53:34.1,24.83874,11.99806,-5.82194,28.1924,25.78231,78.08224
3467,53:34.1,24.83874,11.24227,-5.83594,27.88207,24.35201,77.9182
3468,53:34.1,24.83874,11.24227,-5.83594,27.88207,24.35201,77.9182
3469,53:34.2,24.83874,11.24227,-5.83594,27.88207,24.35201,77.9182
3470,53:34.2,24.83874,10.48649,-5.85694,27.59046,22.88864,77.74391
3471,53:34.2,24.83874,10.48649,-5.85694,27.59046,22.88864,77.74391
3472,53:34.3,24.83874,10.48649,-5.85694,27.59046,22.88864,77.74391
3473,53:34.3,24.83874,9.73071,-5.87094,27.31516,21.39302,77.58837
3474,53:34.3,24.83874,9.73071,-5.87094,27.31516,21.39302,77.58837
3475,53:34.4,24.83874,9.73071,-5.87094,27.31516,21.39302,77.58837
3476,53:34.4,24.83874,8.88045,-5.87995,27.0259,19.6732,77.43383
3477,53:34.4,24.83874,8.88045,-5.87995,27.0259,19.6732,77.43383
3478,53:34.5,24.83874,8.88045,-5.87995,27.0259,19.6732,77.43383
3479,53:34.5,24.72786,8.12467,-5.88695,26.68582,18.18863,77.25561
3480,53:34.5,24.72786,8.12467,-5.88695,26.68582,18.18863,77.25561
3481,53:34.6,24.72786,8.12467,-5.88695,26.68582,18.18863,77.25561
3482,53:34.6,24.61697,7.27441,-5.89795,26.33815,16.46262,77.05993
3483,53:34.6,24.61697,7.27441,-5.89795,26.33815,16.46262,77.05993
3484,53:34.7,24.61697,7.27441,-5.89795,26.33815,16.46262,77.05993
3485,53:34.7,24.3952,6.6131,-5.90295,25.9558,15.16735,76.85459
3486,53:34.7,24.3952,6.6131,-5.90295,25.9558,15.16735,76.85459
3487,53:34.8,24.3952,6.6131,-5.90295,25.9558,15.16735,76.85459
3488,53:34.8,24.17342,5.85732,-5.90995,25.56541,13.62049,76.63404
3489,53:34.8,24.17342,5.85732,-5.90995,25.56541,13.62049,76.63404
3490,53:34.9,24.17342,5.85732,-5.90995,25.56541,13.62049,76.63404
3491,53:34.9,23.95165,5.19601,-5.91295,25.21196,12.23994,76.4361
3492,53:34.9,23.95165,5.19601,-5.91295,25.21196,12.23994,76.4361
3493,53:35.0,23.95165,5.19601,-5.91295,25.21196,12.23994,76.4361
3494,53:35.0,23.72987,4.62917,-5.90795,24.88855,11.0385,76.26826
3495,53:35.0,23.72987,4.62917,-5.90795,24.88855,11.0385,76.26826
3496,53:35.1,23.72987,4.62917,-5.90795,24.88855,11.0385,76.26826
3497,53:35.1,23.39721,3.96786,-5.90196,24.45417,9.62504,76.03391
3498,53:35.1,23.39721,3.96786,-5.90196,24.45417,9.62504,76.03391
3499,53:35.2,23.39721,3.96786,-5.90196,24.45417,9.62504,76.03391
3500,53:35.2,23.06455,3.40102,-5.89396,24.04744,8.3882,75.81243
3501,53:35.2,23.06455,3.40102,-5.89396,24.04744,8.3882,75.81243
3502,53:35.3,23.06455,3.40102,-5.89396,24.04744,8.3882,75.81243
3503,53:35.3,22.73189,2.83419,-5.88696,23.65222,7.1069,75.58777
3504,53:35.3,22.73189,2.83419,-5.88696,23.65222,7.1069,75.58777
3505,53:35.4,22.73189,2.83419,-5.88696,23.65222,7.1069,75.58777
3506,53:35.4,22.28834,2.36182,-5.87396,23.17006,6.04887,75.31438
3507,53:35.4,22.28834,2.36182,-5.87396,23.17006,6.04887,75.31438
3508,53:35.5,22.28834,2.36182,-5.87396,23.17006,6.04887,75.31438
3509,53:35.5,21.84479,1.88946,-5.86696,22.69771,4.94347,75.01996
3510,53:35.5,21.84479,1.88946,-5.86696,22.69771,4.94347,75.01996
3511,53:35.6,21.84479,1.88946,-5.86696,22.69771,4.94347,75.01996
3512,53:35.6,21.40124,1.51157,-5.85796,22.23991,4.04008,74.72818
3513,53:35.6,21.40124,1.51157,-5.85796,22.23991,4.04008,74.72818
3514,53:35.7,21.40124,1.51157,-5.85796,22.23991,4.04008,74.72818
3515,53:35.7,20.95769,1.13367,-5.84897,21.78808,3.09631,74.42807
3516,53:35.7,20.95769,1.13367,-5.84897,21.78808,3.09631,74.42807
3517,53:35.8,20.95769,1.13367,-5.84897,21.78808,3.09631,74.42807
3518,53:35.8,20.51414,0.85026,-5.83197,21.34396,2.3734,74.14301
3519,53:35.8,20.51414,0.85026,-5.83197,21.34396,2.3734,74.14301
3520,53:35.9,20.51414,0.85026,-5.83197,21.34396,2.3734,74.14301
3521,53:35.9,19.95971,0.56684,-5.82597,20.80032,1.62671,73.7344
3522,53:35.9,19.95971,0.56684,-5.82597,20.80032,1.62671,73.7344
3523,53:36.0,19.95971,0.56684,-5.82597,20.80032,1.62671,73.7344
3524,53:36.0,19.51616,0.37789,-5.81897,20.36869,1.10928,73.40038
3525,53:36.0,19.51616,0.37789,-5.81897,20.36869,1.10928,73.40038
3526,53:36.1,19.51616,0.37789,-5.81897,20.36869,1.10928,73.40038
3527,53:36.1,19.07261,0.28342,-5.81797,19.94225,0.85135,73.03779
3528,53:36.1,19.07261,0.28342,-5.81797,19.94225,0.85135,73.03779
3529,53:36.2,19.07261,0.28342,-5.81797,19.94225,0.85135,73.03779
3530,53:36.2,18.51817,0.18895,-5.82697,19.41422,0.58458,72.53402
3531,53:36.2,18.51817,0.18895,-5.82697,19.41422,0.58458,72.53402
3532,53:36.3,18.51817,0.18895,-5.82697,19.41422,0.58458,72.53402
3533,53:36.3,18.07462,0.09447,-5.83497,18.99336,0.29947,72.10875
3534,53:36.3,18.07462,0.09447,-5.83497,18.99336,0.29947,72.10875
3535,53:36.4,18.07462,0.09447,-5.83497,18.99336,0.29947,72.10875
3536,53:36.4,17.52019,-0.0,-5.83898,18.46756,-0.0,71.56825
3537,53:36.4,17.52019,-0.0,-5.83898,18.46756,-0.0,71.56825
3538,53:36.5,17.52019,-0.0,-5.83898,18.46756,-0.0,71.56825
3539,53:36.5,16.96575,-0.0,-5.84398,17.94405,-0.0,70.99336
3540,53:36.6,16.96575,-0.0,-5.84398,17.94405,-0.0,70.99336
3541,53:36.6,16.96575,-0.0,-5.84398,17.94405,-0.0,70.99336
3542,53:36.6,16.5222,0.09447,-5.85098,17.52786,0.32761,70.4998
3543,53:36.6,16.5222,0.09447,-5.85098,17.52786,0.32761,70.4998
3544,53:36.7,16.5222,0.09447,-5.85098,17.52786,0.32761,70.4998
3545,53:36.7,15.96777,0.18895,-5.84998,17.00669,0.67795,69.88039
3546,53:36.7,15.96777,0.18895,-5.84998,17.00669,0.67795,69.88039
3547,53:36.8,15.96777,0.18895,-5.84998,17.00669,0.67795,69.88039
3548,53:36.8,15.52422,0.28342,-5.84898,16.59193,1.04591,69.3585
3549,53:36.8,15.52422,0.28342,-5.84898,16.59193,1.04591,69.3585
3550,53:36.9,15.52422,0.28342,-5.84898,16.59193,1.04591,69.3585
3551,53:36.9,15.08067,0.47236,-5.84998,16.18246,1.79406,68.80757
3552,53:36.9,15.08067,0.47236,-5.84998,16.18246,1.79406,68.80757
3553,53:37.0,15.08067,0.47236,-5.84998,16.18246,1.79406,68.80757
3554,53:37.0,14.85889,0.75578,-5.85698,15.98944,2.91178,68.51219
3555,53:37.0,14.85889,0.75578,-5.85698,15.98944,2.91178,68.51219
3556,53:37.1,14.85889,0.75578,-5.85698,15.98944,2.91178,68.51219
3557,53:37.1,14.52623,1.0392,-5.85998,15.69811,4.09195,68.0812
3558,53:37.1,14.52623,1.0392,-5.85998,15.69811,4.09195,68.0812
3559,53:37.2,14.52623,1.0392,-5.85998,15.69811,4.09195,68.0812
3560,53:37.2,14.19357,1.32262,-5.85498,15.41063,5.3237,67.67056
3561,53:37.3,14.19357,1.32262,-5.85498,15.41063,5.3237,67.67056
3562,53:37.3,14.19357,1.32262,-5.85498,15.41063,5.3237,67.67056
3563,53:37.3,13.86091,1.70051,-5.84998,15.14063,6.99432,67.27078
3564,53:37.3,13.86091,1.70051,-5.84998,15.14063,6.99432,67.27078
3565,53:37.4,13.86091,1.70051,-5.84998,15.14063,6.99432,67.27078
3566,53:37.4,13.63913,2.0784,-5.83699,14.98052,8.66437,67.06801
3567,53:37.4,13.63913,2.0784,-5.83699,14.98052,8.66437,67.06801
3568,53:37.5,13.63913,2.0784,-5.83699,14.98052,8.66437,67.06801
3569,53:37.5,13.41736,2.45629,-5.83099,14.83439,10.37416,66.85422
3570,53:37.5,13.41736,2.45629,-5.83099,14.83439,10.37416,66.85422
3571,53:37.6,13.41736,2.45629,-5.83099,14.83439,10.37416,66.85422
3572,53:37.6,13.30647,2.83418,-5.82299,14.79871,12.02392,66.82884
3573,53:37.6,13.30647,2.83418,-5.82299,14.79871,12.02392,66.82884
3574,53:37.7,13.30647,2.83418,-5.82299,14.79871,12.02392,66.82884
3575,53:37.7,13.30647,3.30655,-5.81099,14.89171,13.95488,67.03205
3576,53:37.7,13.30647,3.30655,-5.81099,14.89171,13.95488,67.03205
3577,53:37.8,13.30647,3.30655,-5.81099,14.89171,13.95488,67.03205
3578,53:37.8,13.30647,3.68444,-5.78599,14.97047,15.47692,67.26352
3579,53:37.8,13.30647,3.68444,-5.78599,14.97047,15.47692,67.26352
3580,53:37.9,13.30647,3.68444,-5.78599,14.97047,15.47692,67.26352
3581,53:37.9,13.30647,4.1568,-5.77798,15.0906,17.34826,67.48742
3582,53:38.0,13.30647,4.1568,-5.77798,15.0906,17.34826,67.48742
3583,53:38.0,13.30647,4.1568,-5.77798,15.0906,17.34826,67.48742
3584,53:38.0,13.41736,4.53469,-5.77698,15.29583,18.67382,67.80973
3585,53:38.1,13.41736,4.53469,-5.77698,15.29583,18.67382,67.80973
3586,53:38.1,13.41736,4.53469,-5.77698,15.29583,18.67382,67.80973
3587,53:38.1,13.63913,4.81811,-5.77898,15.5768,19.4561,68.22274
3588,53:38.2,13.63913,4.81811,-5.77898,15.5768,19.4561,68.22274
3589,53:38.2,13.63913,4.81811,-5.77898,15.5768,19.4561,68.22274
3590,53:38.2,13.86091,5.196,-5.78398,15.89269,20.54939,68.65765
3591,53:38.2,13.86091,5.196,-5.78398,15.89269,20.54939,68.65765
3592,53:38.3,13.86091,5.196,-5.78398,15.89269,20.54939,68.65765
3593,53:38.3,14.08268,5.57389,-5.78798,16.21391,21.59355,69.08538
3594,53:38.3,14.08268,5.57389,-5.78798,16.21391,21.59355,69.08538
3595,53:38.4,14.08268,5.57389,-5.78798,16.21391,21.59355,69.08538
3596,53:38.4,14.30445,5.85731,-5.78998,16.50604,22.26786,69.465
3597,53:38.5,14.30445,5.85731,-5.78998,16.50604,22.26786,69.465
3598,53:38.5,14.30445,5.85731,-5.78998,16.50604,22.26786,69.465
3599,53:38.5,14.41534,6.2352,-5.79798,16.74206,23.39039,69.73807
3600,53:38.6,14.41534,6.2352,-5.79798,16.74206,23.39039,69.73807
3601,53:38.6,14.41534,6.2352,-5.79798,16.74206,23.39039,69.73807
3602,53:38.6,14.748,6.51862,-5.80498,17.1375,23.84545,70.2005
3603,53:38.7,14.748,6.51862,-5.80498,17.1375,23.84545,70.2005
3604,53:38.7,14.748,6.51862,-5.80498,17.1375,23.84545,70.2005
3605,53:38.7,14.85889,6.89651,-5.81198,17.38182,24.89761,70.4657
3606,53:38.8,14.85889,6.89651,-5.81198,17.38182,24.89761,70.4657
3607,53:38.8,14.85889,6.89651,-5.81198,17.38182,24.89761,70.4657
3608,53:38.8,15.08066,7.27441,-5.81798,17.72547,25.7511,70.8388
3609,53:38.9,15.08066,7.27441,-5.81798,17.72547,25.7511,70.8388
3610,53:38.9,15.08066,7.27441,-5.81798,17.72547,25.7511,70.8388
3611,53:38.9,15.30244,7.55782,-5.81998,18.03212,26.28462,71.17032
3612,53:39.0,15.30244,7.55782,-5.81998,18.03212,26.28462,71.17032
3613,53:39.0,15.30244,7.55782,-5.81998,18.03212,26.28462,71.17032
3614,53:39.0,15.52421,7.84124,-5.83298,18.34421,26.79823,71.45957
3615,53:39.1,15.52421,7.84124,-5.83298,18.34421,26.79823,71.45957
3616,53:39.1,15.52421,7.84124,-5.83298,18.34421,26.79823,71.45957
3617,53:39.1,15.6351,8.21913,-5.83898,18.60388,27.73022,71.70811
3618,53:39.2,15.6351,8.21913,-5.83898,18.60388,27.73022,71.70811
3619,53:39.2,15.6351,8.21913,-5.83898,18.60388,27.73022,71.70811
3620,53:39.2,15.85687,8.6915,-5.84397,19.00354,28.72811,72.09015
3621,53:39.3,15.85687,8.6915,-5.84397,19.00354,28.72811,72.09015
3622,53:39.3,15.85687,8.6915,-5.84397,19.00354,28.72811,72.09015
3623,53:39.3,15.96776,9.16386,-5.84697,19.31665,29.85142,72.3807
3624,53:39.4,15.96776,9.16386,-5.84697,19.31665,29.85142,72.3807
3625,53:39.4,15.96776,9.16386,-5.84697,19.31665,29.85142,72.3807
3626,53:39.4,16.07865,9.63623,-5.84797,19.63616,30.93503,72.67349
3627,53:39.5,16.07865,9.63623,-5.84797,19.63616,30.93503,72.67349
3628,53:39.5,16.07865,9.63623,-5.84797,19.63616,30.93503,72.67349
3629,53:39.5,16.18954,10.10859,-5.84697,19.96176,31.98026,72.96783
3630,53:39.6,16.18954,10.10859,-5.84697,19.96176,31.98026,72.96783
3631,53:39.6,16.18954,10.10859,-5.84697,19.96176,31.98026,72.96783
3632,53:39.6,16.18953,10.58096,-5.84397,20.2042,33.16733,73.18722
3633,53:39.7,16.18953,10.58096,-5.84397,20.2042,33.16733,73.18722
3634,53:39.7,16.18953,10.58096,-5.84397,20.2042,33.16733,73.18722
3635,53:39.7,16.18953,11.05332,-5.83997,20.45439,34.3231,73.41056
3636,53:39.8,16.18953,11.05332,-5.83997,20.45439,34.3231,73.41056
3637,53:39.8,16.18953,11.05332,-5.83997,20.45439,34.3231,73.41056
3638,53:39.8,16.07865,11.52568,-5.82397,20.62239,35.63415,73.5959
3639,53:39.9,16.07865,11.52568,-5.82397,20.62239,35.63415,73.5959
3640,53:39.9,16.07865,11.52568,-5.82397,20.62239,35.63415,73.5959
3641,53:39.9,15.96776,11.90357,-5.81997,20.74937,36.70363,73.71061
3642,53:40.0,15.96776,11.90357,-5.81997,20.74937,36.70363,73.71061
3643,53:40.0,15.96776,11.90357,-5.81997,20.74937,36.70363,73.71061
3644,53:40.0,15.74598,12.37594,-5.81097,20.85347,38.16644,73.81992
3645,53:40.1,15.74598,12.37594,-5.81097,20.85347,38.16644,73.81992
3646,53:40.1,15.74598,12.37594,-5.81097,20.85347,38.16644,73.81992
3647,53:40.1,15.52421,12.75383,-5.80197,20.91229,39.40463,73.89235
3648,53:40.2,15.52421,12.75383,-5.80197,20.91229,39.40463,73.89235
3649,53:40.2,15.52421,12.75383,-5.80197,20.91229,39.40463,73.89235
3650,53:40.2,15.30243,13.03725,-5.78597,20.91917,40.43007,73.9434
3651,53:40.3,15.30243,13.03725,-5.78597,20.91917,40.43007,73.9434
3652,53:40.3,15.30243,13.03725,-5.78597,20.91917,40.43007,73.9434
3653,53:40.3,15.08066,13.41514,-5.77697,20.99442,41.65499,74.02804
3654,53:40.4,15.08066,13.41514,-5.77697,20.99442,41.65499,74.02804
3655,53:40.4,15.08066,13.41514,-5.77697,20.99442,41.65499,74.02804
3656,53:40.4,14.748,13.69856,-5.76797,20.93856,42.88722,74.00991
3657,53:40.5,14.748,13.69856,-5.76797,20.93856,42.88722,74.00991
3658,53:40.5,14.748,13.69856,-5.76797,20.93856,42.88722,74.00991
3659,53:40.5,14.41533,13.8875,-5.75497,20.82749,43.93159,73.95954
3660,53:40.6,14.41533,13.8875,-5.75497,20.82749,43.93159,73.95954
3661,53:40.6,14.41533,13.8875,-5.75497,20.82749,43.93159,73.95954
3662,53:40.6,14.08267,14.07645,-5.73397,20.72068,44.98733,73.93505
3663,53:40.7,14.08267,14.07645,-5.73397,20.72068,44.98733,73.93505
3664,53:40.7,14.08267,14.07645,-5.73397,20.72068,44.98733,73.93505
3665,53:40.7,13.75001,14.26539,-5.72697,20.62431,46.05391,73.87818
3666,53:40.8,13.75001,14.26539,-5.72697,20.62431,46.05391,73.87818
3667,53:40.8,13.75001,14.26539,-5.72697,20.62431,46.05391,73.87818
3668,53:40.8,13.41735,14.35986,-5.72397,20.46936,46.94337,73.76152
3669,53:40.9,13.41735,14.35986,-5.72397,20.46936,46.94337,73.76152
3670,53:40.9,13.41735,14.35986,-5.72397,20.46936,46.94337,73.76152
3671,53:40.9,13.08469,14.45434,-5.72797,20.32108,47.84725,73.62796
3672,53:41.0,13.08469,14.45434,-5.72797,20.32108,47.84725,73.62796
3673,53:41.0,13.08469,14.45434,-5.72797,20.32108,47.84725,73.62796
3674,53:41.0,12.64114,14.54881,-5.73597,20.10889,49.01335,73.42648
3675,53:41.1,12.64114,14.54881,-5.73597,20.10889,49.01335,73.42648
3676,53:41.1,12.64114,14.54881,-5.73597,20.10889,49.01335,73.42648
3677,53:41.1,12.30848,14.54881,-5.74197,19.90318,49.76836,73.23211
3678,53:41.2,12.30848,14.54881,-5.74197,19.90318,49.76836,73.23211
3679,53:41.2,12.30848,14.54881,-5.74197,19.90318,49.76836,73.23211
3680,53:41.2,11.97581,14.54881,-5.74797,19.70094,50.54058,73.03657
3681,53:41.3,11.97581,14.54881,-5.74797,19.70094,50.54058,73.03657
3682,53:41.3,11.97581,14.54881,-5.74797,19.70094,50.54058,73.03657
3683,53:41.3,11.64315,14.54881,-5.75497,19.50258,51.33033,72.8372
3684,53:41.4,11.64315,14.54881,-5.75497,19.50258,51.33033,72.8372
3685,53:41.4,11.64315,14.54881,-5.75497,19.50258,51.33033,72.8372
3686,53:41.4,11.31049,14.45433,-5.77597,19.24102,51.95688,72.53095
3687,53:41.5,11.31049,14.45433,-5.77597,19.24102,51.95688,72.53095
3688,53:41.5,11.31049,14.45433,-5.77597,19.24102,51.95688,72.53095
3689,53:41.5,11.08872,14.35986,-5.78497,19.04288,52.3246,72.31481
3690,53:41.6,11.08872,14.35986,-5.78497,19.04288,52.3246,72.31481
3691,53:41.6,11.08872,14.35986,-5.78497,19.04288,52.3246,72.31481
3692,53:41.6,10.75605,14.17091,-5.79698,18.71129,52.80065,71.95212
3693,53:41.7,10.75605,14.17091,-5.79698,18.71129,52.80065,71.95212
3694,53:41.7,10.75605,14.17091,-5.79698,18.71129,52.80065,71.95212
3695,53:41.7,10.53428,14.07644,-5.80198,18.51432,53.1902,71.7371
3696,53:41.8,10.53428,14.07644,-5.80198,18.51432,53.1902,71.7371
3697,53:41.8,10.53428,14.07644,-5.80198,18.51432,53.1902,71.7371
3698,53:41.8,10.31251,13.8875,-5.80798,18.24672,53.40335,71.43971
3699,53:41.9,10.31251,13.8875,-5.80798,18.24672,53.40335,71.43971
3700,53:41.9,10.31251,13.8875,-5.80798,18.24672,53.40335,71.43971
3701,53:41.9,10.20162,13.69855,-5.80498,18.03943,53.32411,71.22856
3702,53:42.0,10.20162,13.69855,-5.80498,18.03943,53.32411,71.22856
3703,53:42.0,10.20162,13.69855,-5.80498,18.03943,53.32411,71.22856
3704,53:42.0,9.97984,13.5096,-5.80498,17.77089,53.5459,70.93403
3705,53:42.1,9.97984,13.5096,-5.80498,17.77089,53.5459,70.93403
3706,53:42.1,9.97984,13.5096,-5.80498,17.77089,53.5459,70.93403
3707,53:42.1,9.86896,13.32066,-5.80698,17.5658,53.46614,70.69575
3708,53:42.2,9.86896,13.32066,-5.80698,17.5658,53.46614,70.69575
3709,53:42.2,9.86896,13.32066,-5.80698,17.5658,53.46614,70.69575
3710,53:42.2,9.75807,13.13171,-5.81198,17.36205,53.38426,70.44255
3711,53:42.3,9.75807,13.13171,-5.81198,17.36205,53.38426,70.44255
3712,53:42.3,9.75807,13.13171,-5.81198,17.36205,53.38426,70.44255
3713,53:42.3,9.64718,12.84829,-5.81898,17.08822,53.09883,70.09109
3714,53:42.4,9.64718,12.84829,-5.81898,17.08822,53.09883,70.09109
3715,53:42.4,9.64718,12.84829,-5.81898,17.08822,53.09883,70.09109
3716,53:42.4,9.5363,12.65935,-5.82598,16.88615,53.00926,69.81727
3717,53:42.5,9.5363,12.65935,-5.82598,16.88615,53.00926,69.81727
3718,53:42.5,9.5363,12.65935,-5.82598,16.88615,53.00926,69.81727
3719,53:42.5,9.5363,12.4704,-5.83098,16.74671,52.59434,69.62356
3720,53:42.6,9.5363,12.4704,-5.83098,16.74671,52.59434,69.62356
3721,53:42.6,9.5363,12.4704,-5.83098,16.74671,52.59434,69.62356
3722,53:42.6,9.42541,12.18699,-5.83898,16.47588,52.28165,69.24359
3723,53:42.7,9.42541,12.18699,-5.83898,16.47588,52.28165,69.24359
3724,53:42.7,9.42541,12.18699,-5.83898,16.47588,52.28165,69.24359
3725,53:42.7,9.42541,11.90357,-5.84898,16.27095,51.62733,68.93211
3726,53:42.8,9.42541,11.90357,-5.84898,16.27095,51.62733,68.93211
3727,53:42.8,9.42541,11.90357,-5.84898,16.27095,51.62733,68.93211
3728,53:42.8,9.42541,11.71462,-5.85698,16.13614,51.18036,68.71711
3729,53:42.9,9.42541,11.71462,-5.85698,16.13614,51.18036,68.71711
3730,53:42.9,9.42541,11.71462,-5.85698,16.13614,51.18036,68.71711
3731,53:42.9,9.42541,11.4312,-5.85898,15.93231,50.49327,68.42356
3732,53:43.0,9.42541,11.4312,-5.85898,15.93231,50.49327,68.42356
3733,53:43.0,9.42541,11.4312,-5.85898,15.93231,50.49327,68.42356
3734,53:43.0,9.42541,11.14778,-5.86198,15.73132,49.7856,68.122
3735,53:43.1,9.42541,11.14778,-5.86198,15.73132,49.7856,68.122
3736,53:43.1,9.42541,11.14778,-5.86198,15.73132,49.7856,68.122
3737,53:43.1,9.42541,10.95884,-5.86098,15.59762,49.30204,67.92862
3738,53:43.2,9.42541,10.95884,-5.86098,15.59762,49.30204,67.92862
3739,53:43.2,9.42541,10.95884,-5.86098,15.59762,49.30204,67.92862
3740,53:43.2,9.42541,10.58095,-5.85998,15.33409,48.30564,67.53283
3741,53:43.3,9.42541,10.58095,-5.85998,15.33409,48.30564,67.53283
3742,53:43.3,9.42541,10.58095,-5.85998,15.33409,48.30564,67.53283
3743,53:43.3,9.5363,10.29753,-5.85698,15.20804,47.19796,67.34854
3744,53:43.4,9.5363,10.29753,-5.85698,15.20804,47.19796,67.34854
3745,53:43.4,9.5363,10.29753,-5.85698,15.20804,47.19796,67.34854
3746,53:43.4,9.5363,10.01411,-5.84798,15.01407,46.40003,67.07659
3747,53:43.5,9.5363,10.01411,-5.84798,15.01407,46.40003,67.07659
3748,53:43.5,9.5363,10.01411,-5.84798,15.01407,46.40003,67.07659
3749,53:43.5,9.5363,9.73069,-5.84299,14.82457,45.57806,66.78753
3750,53:43.6,9.5363,9.73069,-5.84299,14.82457,45.57806,66.78753
3751,53:43.6,9.5363,9.73069,-5.84299,14.82457,45.57806,66.78753
3752,53:43.6,9.5363,9.3528,-5.83399,14.57571,44.44342,66.40594
3753,53:43.7,9.5363,9.3528,-5.83399,14.57571,44.44342,66.40594
3754,53:43.7,9.5363,9.3528,-5.83399,14.57571,44.44342,66.40594
3755,53:43.7,9.5363,8.97491,-5.82699,14.33331,43.26293,66.01267
3756,53:43.8,9.5363,8.97491,-5.82699,14.33331,43.26293,66.01267
3757,53:43.8,9.5363,8.97491,-5.82699,14.33331,43.26293,66.01267
3758,53:43.8,9.5363,8.59702,-5.81499,14.09482,42.03481,65.63412
3759,53:43.9,9.5363,8.59702,-5.81499,14.09482,42.03481,65.63412
3760,53:43.9,9.5363,8.59702,-5.81499,14.09482,42.03481,65.63412
3761,53:43.9,9.5363,8.21913,-5.81999,13.86966,40.75733,65.18939
3762,53:44.0,9.5363,8.21913,-5.81999,13.86966,40.75733,65.18939
3763,53:44.0,9.5363,8.21913,-5.81999,13.86966,40.75733,65.18939
3764,53:44.0,9.5363,7.74677,-5.82499,13.5972,39.08851,64.63419
3765,53:44.1,9.5363,7.74677,-5.82499,13.5972,39.08851,64.63419
3766,53:44.1,9.5363,7.74677,-5.82499,13.5972,39.08851,64.63419
3767,53:44.1,9.5363,7.36887,-5.82599,13.38594,37.69392,64.19996
3768,53:44.2,9.5363,7.36887,-5.82599,13.38594,37.69392,64.19996
3769,53:44.2,9.5363,7.36887,-5.82599,13.38594,37.69392,64.19996
3770,53:44.2,9.5363,6.89651,-5.82099,13.12962,35.87389,63.68231
3771,53:44.3,9.5363,6.89651,-5.82099,13.12962,35.87389,63.68231
3772,53:44.3,9.5363,6.89651,-5.82099,13.12962,35.87389,63.68231
3773,53:44.3,9.5363,6.51862,-5.81599,12.93287,34.35489,63.27518
3774,53:44.4,9.5363,6.51862,-5.81599,12.93287,34.35489,63.27518
3775,53:44.4,9.5363,6.51862,-5.81599,12.93287,34.35489,63.27518
3776,53:44.4,9.64719,6.04626,-5.81699,12.78526,32.07692,62.93659
3777,53:44.5,9.64719,6.04626,-5.81699,12.78526,32.07692,62.93659
3778,53:44.5,9.64719,6.04626,-5.81699,12.78526,32.07692,62.93659
3779,53:44.5,9.64719,5.57389,-5.82199,12.57108,30.01819,62.41102
3780,53:44.6,9.64719,5.57389,-5.82199,12.57108,30.01819,62.41102
3781,53:44.6,9.64719,5.57389,-5.82199,12.57108,30.01819,62.41102
3782,53:44.6,9.75808,5.10153,-5.83099,12.45978,27.6006,62.09642
3783,53:44.7,9.75808,5.10153,-5.83099,12.45978,27.6006,62.09642
3784,53:44.7,9.75808,5.10153,-5.83099,12.45978,27.6006,62.09642
3785,53:44.7,9.86897,4.62917,-5.83599,12.36464,25.12953,61.83644
3786,53:44.8,9.86897,4.62917,-5.83599,12.36464,25.12953,61.83644
3787,53:44.8,9.86897,4.62917,-5.83599,12.36464,25.12953,61.83644
3788,53:44.8,9.97985,4.1568,-5.83899,12.287,22.61267,61.62651
3789,53:44.9,9.97985,4.1568,-5.83899,12.287,22.61267,61.62651
3790,53:44.9,9.97985,4.1568,-5.83899,12.287,22.61267,61.62651
3791,53:44.9,10.20163,3.68444,-5.84199,12.31979,19.85778,61.693
3792,53:45.0,10.20163,3.68444,-5.84199,12.31979,19.85778,61.693
3793,53:45.0,10.20163,3.68444,-5.84199,12.31979,19.85778,61.693
3794,53:45.0,10.4234,3.21207,-5.84999,12.37688,17.1272,61.79324
3795,53:45.1,10.4234,3.21207,-5.84999,12.37688,17.1272,61.79324
3796,53:45.1,10.4234,3.21207,-5.84999,12.37688,17.1272,61.79324
3797,53:45.1,10.64518,2.83418,-5.85799,12.47672,14.90865,61.99726
3798,53:45.2,10.64518,2.83418,-5.85799,12.47672,14.90865,61.99726
3799,53:45.2,10.64518,2.83418,-5.85799,12.47672,14.90865,61.99726
3800,53:45.2,10.97784,2.45629,-5.86199,12.685,12.6122,62.47602
3801,53:45.3,10.97784,2.45629,-5.86199,12.685,12.6122,62.47602
3802,53:45.3,10.97784,2.45629,-5.86199,12.685,12.6122,62.47602
3803,53:45.3,11.3105,2.0784,-5.86399,12.90866,10.41243,62.98217
3804,53:45.4,11.3105,2.0784,-5.86399,12.90866,10.41243,62.98217
3805,53:45.4,11.3105,2.0784,-5.86399,12.90866,10.41243,62.98217
3806,53:45.4,11.64316,1.79498,-5.86199,13.15858,8.76408,63.54543
3807,53:45.5,11.64316,1.79498,-5.86199,13.15858,8.76408,63.54543
3808,53:45.5,11.64316,1.79498,-5.86199,13.15858,8.76408,63.54543
3809,53:45.5,11.97582,1.51156,-5.85699,13.41676,7.19372,64.11651
3810,53:45.6,11.97582,1.51156,-5.85699,13.41676,7.19372,64.11651
3811,53:45.6,11.97582,1.51156,-5.85699,13.41676,7.19372,64.11651
3812,53:45.6,12.30849,1.22815,-5.85099,13.68361,5.69814,64.68523
3813,53:45.7,12.30849,1.22815,-5.85099,13.68361,5.69814,64.68523
3814,53:45.7,12.30849,1.22815,-5.85099,13.68361,5.69814,64.68523
3815,53:45.7,12.64115,1.0392,-5.84099,13.96409,4.69959,65.27355
3816,53:45.8,12.64115,1.0392,-5.84099,13.96409,4.69959,65.27355
3817,53:45.8,12.64115,1.0392,-5.84099,13.96409,4.69959,65.27355
3818,53:45.8,13.0847,0.85026,-5.82599,14.34832,3.7179,66.04371
3819,53:45.9,13.0847,0.85026,-5.82599,14.34832,3.7179,66.04371
3820,53:45.9,13.0847,0.85026,-5.82599,14.34832,3.7179,66.04371
3821,53:45.9,13.52825,0.66131,-5.81999,14.74188,2.7986,66.74696
3822,53:46.0,13.52825,0.66131,-5.81999,14.74188,2.7986,66.74696
3823,53:46.0,13.52825,0.66131,-5.81999,14.74188,2.7986,66.74696
3824,53:46.0,13.86091,0.56684,-5.81698,15.04272,2.34179,67.25082
3825,53:46.1,13.86091,0.56684,-5.81698,15.04272,2.34179,67.25082
3826,53:46.1,13.86091,0.56684,-5.81698,15.04272,2.34179,67.25082
3827,53:46.1,14.30446,0.47236,-5.81298,15.4477,1.89134,67.89526
3828,53:46.2,14.30446,0.47236,-5.81298,15.4477,1.89134,67.89526
3829,53:46.2,14.30446,0.47236,-5.81298,15.4477,1.89134,67.89526
3830,53:46.2,14.74801,0.47236,-5.80298,15.85564,1.8345,68.53157
3831,53:46.3,14.74801,0.47236,-5.80298,15.85564,1.8345,68.53157
3832,53:46.3,14.74801,0.47236,-5.80298,15.85564,1.8345,68.53157
3833,53:46.3,15.08067,0.37789,-5.79798,16.16125,1.43542,68.97604
3834,53:46.4,15.08067,0.37789,-5.79798,16.16125,1.43542,68.97604
3835,53:46.4,15.08067,0.37789,-5.79798,16.16125,1.43542,68.97604
3836,53:46.4,15.52422,0.47236,-5.79498,16.57728,1.74283,69.53876
3837,53:46.5,15.52422,0.47236,-5.79498,16.57728,1.74283,69.53876
3838,53:46.5,15.52422,0.47236,-5.79498,16.57728,1.74283,69.53876
3839,53:46.5,15.85688,0.47236,-5.79298,16.88853,1.70629,69.93947
3840,53:46.6,15.85688,0.47236,-5.79298,16.88853,1.70629,69.93947
3841,53:46.6,15.85688,0.47236,-5.79298,16.88853,1.70629,69.93947
3842,53:46.6,16.30043,0.56684,-5.78998,17.30749,1.99162,70.45567
3843,53:46.7,16.30043,0.56684,-5.78998,17.30749,1.99162,70.45567
3844,53:46.7,16.30043,0.56684,-5.78998,17.30749,1.99162,70.45567
3845,53:46.7,16.63309,0.66131,-5.78698,17.62345,2.27681,70.83025
3846,53:46.8,16.63309,0.66131,-5.78698,17.62345,2.27681,70.83025
3847,53:46.8,16.63309,0.66131,-5.78698,17.62345,2.27681,70.83025
3848,53:46.8,17.07664,0.75578,-5.78398,18.04542,2.53416,71.30543
3849,53:46.9,17.07664,0.75578,-5.78398,18.04542,2.53416,71.30543
3850,53:46.9,17.07664,0.75578,-5.78398,18.04542,2.53416,71.30543
3851,53:46.9,17.4093,0.85026,-5.78198,18.36404,2.79606,71.64805
3852,53:47.0,17.4093,0.85026,-5.78198,18.36404,2.79606,71.64805
3853,53:47.0,17.4093,0.85026,-5.78198,18.36404,2.79606,71.64805
3854,53:47.0,17.74196,1.0392,-5.77198,18.68617,3.35216,72.00763
3855,53:47.1,17.74196,1.0392,-5.77198,18.68617,3.35216,72.00763
3856,53:47.1,17.74196,1.0392,-5.77198,18.68617,3.35216,72.00763
3857,53:47.1,18.07462,1.13367,-5.76497,19.00558,3.589,72.34224
3858,53:47.2,18.07462,1.13367,-5.76497,19.00558,3.589,72.34224
3859,53:47.2,18.07462,1.13367,-5.76497,19.00558,3.589,72.34224
3860,53:47.2,18.51817,1.32262,-5.75897,19.43805,4.08529,72.7661
3861,53:47.3,18.51817,1.32262,-5.75897,19.43805,4.08529,72.7661
3862,53:47.3,18.51817,1.32262,-5.75897,19.43805,4.08529,72.7661
3863,53:47.3,18.96172,1.51157,-5.75397,19.87309,4.55779,73.16984
3864,53:47.4,18.96172,1.51157,-5.75397,19.87309,4.55779,73.16984
3865,53:47.4,18.96172,1.51157,-5.75397,19.87309,4.55779,73.16984
3866,53:47.4,19.29438,1.60604,-5.74697,20.19605,4.75825,73.4675
3867,53:47.5,19.29438,1.60604,-5.74697,20.19605,4.75825,73.4675
3868,53:47.5,19.29438,1.60604,-5.74697,20.19605,4.75825,73.4675
3869,53:47.5,19.73793,1.79498,-5.74397,20.63495,5.19623,73.83758
3870,53:47.6,19.73793,1.79498,-5.74397,20.63495,5.19623,73.83758
3871,53:47.6,19.73793,1.79498,-5.74397,20.63495,5.19623,73.83758
3872,53:47.6,20.29237,1.98393,-5.73997,21.18168,5.58391,74.27697
3873,53:47.7,20.29237,1.98393,-5.73997,21.18168,5.58391,74.27697
3874,53:47.7,20.29237,1.98393,-5.73997,21.18168,5.58391,74.27697
3875,53:47.7,20.73592,2.17288,-5.73897,21.62488,5.98208,74.61004
3876,53:47.8,20.73592,2.17288,-5.73897,21.62488,5.98208,74.61004
3877,53:47.8,20.73592,2.17288,-5.73897,21.62488,5.98208,74.61004
3878,53:47.8,21.17947,2.36182,-5.73396,22.06867,6.36303,74.9404
3879,53:47.9,21.17947,2.36182,-5.73396,22.06867,6.36303,74.9404
3880,53:47.9,21.17947,2.36182,-5.73396,22.06867,6.36303,74.9404
3881,53:47.9,21.62302,2.64524,-5.73396,22.52622,6.97459,75.2533
3882,53:48.0,21.62302,2.64524,-5.73396,22.52622,6.97459,75.2533
3883,53:48.0,21.62302,2.64524,-5.73396,22.52622,6.97459,75.2533
3884,53:48.0,22.06656,2.92866,-5.73496,22.98695,7.56007,75.5528
3885,53:48.1,22.06656,2.92866,-5.73496,22.98695,7.56007,75.5528
3886,53:48.1,22.06656,2.92866,-5.73496,22.98695,7.56007,75.5528
3887,53:48.1,22.51011,3.30655,-5.73496,23.46334,8.35652,75.85231
3888,53:48.2,22.51011,3.30655,-5.73496,23.46334,8.35652,75.85231
3889,53:48.2,22.51011,3.30655,-5.73496,23.46334,8.35652,75.85231
3890,53:48.2,22.84277,3.58997,-5.73896,23.82469,8.93155,76.06135
3891,53:48.3,22.84277,3.58997,-5.73896,23.82469,8.93155,76.06135
3892,53:48.3,22.84277,3.58997,-5.73896,23.82469,8.93155,76.06135
3893,53:48.3,23.17544,3.96786,-5.74096,24.20337,9.7154,76.27886
3894,53:48.4,23.17544,3.96786,-5.74096,24.20337,9.7154,76.27886
3895,53:48.4,23.17544,3.96786,-5.74096,24.20337,9.7154,76.27886
3896,53:48.4,23.39721,4.44023,-5.74796,24.49865,10.74557,76.43058
3897,53:48.5,23.39721,4.44023,-5.74796,24.49865,10.74557,76.43058
3898,53:48.5,23.39721,4.44023,-5.74796,24.49865,10.74557,76.43058
3899,53:48.5,23.61899,4.81812,-5.75895,24.78379,11.52977,76.56349
3900,53:48.6,23.61899,4.81812,-5.75895,24.78379,11.52977,76.56349
3901,53:48.6,23.61899,4.81812,-5.75895,24.78379,11.52977,76.56349
3902,53:48.6,23.84076,5.29048,-5.77895,25.09516,12.51171,76.68635
3903,53:48.7,23.84076,5.29048,-5.77895,25.09516,12.51171,76.68635
3904,53:48.7,23.84076,5.29048,-5.77895,25.09516,12.51171,76.68635
3905,53:48.7,23.95165,5.66837,-5.78495,25.28394,13.3146,76.7736
3906,53:48.8,23.95165,5.66837,-5.78495,25.28394,13.3146,76.7736
3907,53:48.8,23.95165,5.66837,-5.78495,25.28394,13.3146,76.7736
3908,53:48.8,24.06253,6.14074,-5.79195,25.50021,14.31626,76.87164
3909,53:48.9,24.06253,6.14074,-5.79195,25.50021,14.31626,76.87164
3910,53:48.9,24.06253,6.14074,-5.79195,25.50021,14.31626,76.87164
3911,53:48.9,24.06253,6.6131,-5.79995,25.61988,15.36719,76.91568
3912,53:49.0,24.06253,6.6131,-5.79995,25.61988,15.36719,76.91568
3913,53:49.0,24.06253,6.6131,-5.79995,25.61988,15.36719,76.91568
3914,53:49.0,24.06253,7.08547,-5.81895,25.75014,16.40762,76.93964
3915,53:49.1,24.06253,7.08547,-5.81895,25.75014,16.40762,76.93964
3916,53:49.1,24.06253,7.08547,-5.81895,25.75014,16.40762,76.93964
3917,53:49.1,24.06253,7.46336,-5.82095,25.85712,17.23207,76.99008
3918,53:49.2,24.06253,7.46336,-5.82095,25.85712,17.23207,76.99008
3919,53:49.2,24.06253,7.46336,-5.82095,25.85712,17.23207,76.99008
3920,53:49.2,23.95165,7.93572,-5.82095,25.8948,18.3312,77.00934
3921,53:49.3,23.95165,7.93572,-5.82095,25.8948,18.3312,77.00934
3922,53:49.3,23.95165,7.93572,-5.82095,25.8948,18.3312,77.00934
3923,53:49.3,23.84076,8.31361,-5.81895,25.91058,19.2244,77.02193
3924,53:49.4,23.84076,8.31361,-5.81895,25.91058,19.2244,77.02193
3925,53:49.4,23.84076,8.31361,-5.81895,25.91058,19.2244,77.02193
3926,53:49.4,23.61898,8.69151,-5.80995,25.82933,20.20302,77.00087
3927,53:49.5,23.61898,8.69151,-5.80995,25.82933,20.20302,77.00087
3928,53:49.5,23.61898,8.69151,-5.80995,25.82933,20.20302,77.00087
3929,53:49.5,23.5081,9.0694,-5.80795,25.85763,21.09656,77.0199
3930,53:49.6,23.5081,9.0694,-5.80795,25.85763,21.09656,77.0199
3931,53:49.6,23.5081,9.0694,-5.80795,25.85763,21.09656,77.0199
3932,53:49.6,23.39721,9.44729,-5.80695,25.89211,21.98779,77.03976
3933,53:49.7,23.39721,9.44729,-5.80695,25.89211,21.98779,77.03976
3934,53:49.7,23.39721,9.44729,-5.80695,25.89211,21.98779,77.03976
3935,53:49.7,23.17543,9.82518,-5.80295,25.83233,22.97442,77.01834
3936,53:49.8,23.17543,9.82518,-5.80295,25.83233,22.97442,77.01834
3937,53:49.8,23.17543,9.82518,-5.80295,25.83233,22.97442,77.01834
3938,53:49.8,23.06454,10.29754,-5.78895,25.91379,24.05916,77.09162
3939,53:49.9,23.06454,10.29754,-5.78895,25.91379,24.05916,77.09162
3940,53:49.9,23.06454,10.29754,-5.78895,25.91379,24.05916,77.09162
3941,53:49.9,22.84277,10.76991,-5.78495,25.90847,25.24294,77.098
3942,53:50.0,22.84277,10.76991,-5.78495,25.90847,25.24294,77.098
3943,53:50.0,22.84277,10.76991,-5.78495,25.90847,25.24294,77.098
3944,53:50.0,22.73188,11.24227,-5.78195,26.01073,26.31514,77.15637
3945,53:50.1,22.73188,11.24227,-5.78195,26.01073,26.31514,77.15637
3946,53:50.1,22.73188,11.24227,-5.78195,26.01073,26.31514,77.15637
3947,53:50.1,22.51011,11.71464,-5.78095,26.02608,27.49322,77.16634
3948,53:50.2,22.51011,11.71464,-5.78095,26.02608,27.49322,77.16634
3949,53:50.2,22.51011,11.71464,-5.78095,26.02608,27.49322,77.16634
3950,53:50.2,22.28833,12.28147,-5.77395,26.09488,28.85595,77.21651
3951,53:50.3,22.28833,12.28147,-5.77395,26.09488,28.85595,77.21651
3952,53:50.3,22.28833,12.28147,-5.77395,26.09488,28.85595,77.21651
3953,53:50.3,22.17744,12.75384,-5.77195,26.22622,29.90241,77.28609
3954,53:50.4,22.17744,12.75384,-5.77195,26.22622,29.90241,77.28609
3955,53:50.4,22.17744,12.75384,-5.77195,26.22622,29.90241,77.28609
3956,53:50.4,21.84478,13.2262,-5.76695,26.17985,31.19334,77.27441
3957,53:50.5,21.84478,13.2262,-5.76695,26.17985,31.19334,77.27441
3958,53:50.5,21.84478,13.2262,-5.76695,26.17985,31.19334,77.27441
3959,53:50.5,21.62301,13.69857,-5.76595,26.23835,32.355,77.30549
3960,53:50.6,21.62301,13.69857,-5.76595,26.23835,32.355,77.30549
3961,53:50.6,21.62301,13.69857,-5.76595,26.23835,32.355,77.30549
3962,53:50.6,21.40123,14.17093,-5.76995,26.30818,33.51073,77.33082
3963,53:50.7,21.40123,14.17093,-5.76995,26.30818,33.51073,77.33082
3964,53:50.7,21.40123,14.17093,-5.76995,26.30818,33.51073,77.33082
3965,53:50.7,21.06857,14.64329,-5.77595,26.29966,34.80047,77.31325
3966,53:50.8,21.06857,14.64329,-5.77595,26.29966,34.80047,77.31325
3967,53:50.8,21.06857,14.64329,-5.77595,26.29966,34.80047,77.31325
3968,53:50.8,20.73591,15.02118,-5.78595,26.25054,35.91974,77.26674
3969,53:50.9,20.73591,15.02118,-5.78595,26.25054,35.91974,77.26674
3970,53:50.9,20.73591,15.02118,-5.78595,26.25054,35.91974,77.26674
3971,53:50.9,20.29236,15.3046,-5.79295,26.06854,37.02379,77.16055
3972,53:51.0,20.29236,15.3046,-5.79295,26.06854,37.02379,77.16055
3973,53:51.0,20.29236,15.3046,-5.79295,26.06854,37.02379,77.16055
3974,53:51.0,19.95969,15.68249,-5.81095,26.0403,38.15701,77.10576
3975,53:51.1,19.95969,15.68249,-5.81095,26.0403,38.15701,77.10576
3976,53:51.1,19.95969,15.68249,-5.81095,26.0403,38.15701,77.10576
3977,53:51.1,19.51615,15.96591,-5.81895,25.8776,39.28616,77.0051
3978,53:51.2,19.51615,15.96591,-5.81895,25.8776,39.28616,77.0051
3979,53:51.2,19.51615,15.96591,-5.81895,25.8776,39.28616,77.0051
3980,53:51.2,19.0726,16.15486,-5.82195,25.66395,40.26524,76.88812
3981,53:51.3,19.0726,16.15486,-5.82195,25.66395,40.26524,76.88812
3982,53:51.3,19.0726,16.15486,-5.82195,25.66395,40.26524,76.88812
3983,53:51.3,18.62905,16.3438,-5.81195,25.45467,41.26141,76.80149
3984,53:51.4,18.62905,16.3438,-5.81195,25.45467,41.26141,76.80149
3985,53:51.4,18.62905,16.3438,-5.81195,25.45467,41.26141,76.80149
3986,53:51.4,18.1855,16.53275,-5.79395,25.25102,42.27451,76.73506
3987,53:51.5,18.1855,16.53275,-5.79395,25.25102,42.27451,76.73506
3988,53:51.5,18.1855,16.53275,-5.79395,25.25102,42.27451,76.73506
3989,53:51.5,17.85284,16.62722,-5.77595,25.07089,42.96424,76.68027
3990,53:51.6,17.85284,16.62722,-5.77595,25.07089,42.96424,76.68027
3991,53:51.6,17.85284,16.62722,-5.77595,25.07089,42.96424,76.68027
3992,53:51.6,17.40929,16.72169,-5.76395,24.81776,43.84589,76.57036
3993,53:51.7,17.40929,16.72169,-5.76395,24.81776,43.84589,76.57036
3994,53:51.7,17.40929,16.72169,-5.76395,24.81776,43.84589,76.57036
3995,53:51.7,16.96574,16.72169,-5.75696,24.50701,44.58493,76.41365
3996,53:51.8,16.96574,16.72169,-5.75696,24.50701,44.58493,76.41365
3997,53:51.8,16.96574,16.72169,-5.75696,24.50701,44.58493,76.41365
3998,53:51.8,16.52219,16.72169,-5.72796,24.19519,45.34384,76.30582
3999,53:51.9,16.52219,16.72169,-5.72796,24.19519,45.34384,76.30582
4000,53:51.9,16.52219,16.72169,-5.72796,24.19519,45.34384,76.30582
4001,53:51.9,16.18953,16.62722,-5.71496,23.90033,45.76413,76.16561
4002,53:52.0,16.18953,16.62722,-5.71496,23.90033,45.76413,76.16561
4003,53:52.0,16.18953,16.62722,-5.71496,23.90033,45.76413,76.16561
4004,53:52.0,15.74598,16.53274,-5.70596,23.53349,46.39626,75.96815
4005,53:52.1,15.74598,16.53274,-5.70596,23.53349,46.39626,75.96815
4006,53:52.1,15.74598,16.53274,-5.70596,23.53349,46.39626,75.96815
4007,53:52.1,15.41332,16.43827,-5.70396,23.24483,46.84309,75.79534
4008,53:52.2,15.41332,16.43827,-5.70396,23.24483,46.84309,75.79534
4009,53:52.2,15.41332,16.43827,-5.70396,23.24483,46.84309,75.79534
4010,53:52.2,15.08065,16.24932,-5.69996,22.89009,47.13625,75.5808
4011,53:52.3,15.08065,16.24932,-5.69996,22.89009,47.13625,75.5808
4012,53:52.3,15.08065,16.24932,-5.69996,22.89009,47.13625,75.5808
4013,53:52.3,14.74799,16.06038,-5.70296,22.53803,47.43923,75.34268
4014,53:52.4,14.74799,16.06038,-5.70296,22.53803,47.43923,75.34268
4015,53:52.4,14.74799,16.06038,-5.70296,22.53803,47.43923,75.34268
4016,53:52.4,14.41533,15.87143,-5.70696,22.18724,47.75249,75.09493
4017,53:52.5,14.41533,15.87143,-5.70696,22.18724,47.75249,75.09493
4018,53:52.5,14.41533,15.87143,-5.70696,22.18724,47.75249,75.09493
4019,53:52.5,14.19356,15.58801,-5.71097,21.84166,47.68079,74.84263
4020,53:52.6,14.19356,15.58801,-5.71097,21.84166,47.68079,74.84263
4021,53:52.6,14.19356,15.58801,-5.71097,21.84166,47.68079,74.84263
4022,53:52.6,13.97178,15.30459,-5.71597,21.49683,47.6066,74.57967
4023,53:52.7,13.97178,15.30459,-5.71597,21.49683,47.6066,74.57967
4024,53:52.7,13.97178,15.30459,-5.71597,21.49683,47.6066,74.57967
4025,53:52.7,13.75001,15.02117,-5.71997,21.15222,47.52979,74.31078
4026,53:52.8,13.75001,15.02117,-5.71997,21.15222,47.52979,74.31078
4027,53:52.8,13.75001,15.02117,-5.71997,21.15222,47.52979,74.31078
4028,53:52.8,13.52823,14.73776,-5.72497,20.80841,47.45023,74.03038
4029,53:52.9,13.52823,14.73776,-5.72497,20.80841,47.45023,74.03038
4030,53:52.9,13.52823,14.73776,-5.72497,20.80841,47.45023,74.03038
4031,53:52.9,13.30646,14.45434,-5.72697,20.46431,47.36776,73.74865
4032,53:53.0,13.30646,14.45434,-5.72697,20.46431,47.36776,73.74865
4033,53:53.0,13.30646,14.45434,-5.72697,20.46431,47.36776,73.74865
4034,53:53.0,13.19557,14.07645,-5.72797,20.12658,46.84998,73.46522
4035,53:53.1,13.19557,14.07645,-5.72797,20.12658,46.84998,73.46522
4036,53:53.1,13.19557,14.07645,-5.72797,20.12658,46.84998,73.46522
4037,53:53.1,13.08469,13.79303,-5.72697,19.85585,46.50963,73.23617
4038,53:53.2,13.08469,13.79303,-5.72697,19.85585,46.50963,73.23617
4039,53:53.2,13.08469,13.79303,-5.72697,19.85585,46.50963,73.23617
4040,53:53.2,12.9738,13.41514,-5.72897,19.52195,45.95814,72.9346
4041,53:53.3,12.9738,13.41514,-5.72897,19.52195,45.95814,72.9346
4042,53:53.3,12.9738,13.41514,-5.72897,19.52195,45.95814,72.9346
4043,53:53.3,12.86291,13.13172,-5.73097,19.25463,45.59246,72.68401
4044,53:53.4,12.86291,13.13172,-5.73097,19.25463,45.59246,72.68401
4045,53:53.4,12.86291,13.13172,-5.73097,19.25463,45.59246,72.68401
4046,53:53.4,12.86291,12.8483,-5.72797,19.06156,44.96743,72.51244
4047,53:53.5,12.86291,12.8483,-5.72797,19.06156,44.96743,72.51244
4048,53:53.5,12.86291,12.8483,-5.72797,19.06156,44.96743,72.51244
4049,53:53.5,12.75203,12.47041,-5.72798,18.73326,44.36029,72.1958
4050,53:53.6,12.75203,12.47041,-5.72798,18.73326,44.36029,72.1958
4051,53:53.6,12.75203,12.18699,-5.72998,18.54642,43.70208,72.00384
4052,53:53.6,12.75203,12.18699,-5.72998,18.54642,43.70208,72.00384
4053,53:53.7,12.75203,12.18699,-5.72998,18.54642,43.70208,72.00384
4054,53:53.7,12.75203,12.18699,-5.72998,18.54642,43.70208,72.00384
4055,53:53.7,12.64114,11.8091,-5.73398,18.22448,43.05097,71.66149
4056,53:53.8,12.64114,11.8091,-5.73398,18.22448,43.05097,71.66149
4057,53:53.8,12.64114,11.8091,-5.73398,18.22448,43.05097,71.66149
4058,53:53.8,12.64114,11.52568,-5.73298,18.04181,42.35729,71.47244
4059,53:53.9,12.64114,11.52568,-5.73298,18.04181,42.35729,71.47244
4060,53:53.9,12.64114,11.52568,-5.73298,18.04181,42.35729,71.47244
4061,53:53.9,12.64114,11.14779,-5.73298,17.80277,41.40796,71.21443
4062,53:54.0,12.64114,11.14779,-5.73298,17.80277,41.40796,71.21443
4063,53:54.0,12.64114,11.14779,-5.73298,17.80277,41.40796,71.21443
4064,53:54.0,12.64114,10.7699,-5.73198,17.56829,40.43006,70.95756
4065,53:54.1,12.64114,10.7699,-5.73198,17.56829,40.43006,70.95756
4066,53:54.1,12.64114,10.7699,-5.73198,17.56829,40.43006,70.95756
4067,53:54.1,12.64114,10.48648,-5.73098,17.39566,39.67746,70.76467
4068,53:54.2,12.64114,10.48648,-5.73098,17.39566,39.67746,70.76467
4069,53:54.2,12.64114,10.48648,-5.73098,17.39566,39.67746,70.76467
4070,53:54.2,12.75203,10.10859,-5.73198,17.25263,38.40401,70.59534
4071,53:54.3,12.75203,10.10859,-5.73198,17.25263,38.40401,70.59534
4072,53:54.3,12.75203,10.10859,-5.73198,17.25263,38.40401,70.59534
4073,53:54.3,12.75203,9.7307,-5.73498,17.03499,37.34618,70.32655
4074,53:54.4,12.75203,9.7307,-5.73498,17.03499,37.34618,70.32655
4075,53:54.4,12.86292,9.44728,-5.73898,16.96,36.29573,70.2216
4076,53:54.4,12.86292,9.44728,-5.73898,16.96,36.29573,70.2216
4077,53:54.5,12.86292,9.44728,-5.73898,16.96,36.29573,70.2216
4078,53:54.5,12.86292,9.44728,-5.73898,16.96,36.29573,70.2216
4079,53:54.5,12.86292,9.06939,-5.74798,16.75553,35.1869,69.93721
4080,53:54.6,12.86292,9.06939,-5.74798,16.75553,35.1869,69.93721
4081,53:54.6,12.86292,9.06939,-5.74798,16.75553,35.1869,69.93721
4082,53:54.6,12.97381,8.6915,-5.75598,16.64311,33.81918,69.76645
4083,53:54.7,12.97381,8.6915,-5.75598,16.64311,33.81918,69.76645
4084,53:54.7,13.08469,8.40808,-5.76398,16.587,32.72435,69.66552
4085,53:54.7,13.08469,8.40808,-5.76398,16.587,32.72435,69.66552
4086,53:54.8,13.08469,8.40808,-5.76398,16.587,32.72435,69.66552
4087,53:54.8,13.08469,8.40808,-5.76398,16.587,32.72435,69.66552
4088,53:54.8,13.30647,8.03019,-5.76898,16.57791,31.11014,69.63545
4089,53:54.9,13.30647,8.03019,-5.76898,16.57791,31.11014,69.63545
4090,53:54.9,13.30647,8.03019,-5.76898,16.57791,31.11014,69.63545
4091,53:54.9,13.41736,7.6523,-5.77098,16.48901,29.69733,69.51332
4092,53:55.0,13.41736,7.6523,-5.77098,16.48901,29.69733,69.51332
4093,53:55.0,13.52824,7.36888,-5.76798,16.44942,28.57727,69.47295
4094,53:55.0,13.52824,7.36888,-5.76798,16.44942,28.57727,69.47295
4095,53:55.1,13.52824,7.36888,-5.76798,16.44942,28.57727,69.47295
4096,53:55.1,13.52824,7.36888,-5.76798,16.44942,28.57727,69.47295
4097,53:55.1,13.75002,6.99099,-5.76698,16.468,26.95036,69.50087
4098,53:55.2,13.75002,6.99099,-5.76698,16.468,26.95036,69.50087
4099,53:55.2,13.97179,6.70757,-5.76498,16.53594,25.6447,69.59626
4100,53:55.2,13.97179,6.70757,-5.76498,16.53594,25.6447,69.59626
4101,53:55.3,13.97179,6.70757,-5.76498,16.53594,25.6447,69.59626
4102,53:55.3,14.19357,6.32968,-5.76198,16.57476,24.03467,69.65722
4103,53:55.3,14.19357,6.32968,-5.76198,16.57476,24.03467,69.65722
4104,53:55.4,14.19357,6.32968,-5.76198,16.57476,24.03467,69.65722
4105,53:55.4,14.19357,6.32968,-5.76198,16.57476,24.03467,69.65722
4106,53:55.4,14.41534,6.04626,-5.75798,16.65874,22.75475,69.77894
4107,53:55.5,14.41534,6.04626,-5.75798,16.65874,22.75475,69.77894
4108,53:55.5,14.63712,5.76284,-5.75798,16.75141,21.49026,69.89565
4109,53:55.5,14.63712,5.76284,-5.75798,16.75141,21.49026,69.89565
4110,53:55.6,14.63712,5.76284,-5.75798,16.75141,21.49026,69.89565
4111,53:55.6,14.85889,5.38495,-5.76198,16.82215,19.92081,69.96931
4112,53:55.6,14.85889,5.38495,-5.76198,16.82215,19.92081,69.96931
4113,53:55.7,14.85889,5.38495,-5.76198,16.82215,19.92081,69.96931
4114,53:55.7,14.85889,5.38495,-5.76198,16.82215,19.92081,69.96931
4115,53:55.7,15.08067,5.00706,-5.76298,16.90293,18.36712,70.0655
4116,53:55.8,15.08067,5.00706,-5.76298,16.90293,18.36712,70.0655
4117,53:55.8,15.08067,5.00706,-5.76298,16.90293,18.36712,70.0655
4118,53:55.8,15.30244,4.62917,-5.75798,16.99259,16.83118,70.19303
4119,53:55.9,15.30244,4.62917,-5.75798,16.99259,16.83118,70.19303
4120,53:55.9,15.30244,4.62917,-5.75798,16.99259,16.83118,70.19303
4121,53:55.9,15.6351,4.25128,-5.75798,17.19547,15.21131,70.43631
4122,53:56.0,15.6351,4.25128,-5.75798,17.19547,15.21131,70.43631
4123,53:56.0,15.85688,3.77891,-5.76298,17.28967,13.40435,70.52964
4124,53:56.0,15.85688,3.77891,-5.76298,17.28967,13.40435,70.52964
4125,53:56.1,15.85688,3.77891,-5.76298,17.28967,13.40435,70.52964
4126,53:56.1,16.18954,3.40102,-5.76698,17.51931,11.86391,70.78108
4127,53:56.1,16.18954,3.40102,-5.76598,17.51898,11.86391,70.78417
4128,53:56.2,16.18954,3.40102,-5.76598,17.51898,11.86391,70.78417
4129,53:56.2,16.5222,2.92866,-5.76498,17.74247,10.05161,71.03895
4130,53:56.2,16.5222,2.92866,-5.76598,17.74279,10.05161,71.03589
4131,53:56.3,16.5222,2.92866,-5.76598,17.74279,10.05161,71.03589
4132,53:56.3,16.74398,2.45629,-5.76498,17.87817,8.3456,71.1883
4133,53:56.3,16.74398,2.45629,-5.76498,17.87817,8.3456,71.1883
4134,53:56.4,16.74398,2.45629,-5.76498,17.87817,8.3456,71.1883
4135,53:56.4,17.07664,1.98393,-5.76398,18.13204,6.6268,71.46469
4136,53:56.4,17.07664,1.98393,-5.76398,18.13204,6.6268,71.46469
4137,53:56.5,17.07664,1.98393,-5.76398,18.13204,6.6268,71.46469
4138,53:56.5,17.29841,1.60604,-5.76298,18.30372,5.30431,71.64808
4139,53:56.5,17.29841,1.60604,-5.76298,18.30372,5.30431,71.64808
4140,53:56.6,17.29841,1.60604,-5.76298,18.30372,5.30431,71.64808
4141,53:56.6,17.63107,1.0392,-5.76498,18.57874,3.37319,71.92272
4142,53:56.6,17.63107,1.0392,-5.76498,18.57874,3.37319,71.92272
4143,53:56.7,17.63107,1.0392,-5.76498,18.57874,3.37319,71.92272
4144,53:56.7,17.96374,0.56684,-5.76497,18.87464,1.80734,72.21567
4145,53:56.7,17.96374,0.56684,-5.76597,18.87495,1.80734,72.21278
4146,53:56.8,17.96374,0.56684,-5.76597,18.87495,1.80734,72.21278
4147,53:56.8,18.2964,0.09447,-5.76597,19.18368,0.29584,72.50836
4148,53:56.8,18.2964,0.09447,-5.76597,19.18368,0.29584,72.50836
4149,53:56.9,18.2964,0.09447,-5.76597,19.18368,0.29584,72.50836
4150,53:56.9,18.2964,0.09447,-5.76597,19.18368,0.29584,72.50836
4151,53:56.9,18.62906,-0.37789,-5.76497,19.50435,-1.16209,72.80806
4152,53:57.0,18.62906,-0.37789,-5.76497,19.50435,-1.16209,72.80806
4153,53:57.0,18.96172,-0.85026,-5.75497,19.83405,-2.56746,73.13269
4154,53:57.0,18.96172,-0.85026,-5.75497,19.83405,-2.56746,73.13269
4155,53:57.1,18.96172,-0.85026,-5.75497,19.83405,-2.56746,73.13269
4156,53:57.1,19.29438,-1.22815,-5.75497,20.17179,-3.64214,73.42334
4157,53:57.1,19.29438,-1.22815,-5.75397,20.17151,-3.64214,73.42607
4158,53:57.2,19.29438,-1.22815,-5.75397,20.17151,-3.64214,73.42607
4159,53:57.2,19.73793,-1.60604,-5.75297,20.62188,-4.6518,73.80102
4160,53:57.2,19.73793,-1.60604,-5.75297,20.62188,-4.6518,73.80102
4161,53:57.3,19.73793,-1.60604,-5.75297,20.62188,-4.6518,73.80102
4162,53:57.3,20.18148,-1.98393,-5.75497,21.07956,-5.61439,74.15644
4163,53:57.3,20.18148,-1.98393,-5.75497,21.07956,-5.61439,74.15644
4164,53:57.4,20.18148,-1.98393,-5.75497,21.07956,-5.61439,74.15644
4165,53:57.4,20.62503,-2.26735,-5.76497,21.53526,-6.27344,74.47262
4166,53:57.4,20.62503,-2.26735,-5.76497,21.53526,-6.27344,74.47262
4167,53:57.5,20.62503,-2.26735,-5.76497,21.53526,-6.27344,74.47262
4168,53:57.5,21.06858,-2.45629,-5.76996,21.98206,-6.64985,74.78242
4169,53:57.5,21.06858,-2.45629,-5.76996,21.98206,-6.64985,74.78242
4170,53:57.6,21.06858,-2.45629,-5.76996,21.98206,-6.64985,74.78242
4171,53:57.6,21.62302,-2.64524,-5.77296,22.53617,-6.97459,75.15742
4172,53:57.6,21.62302,-2.64524,-5.77296,22.53617,-6.97459,75.15742
4173,53:57.7,21.62302,-2.64524,-5.77296,22.53617,-6.97459,75.15742
4174,53:57.7,22.06656,-2.83419,-5.77496,22.98513,-7.31889,75.44864
4175,53:57.7,22.06656,-2.83419,-5.77496,22.98513,-7.31889,75.44864
4176,53:57.8,22.06656,-2.83419,-5.77496,22.98513,-7.31889,75.44864
4177,53:57.8,22.621,-2.83419,-5.78296,23.51988,-7.14138,75.76643
4178,53:57.8,22.621,-2.83419,-5.78296,23.51988,-7.14138,75.76643
4179,53:57.9,22.621,-2.83419,-5.78296,23.51988,-7.14138,75.76643
4180,53:57.9,23.06455,-2.92866,-5.77896,23.95719,-7.2365,76.04143
4181,53:57.9,23.06455,-2.92866,-5.77896,23.95719,-7.2365,76.04143
4182,53:58.0,23.06455,-2.92866,-5.77896,23.95719,-7.2365,76.04143
4183,53:58.0,23.5081,-2.92866,-5.77196,24.38285,-7.10137,76.30685
4184,53:58.0,23.5081,-2.92866,-5.77196,24.38285,-7.10137,76.30685
4185,53:58.1,23.5081,-2.92866,-5.77196,24.38285,-7.10137,76.30685
4186,53:58.1,24.06253,-2.83419,-5.76795,24.90597,-6.71759,76.60935
4187,53:58.1,24.06253,-2.83419,-5.76795,24.90597,-6.71759,76.60935
4188,53:58.2,24.06253,-2.83419,-5.76795,24.90597,-6.71759,76.60935
4189,53:58.2,24.50608,-2.73971,-5.76495,25.32368,-6.37902,76.84121
4190,53:58.2,24.50608,-2.73971,-5.76495,25.32368,-6.37902,76.84121
4191,53:58.3,24.50608,-2.73971,-5.76495,25.32368,-6.37902,76.84121
4192,53:58.3,24.94963,-2.55077,-5.76695,25.73419,-5.83745,77.05022
4193,53:58.3,24.94963,-2.55077,-5.76695,25.73419,-5.83745,77.05022
4194,53:58.4,24.94963,-2.55077,-5.76695,25.73419,-5.83745,77.05022
4195,53:58.4,25.39318,-2.36182,-5.76995,26.14736,-5.3138,77.25159
4196,53:58.4,25.39318,-2.36182,-5.76995,26.14736,-5.3138,77.25159
4197,53:58.5,25.39318,-2.36182,-5.76995,26.14736,-5.3138,77.25159
4198,53:58.5,25.72584,-2.0784,-5.77295,26.44741,-4.61892,77.39196
4199,53:58.5,25.72584,-2.0784,-5.77295,26.44741,-4.61892,77.39196
4200,53:58.6,25.72584,-2.0784,-5.77295,26.44741,-4.61892,77.39196
4201,53:58.6,26.16939,-1.79499,-5.77495,26.85906,-3.92383,77.58393
4202,53:58.6,26.16939,-1.79499,-5.77495,26.85906,-3.92383,77.58393
4203,53:58.7,26.16939,-1.79499,-5.77495,26.85906,-3.92383,77.58393
4204,53:58.7,26.39117,-1.51157,-5.77595,27.05809,-3.27806,77.67453
4205,53:58.7,26.39117,-1.51157,-5.77595,27.05809,-3.27806,77.67453
4206,53:58.8,26.39117,-1.51157,-5.77595,27.05809,-3.27806,77.67453
4207,53:58.8,26.72383,-1.13367,-5.77694,27.3646,-2.42914,77.81258
4208,53:58.8,26.72383,-1.13367,-5.77694,27.3646,-2.42914,77.81258
4209,53:58.9,26.72383,-1.13367,-5.77694,27.3646,-2.42914,77.81258
4210,53:58.9,26.9456,-0.85026,-5.77594,27.57082,-1.80734,77.90725
4211,53:58.9,26.9456,-0.85026,-5.77594,27.57082,-1.80734,77.90725
4212,53:59.0,26.9456,-0.85026,-5.77594,27.57082,-1.80734,77.90725
4213,53:59.0,27.05649,-0.47236,-5.77294,27.66954,-1.00019,77.9574
4214,53:59.0,27.05649,-0.47236,-5.77294,27.66954,-1.00019,77.9574
4215,53:59.1,27.05649,-0.47236,-5.77294,27.66954,-1.00019,77.9574
4216,53:59.1,27.27827,-0.09447,-5.77394,27.88281,-0.19843,78.04878
4217,53:59.1,27.27827,-0.09447,-5.77394,27.88281,-0.19843,78.04878
4218,53:59.2,27.27827,-0.09447,-5.77394,27.88281,-0.19843,78.04878
4219,53:59.2,27.38915,0.28342,-5.77594,27.99299,0.59287,78.09232
4220,53:59.2,27.38915,0.28342,-5.77594,27.99299,0.59287,78.09232
4221,53:59.3,27.38915,0.28342,-5.77594,27.99299,0.59287,78.09232
4222,53:59.3,27.38915,0.66131,-5.77794,27.99978,1.38314,78.09107
4223,53:59.3,27.38915,0.66131,-5.77794,27.99978,1.38314,78.09107
4224,53:59.4,27.38915,0.66131,-5.77794,27.99978,1.38314,78.09107
4225,53:59.4,27.38915,1.0392,-5.77794,28.01125,2.17288,78.09602
4226,53:59.4,27.38915,1.0392,-5.77794,28.01125,2.17288,78.09602
4227,53:59.5,27.38915,1.0392,-5.77794,28.01125,2.17288,78.09602
4228,53:59.5,27.38915,1.41709,-5.77994,28.02823,2.9618,78.09916
4229,53:59.5,27.38915,1.41709,-5.77994,28.02823,2.9618,78.09916
4230,53:59.6,27.38915,1.41709,-5.77994,28.02823,2.9618,78.09916
4231,53:59.6,27.38915,1.79499,-5.77894,28.04967,3.74959,78.11048
4232,53:59.6,27.38915,1.79499,-5.77894,28.04967,3.74959,78.11048
4233,53:59.7,27.38915,1.79499,-5.77894,28.04967,3.74959,78.11048
4234,53:59.7,27.27827,2.0784,-5.78194,27.96166,4.3571,78.06622
4235,53:59.7,27.27827,2.0784,-5.78194,27.96166,4.3571,78.06622
4236,53:59.8,27.27827,2.0784,-5.78194,27.96166,4.3571,78.06622
4237,53:59.8,27.16738,2.4563,-5.79394,27.88673,5.16626,78.00848
4238,53:59.8,27.16738,2.4563,-5.79394,27.88673,5.16626,78.00848
4239,53:59.9,27.16738,2.4563,-5.79394,27.88673,5.16626,78.00848
4240,53:59.9,27.05649,2.73971,-5.79994,27.80646,5.78201,77.9607
4241,53:59.9,27.05649,2.73971,-5.79994,27.80646,5.78201,77.9607
4242,54:00.0,27.05649,2.73971,-5.79994,27.80646,5.78201,77.9607
4243,54:00.0,26.9456,3.02313,-5.80594,27.7293,6.40147,77.91402
4244,54:00.0,26.9456,3.02313,-5.80594,27.7293,6.40147,77.91402
4245,54:00.1,26.9456,3.02313,-5.80594,27.7293,6.40147,77.91402
4246,54:00.1,26.72383,3.30655,-5.80794,27.54684,7.05339,77.82849
4247,54:00.1,26.72383,3.30655,-5.80794,27.54684,7.05339,77.82849
4248,54:00.2,26.72383,3.30655,-5.80794,27.54684,7.05339,77.82849
4249,54:00.2,26.50205,3.4955,-5.80894,27.35546,7.51368,77.73987
4250,54:00.2,26.50205,3.4955,-5.80894,27.35546,7.51368,77.73987
4251,54:00.3,26.50205,3.4955,-5.80894,27.35546,7.51368,77.73987
4252,54:00.3,26.28028,3.77892,-5.80894,27.17862,8.18264,77.65884
4253,54:00.3,26.28028,3.77892,-5.80894,27.17862,8.18264,77.65884
4254,54:00.4,26.28028,3.77892,-5.80894,27.17862,8.18264,77.65884
4255,54:00.4,26.05851,3.96786,-5.80795,26.99114,8.65778,77.57393
4256,54:00.4,26.05851,3.96786,-5.80795,26.99114,8.65778,77.57393
4257,54:00.5,26.05851,3.96786,-5.80795,26.99114,8.65778,77.57393
4258,54:00.5,25.83673,4.15681,-5.80595,26.80531,9.13985,77.49077
4259,54:00.5,25.83673,4.15681,-5.80595,26.80531,9.13985,77.49077
4260,54:00.6,25.83673,4.15681,-5.80595,26.80531,9.13985,77.49077
4261,54:00.6,25.83673,4.15681,-5.80595,26.80531,9.13985,77.49077
4262,54:00.6,25.61496,4.25128,-5.79195,26.6035,9.42341,77.42521
4263,54:00.7,25.61496,4.25128,-5.79195,26.6035,9.42341,77.42521
4264,54:00.7,25.39318,4.44023,-5.78895,26.42047,9.91841,77.34333
4265,54:00.7,25.39318,4.44023,-5.78795,26.42025,9.91841,77.34544
4266,54:00.8,25.39318,4.44023,-5.78795,26.42025,9.91841,77.34544
4267,54:00.8,25.06052,4.5347,-5.78595,26.11648,10.25668,77.20026
4268,54:00.8,25.06052,4.5347,-5.78595,26.11648,10.25668,77.20026
4269,54:00.9,25.06052,4.5347,-5.78595,26.11648,10.25668,77.20026
4270,54:00.9,24.83874,4.72364,-5.78795,25.93793,10.7675,77.10611
4271,54:00.9,24.83874,4.72364,-5.78795,25.93793,10.7675,77.10611
4272,54:01.0,24.83874,4.72364,-5.78795,25.93793,10.7675,77.10611
4273,54:01.0,24.50608,4.81812,-5.79495,25.63872,11.123,76.93693
4274,54:01.0,24.50608,4.81812,-5.79495,25.63872,11.123,76.93693
4275,54:01.1,24.50608,4.81812,-5.79495,25.63872,11.123,76.93693
4276,54:01.1,24.28431,5.00706,-5.79795,25.46399,11.65028,76.83876
4277,54:01.1,24.28431,5.00706,-5.79795,25.46399,11.65028,76.83876
4278,54:01.2,24.28431,5.00706,-5.79795,25.46399,11.65028,76.83876
4279,54:01.2,23.95165,5.10154,-5.79895,25.16615,12.02393,76.6778
4280,54:01.2,23.95165,5.10154,-5.79895,25.16615,12.02393,76.6778
4281,54:01.3,23.95165,5.10154,-5.79895,25.16615,12.02393,76.6778
4282,54:01.3,23.61898,5.29048,-5.80095,24.88969,12.62544,76.52232
4283,54:01.3,23.61898,5.29048,-5.80095,24.88969,12.62544,76.52232
4284,54:01.4,23.61898,5.29048,-5.80095,24.88969,12.62544,76.52232
4285,54:01.4,23.28632,5.47943,-5.81395,24.61867,13.2412,76.33997
4286,54:01.4,23.28632,5.47943,-5.81395,24.61867,13.2412,76.33997
4287,54:01.5,23.28632,5.47943,-5.81395,24.61867,13.2412,76.33997
4288,54:01.5,22.84277,5.66837,-5.81896,24.24424,13.93629,76.11263
4289,54:01.5,22.84277,5.66837,-5.81896,24.24424,13.93629,76.11263
4290,54:01.6,22.84277,5.66837,-5.81896,24.24424,13.93629,76.11263
4291,54:01.6,22.39922,5.95179,-5.82296,23.89678,14.88045,75.89668
4292,54:01.6,22.39922,5.95179,-5.82296,23.89678,14.88045,75.89668
4293,54:01.7,22.39922,5.95179,-5.82296,23.89678,14.88045,75.89668
4294,54:01.7,22.06656,6.14074,-5.82196,23.63339,15.55095,75.73869
4295,54:01.7,22.06656,6.14074,-5.82196,23.63339,15.55095,75.73869
4296,54:01.8,22.06656,6.14074,-5.82196,23.63339,15.55095,75.73869
4297,54:01.8,21.51213,6.42415,-5.80496,23.1892,16.62717,75.50294
4298,54:01.8,21.51213,6.42415,-5.80496,23.1892,16.62717,75.50294
4299,54:01.9,21.51213,6.42415,-5.80496,23.1892,16.62717,75.50294
4300,54:01.9,21.06858,6.6131,-5.79696,22.8303,17.42627,75.29068
4301,54:01.9,21.06858,6.6131,-5.79696,22.8303,17.42627,75.29068
4302,54:02.0,21.06858,6.6131,-5.79696,22.8303,17.42627,75.29068
4303,54:02.0,20.62503,6.89652,-5.79196,22.50557,18.48871,75.08671
4304,54:02.0,20.62503,6.89652,-5.79196,22.50557,18.48871,75.08671
4305,54:02.1,20.62503,6.89652,-5.79196,22.50557,18.48871,75.08671
4306,54:02.1,20.07059,7.08546,-5.78896,22.05775,19.44442,74.78477
4307,54:02.1,20.07059,7.08546,-5.78896,22.05775,19.44442,74.78477
4308,54:02.2,20.07059,7.08546,-5.78896,22.05775,19.44442,74.78477
4309,54:02.2,19.51616,7.36888,-5.77697,21.64611,20.68546,74.52116
4310,54:02.2,19.51616,7.36888,-5.77697,21.64611,20.68546,74.52116
4311,54:02.3,19.51616,7.36888,-5.77697,21.64611,20.68546,74.52116
4312,54:02.3,18.96172,7.6523,-5.77697,21.24801,21.97732,74.22367
4313,54:02.3,18.96172,7.6523,-5.77697,21.24801,21.97732,74.22367
4314,54:02.4,18.96172,7.6523,-5.77697,21.24801,21.97732,74.22367
4315,54:02.4,18.51817,7.93572,-5.77797,20.95908,23.19692,73.99755
4316,54:02.4,18.51817,7.93572,-5.77797,20.95908,23.19692,73.99755
4317,54:02.5,18.51817,7.93572,-5.77797,20.95908,23.19692,73.99755
4318,54:02.5,17.96373,8.31361,-5.78197,20.62142,24.83468,73.71672
4319,54:02.5,17.96373,8.31361,-5.78197,20.62142,24.83468,73.71672
4320,54:02.6,17.96373,8.31361,-5.78197,20.62142,24.83468,73.71672
4321,54:02.6,17.52018,8.6915,-5.79697,20.39862,26.38532,73.4899
4322,54:02.6,17.52018,8.6915,-5.79697,20.39862,26.38532,73.4899
4323,54:02.7,17.52018,8.6915,-5.79697,20.39862,26.38532,73.4899
4324,54:02.7,17.07663,8.97492,-5.80797,20.14679,27.72494,73.24483
4325,54:02.7,17.07663,8.97492,-5.80797,20.14679,27.72494,73.24483
4326,54:02.8,17.07663,8.97492,-5.80797,20.14679,27.72494,73.24483
4327,54:02.8,16.63308,9.44728,-5.81497,19.99311,29.59577,73.09123
4328,54:02.8,16.63308,9.44728,-5.81497,19.99311,29.59577,73.09123
4329,54:02.9,16.63308,9.44728,-5.81497,19.99311,29.59577,73.09123
4330,54:02.9,16.18954,9.82517,-5.81497,19.81032,31.2529,72.93045
4331,54:02.9,16.18954,9.82517,-5.81497,19.81032,31.2529,72.93045
4332,54:03.0,16.18954,9.82517,-5.81497,19.81032,31.2529,72.93045
4333,54:03.0,15.74599,10.29754,-5.81097,19.69118,33.18382,72.83615
4334,54:03.0,15.74599,10.29754,-5.81097,19.69118,33.18382,72.83615
4335,54:03.1,15.74599,10.29754,-5.81097,19.69118,33.18382,72.83615
4336,54:03.1,15.41332,10.67543,-5.80697,19.62794,34.70687,72.79135
4337,54:03.1,15.41332,10.67543,-5.80697,19.62794,34.70687,72.79135
4338,54:03.2,15.41332,10.67543,-5.80697,19.62794,34.70687,72.79135
4339,54:03.2,15.08066,11.14779,-5.80497,19.63154,36.47222,72.80071
4340,54:03.2,15.08066,11.14779,-5.80497,19.63154,36.47222,72.80071
4341,54:03.3,15.08066,11.14779,-5.80497,19.63154,36.47222,72.80071
4342,54:03.3,14.85889,11.62015,-5.79997,19.73459,38.02662,72.90849
4343,54:03.3,14.85889,11.62015,-5.79997,19.73459,38.02662,72.90849
4344,54:03.4,14.85889,11.62015,-5.79997,19.73459,38.02662,72.90849
4345,54:03.4,14.85889,11.62015,-5.79997,19.73459,38.02662,72.90849
4346,54:03.4,14.63711,12.18699,-5.79097,19.90736,39.78107,73.0884
4347,54:03.5,14.63711,12.18699,-5.79097,19.90736,39.78107,73.0884
4348,54:03.5,14.41534,12.65935,-5.77897,20.03641,41.28917,73.2364
4349,54:03.5,14.41534,12.65935,-5.77897,20.03641,41.28917,73.2364
4350,54:03.6,14.41534,12.65935,-5.77897,20.03641,41.28917,73.2364
4351,54:03.6,14.19356,13.13172,-5.75897,20.17585,42.77464,73.41492
4352,54:03.6,14.19356,13.13172,-5.75897,20.17585,42.77464,73.41492
4353,54:03.7,14.19356,13.13172,-5.75897,20.17585,42.77464,73.41492
4354,54:03.7,13.97179,13.60408,-5.74597,20.32973,44.23605,73.58224
4355,54:03.7,13.97179,13.60408,-5.74597,20.32973,44.23605,73.58224
4356,54:03.8,13.97179,13.60408,-5.74597,20.32973,44.23605,73.58224
4357,54:03.8,13.8609,14.17092,-5.72297,20.6323,45.63364,73.89616
4358,54:03.8,13.8609,14.17092,-5.72297,20.6323,45.63364,73.89616
4359,54:03.9,13.8609,14.17092,-5.72297,20.6323,45.63364,73.89616
4360,54:03.9,13.75001,14.64328,-5.71697,20.88474,46.80197,74.11311
4361,54:03.9,13.75001,14.64328,-5.71697,20.88474,46.80197,74.11311
4362,54:04.0,13.75001,14.64328,-5.71697,20.88474,46.80197,74.11311
4363,54:04.0,13.75001,15.21012,-5.71097,21.2844,47.88629,74.43585
4364,54:04.0,13.75001,15.21012,-5.71097,21.2844,47.88629,74.43585
4365,54:04.1,13.75001,15.21012,-5.71097,21.2844,47.88629,74.43585
4366,54:04.1,13.75001,15.68248,-5.70797,21.62369,48.75653,74.69435
4367,54:04.1,13.75001,15.68248,-5.70797,21.62369,48.75653,74.69435
4368,54:04.2,13.75001,15.68248,-5.70797,21.62369,48.75653,74.69435
4369,54:04.2,13.86089,16.24932,-5.71096,22.10837,49.53536,75.02979
4370,54:04.2,13.86089,16.24932,-5.71096,22.10837,49.53536,75.02979
4371,54:04.3,13.86089,16.24932,-5.71096,22.10837,49.53536,75.02979
4372,54:04.3,13.97178,16.72168,-5.70896,22.52593,50.1196,75.31886
4373,54:04.3,13.97178,16.72168,-5.70896,22.52593,50.1196,75.31886
4374,54:04.4,13.97178,16.72168,-5.70896,22.52593,50.1196,75.31886
4375,54:04.4,14.08267,17.19405,-5.70796,22.94641,50.68104,75.59634
4376,54:04.4,14.08267,17.19405,-5.70796,22.94641,50.68104,75.59634
4377,54:04.5,14.08267,17.19405,-5.70796,22.94641,50.68104,75.59634
4378,54:04.5,14.30444,17.57194,-5.70596,23.36553,50.85268,75.86519
4379,54:04.5,14.30444,17.57194,-5.70596,23.36553,50.85268,75.86519
4380,54:04.6,14.30444,17.57194,-5.70596,23.36553,50.85268,75.86519
4381,54:04.6,14.52621,18.0443,-5.71096,23.85839,51.16488,76.1507
4382,54:04.6,14.52621,18.0443,-5.71096,23.85839,51.16488,76.1507
4383,54:04.7,14.52621,18.0443,-5.71096,23.85839,51.16488,76.1507
4384,54:04.7,14.74799,18.4222,-5.71096,24.27953,51.32079,76.39559
4385,54:04.7,14.74799,18.4222,-5.71096,24.27953,51.32079,76.39559
4386,54:04.8,14.74799,18.4222,-5.71096,24.27953,51.32079,76.39559
4387,54:04.8,15.08065,18.70562,-5.71195,24.69722,51.1239,76.6276
4388,54:04.8,15.08065,18.70562,-5.71195,24.69722,51.1239,76.6276
4389,54:04.9,15.08065,18.70562,-5.71195,24.69722,51.1239,76.6276
4390,54:04.9,15.41331,18.98903,-5.71795,25.1167,50.93392,76.84092
4391,54:04.9,15.41331,18.98903,-5.71795,25.1167,50.93392,76.84092
4392,54:05.0,15.41331,18.98903,-5.71795,25.1167,50.93392,76.84092
4393,54:05.0,15.74597,19.27245,-5.72895,25.53789,50.7505,77.03643
4394,54:05.0,15.74597,19.27245,-5.72895,25.53789,50.7505,77.03643
4395,54:05.1,15.74597,19.27245,-5.72895,25.53789,50.7505,77.03643
4396,54:05.1,16.18952,19.4614,-5.73495,25.95643,50.24366,77.23544
4397,54:05.1,16.18952,19.4614,-5.73495,25.95643,50.24366,77.23544
4398,54:05.2,16.18952,19.4614,-5.73495,25.95643,50.24366,77.23544
4399,54:05.2,16.52218,19.74482,-5.74095,26.378,50.07789,77.42945
4400,54:05.2,16.52218,19.74482,-5.74095,26.378,50.07789,77.42945
4401,54:05.3,16.52218,19.74482,-5.74095,26.378,50.07789,77.42945
4402,54:05.3,16.85484,19.83929,-5.74895,26.65959,49.64981,77.54676
4403,54:05.3,16.85484,19.83929,-5.74895,26.65959,49.64981,77.54676
4404,54:05.4,16.85484,19.83929,-5.74895,26.65959,49.64981,77.54676
4405,54:05.4,17.29839,19.93377,-5.75295,27.0127,49.04877,77.70343
4406,54:05.4,17.29839,19.93377,-5.75295,27.0127,49.04877,77.70343
4407,54:05.5,17.29839,19.93377,-5.75295,27.0127,49.04877,77.70343
4408,54:05.5,17.63105,20.02824,-5.75894,27.29743,48.64222,77.82079
4409,54:05.5,17.63105,20.02824,-5.75894,27.29743,48.64222,77.82079
4410,54:05.6,17.63105,20.02824,-5.75894,27.29743,48.64222,77.82079
4411,54:05.6,18.0746,20.02824,-5.76394,27.58704,47.93514,77.93996
4412,54:05.6,18.0746,20.02824,-5.76394,27.58704,47.93514,77.93996
4413,54:05.7,18.0746,20.02824,-5.76394,27.58704,47.93514,77.93996
4414,54:05.7,18.40727,20.02824,-5.77194,27.80779,47.41496,78.02027
4415,54:05.7,18.40727,20.02824,-5.77194,27.80779,47.41496,78.02027
4416,54:05.8,18.40727,20.02824,-5.77194,27.80779,47.41496,78.02027
4417,54:05.8,18.40727,20.02824,-5.77194,27.80779,47.41496,78.02027
4418,54:05.8,18.73993,20.02824,-5.78794,28.0324,46.90331,78.08425
4419,54:05.9,18.73993,20.02824,-5.78794,28.0324,46.90331,78.08425
4420,54:05.9,19.07259,19.93377,-5.79094,28.1896,46.26477,78.14543
4421,54:05.9,19.07259,19.93377,-5.79094,28.1896,46.26477,78.14543
4422,54:06.0,19.07259,19.93377,-5.79094,28.1896,46.26477,78.14543
4423,54:06.0,19.40525,19.8393,-5.79094,28.34954,45.63367,78.21327
4424,54:06.0,19.40525,19.8393,-5.79094,28.34954,45.63367,78.21327
4425,54:06.1,19.40525,19.8393,-5.79094,28.34954,45.63367,78.21327
4426,54:06.1,19.73791,19.74483,-5.79094,28.51277,45.01003,78.28171
4427,54:06.1,19.73791,19.74483,-5.79094,28.51277,45.01003,78.28171
4428,54:06.2,19.73791,19.74483,-5.79094,28.51277,45.01003,78.28171
4429,54:06.2,19.95969,19.55588,-5.79594,28.53795,44.41452,78.28195
4430,54:06.2,19.95969,19.55588,-5.79594,28.53795,44.41452,78.28195
4431,54:06.3,19.95969,19.55588,-5.79594,28.53795,44.41452,78.28195
4432,54:06.3,20.29235,19.36693,-5.79794,28.64391,43.66329,78.32182
4433,54:06.3,20.29235,19.36693,-5.79794,28.64391,43.66329,78.32182
4434,54:06.4,20.29235,19.36693,-5.79794,28.64391,43.66329,78.32182
4435,54:06.4,20.51413,19.17799,-5.79694,28.67454,43.07201,78.33651
4436,54:06.4,20.51413,19.17799,-5.79694,28.67454,43.07201,78.33651
4437,54:06.5,20.51413,19.17799,-5.79694,28.67454,43.07201,78.33651
4438,54:06.5,20.62501,18.98904,-5.79194,28.62729,42.63516,78.32721
4439,54:06.5,20.62501,18.98904,-5.79194,28.62729,42.63516,78.32721
4440,54:06.6,20.62501,18.98904,-5.79194,28.62729,42.63516,78.32721
4441,54:06.6,20.84679,18.70563,-5.78294,28.5995,41.90133,78.33412
4442,54:06.6,20.84679,18.70563,-5.78294,28.5995,41.90133,78.33412
4443,54:06.7,20.84679,18.70563,-5.78294,28.5995,41.90133,78.33412
4444,54:06.7,20.95768,18.51668,-5.78294,28.55756,41.46148,78.31674
4445,54:06.7,20.95768,18.51668,-5.78294,28.55756,41.46148,78.31674
4446,54:06.8,20.95768,18.51668,-5.78294,28.55756,41.46148,78.31674
4447,54:06.8,21.06856,18.23326,-5.78894,28.45783,40.87373,78.26288
4448,54:06.8,21.06856,18.23326,-5.78894,28.45783,40.87373,78.26288
4449,54:06.9,21.06856,18.23326,-5.78894,28.45783,40.87373,78.26288
4450,54:06.9,21.17945,17.94984,-5.78994,28.36,40.28168,78.21975
4451,54:06.9,21.17945,17.94984,-5.78994,28.36,40.28168,78.21975
4452,54:07.0,21.17945,17.94984,-5.78994,28.36,40.28168,78.21975
4453,54:07.0,21.29034,17.7609,-5.78394,28.32282,39.83565,78.21646
4454,54:07.0,21.29034,17.7609,-5.78394,28.32282,39.83565,78.21646
4455,54:07.1,21.29034,17.7609,-5.78394,28.32282,39.83565,78.21646
4456,54:07.1,21.29034,17.47748,-5.78094,28.14534,39.38296,78.14732
4457,54:07.1,21.29034,17.47748,-5.78094,28.14534,39.38296,78.14732
4458,54:07.2,21.29034,17.47748,-5.78094,28.14534,39.38296,78.14732
4459,54:07.2,21.29034,17.19406,-5.77994,27.97002,38.92431,78.07403
4460,54:07.2,21.29034,17.19406,-5.77994,27.97002,38.92431,78.07403
4461,54:07.3,21.29034,17.19406,-5.77994,27.97002,38.92431,78.07403
4462,54:07.3,21.29034,16.91064,-5.77994,27.79669,38.45966,77.99856
4463,54:07.3,21.29034,16.91064,-5.77994,27.79669,38.45966,77.99856
4464,54:07.4,21.29034,16.91064,-5.77994,27.79669,38.45966,77.99856
4465,54:07.4,21.29034,16.7217,-5.78694,27.68361,38.14653,77.93398
4466,54:07.4,21.29034,16.7217,-5.78694,27.68361,38.14653,77.93398
4467,54:07.5,21.29034,16.7217,-5.78694,27.68361,38.14653,77.93398
4468,54:07.5,21.17945,16.43828,-5.78594,27.42742,37.81657,77.82169
4469,54:07.5,21.17945,16.43828,-5.78594,27.42742,37.81657,77.82169
4470,54:07.6,21.17945,16.43828,-5.78594,27.42742,37.81657,77.82169
4471,54:07.6,21.06857,16.24933,-5.77794,27.22701,37.64155,77.74789
4472,54:07.6,21.06857,16.24933,-5.77794,27.22701,37.64155,77.74789
4473,54:07.7,21.06857,16.24933,-5.77794,27.22701,37.64155,77.74789
4474,54:07.7,20.95768,15.96591,-5.76795,26.97043,37.30076,77.65124
4475,54:07.7,20.95768,15.96591,-5.76795,26.97043,37.30076,77.65124
4476,54:07.8,20.95768,15.96591,-5.76795,26.97043,37.30076,77.65124
4477,54:07.8,20.84679,15.77697,-5.76195,26.77128,37.11864,77.57106
4478,54:07.8,20.84679,15.77697,-5.76195,26.77128,37.11864,77.57106
4479,54:07.9,20.84679,15.77697,-5.76195,26.77128,37.11864,77.57106
4480,54:07.9,20.73591,15.58802,-5.75595,26.57245,36.93367,77.4898
4481,54:07.9,20.73591,15.58802,-5.75595,26.57245,36.93367,77.4898
4482,54:08.0,20.73591,15.58802,-5.75595,26.57245,36.93367,77.4898
4483,54:08.0,20.51413,15.39908,-5.74595,26.28644,36.89398,77.37378
4484,54:08.0,20.51413,15.39908,-5.74595,26.28644,36.89398,77.37378
4485,54:08.1,20.51413,15.39908,-5.74595,26.28644,36.89398,77.37378
4486,54:08.1,20.40324,15.21013,-5.72895,26.08565,36.70365,77.31324
4487,54:08.1,20.40324,15.21013,-5.72895,26.08565,36.70365,77.31324
4488,54:08.2,20.40324,15.21013,-5.72895,26.08565,36.70365,77.31324
4489,54:08.2,20.18147,15.11566,-5.70695,25.85235,36.83273,77.24681
4490,54:08.2,20.18147,15.11566,-5.70695,25.85235,36.83273,77.24681
4491,54:08.3,20.18147,15.11566,-5.70695,25.85235,36.83273,77.24681
4492,54:08.3,19.9597,15.02118,-5.67795,25.61766,36.96423,77.1945
4493,54:08.3,19.9597,15.02118,-5.67795,25.61766,36.96423,77.1945
4494,54:08.4,19.9597,15.02118,-5.67795,25.61766,36.96423,77.1945
4495,54:08.4,19.73792,14.92671,-5.62095,25.3769,37.09822,77.20292
4496,54:08.4,19.73792,14.92671,-5.62095,25.3769,37.09822,77.20292
4497,54:08.5,19.73792,14.92671,-5.62095,25.3769,37.09822,77.20292
4498,54:08.5,19.51615,14.83224,-5.56295,25.13606,37.23477,77.2138
4499,54:08.5,19.51615,14.83224,-5.56295,25.13606,37.23477,77.2138
4500,54:08.6,19.51615,14.83224,-5.56295,25.13606,37.23477,77.2138
4501,54:08.6,19.29437,14.73776,-5.52695,24.90023,37.37394,77.17559
4502,54:08.6,19.29437,14.73776,-5.52695,24.90023,37.37394,77.17559
4503,54:08.7,19.29437,14.73776,-5.52695,24.90023,37.37394,77.17559
4504,54:08.7,18.96171,14.64329,-5.50695,24.58249,37.67732,77.05478
4505,54:08.7,18.96171,14.64329,-5.50695,24.58249,37.67732,77.05478
4506,54:08.8,18.96171,14.64329,-5.50695,24.58249,37.67732,77.05478
4507,54:08.8,18.73994,14.64329,-5.49496,24.40913,38.00389,76.99013
4508,54:08.8,18.73994,14.64329,-5.49496,24.40913,38.00389,76.99013
4509,54:08.9,18.73994,14.64329,-5.49496,24.40913,38.00389,76.99013
4510,54:08.9,18.40727,14.54882,-5.48696,24.09569,38.32228,76.8374
4511,54:08.9,18.40727,14.54882,-5.48696,24.09569,38.32228,76.8374
4512,54:09.0,18.40727,14.54882,-5.48696,24.09569,38.32228,76.8374
4513,54:09.0,18.07461,14.45434,-5.46696,23.7804,38.64947,76.7092
4514,54:09.0,18.07461,14.45434,-5.46696,23.7804,38.64947,76.7092
4515,54:09.1,18.07461,14.45434,-5.46696,23.7804,38.64947,76.7092
4516,54:09.1,17.74195,14.35987,-5.46196,23.46946,38.9858,76.54237
4517,54:09.1,17.74195,14.35987,-5.46196,23.46946,38.9858,76.54237
4518,54:09.2,17.74195,14.35987,-5.46196,23.46946,38.9858,76.54237
4519,54:09.2,17.40929,14.2654,-5.46296,23.16093,39.33163,76.35711
4520,54:09.2,17.40929,14.2654,-5.46296,23.16093,39.33163,76.35711
4521,54:09.3,17.40929,14.2654,-5.46296,23.16093,39.33163,76.35711
4522,54:09.3,16.96574,14.07645,-5.46896,22.71326,39.68244,76.06726
4523,54:09.3,16.96574,14.07645,-5.46896,22.71326,39.68244,76.06726
4524,54:09.4,16.96574,14.07645,-5.46896,22.71326,39.68244,76.06726
4525,54:09.4,16.63308,13.98198,-5.49396,22.41291,40.05083,75.81078
4526,54:09.4,16.63308,13.98198,-5.49396,22.41291,40.05083,75.81078
4527,54:09.5,16.63308,13.98198,-5.49396,22.41291,40.05083,75.81078
4528,54:09.5,16.18953,13.79303,-5.50496,21.96937,40.43008,75.48849
4529,54:09.5,16.18953,13.79303,-5.50496,21.96937,40.43008,75.48849
4530,54:09.6,16.18953,13.79303,-5.50496,21.96937,40.43008,75.48849
4531,54:09.6,15.74598,13.69856,-5.51197,21.5863,41.02234,75.20593
4532,54:09.6,15.74598,13.69856,-5.51197,21.5863,41.02234,75.20593
4533,54:09.7,15.74598,13.69856,-5.51197,21.5863,41.02234,75.20593
4534,54:09.7,15.30243,13.50961,-5.52097,21.14604,41.43938,74.8654
4535,54:09.7,15.30243,13.50961,-5.52097,21.14604,41.43938,74.8654
4536,54:09.8,15.30243,13.50961,-5.52097,21.14604,41.43938,74.8654
4537,54:09.8,14.85888,13.32066,-5.53397,20.70873,41.87553,74.50057
4538,54:09.8,14.85888,13.32066,-5.53397,20.70873,41.87553,74.50057
4539,54:09.9,14.85888,13.32066,-5.53397,20.70873,41.87553,74.50057
4540,54:09.9,14.41533,13.13172,-5.54197,20.27208,42.33211,74.13454
4541,54:09.9,14.41533,13.13172,-5.54197,20.27208,42.33211,74.13454
4542,54:10.0,14.41533,13.13172,-5.54197,20.27208,42.33211,74.13454
4543,54:10.0,13.97179,12.8483,-5.53497,19.77184,42.6013,73.74324
4544,54:10.0,13.97179,12.8483,-5.53497,19.77184,42.6013,73.74324
4545,54:10.1,13.97179,12.8483,-5.53497,19.77184,42.6013,73.74324
4546,54:10.1,13.52824,12.65935,-5.50497,19.32814,43.09967,73.45212
4547,54:10.1,13.52824,12.65935,-5.50497,19.32814,43.09967,73.45212
4548,54:10.2,13.52824,12.65935,-5.50497,19.32814,43.09967,73.45212
4549,54:10.2,13.08469,12.47041,-5.42197,18.87109,43.62302,73.30263
4550,54:10.2,13.08469,12.47041,-5.42197,18.87109,43.62302,73.30263
4551,54:10.3,13.08469,12.47041,-5.42197,18.87109,43.62302,73.30263
4552,54:10.3,12.64114,12.28146,-5.31398,18.40845,44.17317,73.22162
4553,54:10.3,12.64114,12.28146,-5.31398,18.40845,44.17317,73.22162
4554,54:10.4,12.64114,12.28146,-5.31398,18.40845,44.17317,73.22162
4555,54:10.4,12.19759,12.09251,-5.17798,17.93939,44.75215,73.22361
4556,54:10.4,12.19759,12.09251,-5.17798,17.93939,44.75215,73.22361
4557,54:10.5,12.19759,12.09251,-5.17798,17.93939,44.75215,73.22361
4558,54:10.5,11.75404,11.90357,-5.03498,17.47007,45.36213,73.24942
4559,54:10.5,11.75404,11.90357,-5.03498,17.47007,45.36213,73.24942
4560,54:10.6,11.75404,11.90357,-5.03498,17.47007,45.36213,73.24942
4561,54:10.6,11.42138,11.80909,-4.86998,17.13532,45.95617,73.48855
4562,54:10.6,11.42138,11.80909,-4.86998,17.13532,45.95617,73.48855
4563,54:10.7,11.42138,11.80909,-4.86998,17.13532,45.95617,73.48855
4564,54:10.7,11.08872,11.62015,-4.71898,16.74086,46.34059,73.62732
4565,54:10.7,11.08872,11.62015,-4.71898,16.74086,46.34059,73.62732
4566,54:10.8,11.08872,11.62015,-4.71898,16.74086,46.34059,73.62732
4567,54:10.8,10.75606,11.52568,-4.55598,16.41008,46.97823,73.88102
4568,54:10.8,10.75606,11.52568,-4.55598,16.41008,46.97823,73.88102
4569,54:10.9,10.75606,11.52568,-4.55598,16.41008,46.97823,73.88102
4570,54:10.9,10.53428,11.52567,-4.41098,16.22557,47.57319,74.2254
4571,54:10.9,10.53428,11.52567,-4.41098,16.22557,47.57319,74.2254
4572,54:11.0,10.53428,11.52567,-4.41098,16.22557,47.57319,74.2254
4573,54:11.0,10.31251,11.4312,-4.19898,15.95781,47.94522,74.74412
4574,54:11.0,10.31251,11.4312,-4.19898,15.95781,47.94522,74.74412
4575,54:11.1,10.31251,11.4312,-4.19898,15.95781,47.94522,74.74412
4576,54:11.1,10.20162,11.4312,-4.03598,15.84407,48.25312,75.24233
4577,54:11.1,10.20162,11.4312,-4.03598,15.84407,48.25312,75.24233
4578,54:11.2,10.20162,11.4312,-4.03598,15.84407,48.25312,75.24233
4579,54:11.2,9.97984,11.33673,-3.88298,15.59475,48.64219,75.58207
4580,54:11.2,9.97984,11.33673,-3.88298,15.59475,48.64219,75.58207
4581,54:11.3,9.97984,11.33673,-3.88298,15.59475,48.64219,75.58207
4582,54:11.3,9.97984,11.33673,-3.70898,15.55234,48.64219,76.20292
4583,54:11.3,9.97984,11.33673,-3.70898,15.55234,48.64219,76.20292
4584,54:11.4,9.97984,11.33673,-3.70898,15.55234,48.64219,76.20292
4585,54:11.4,9.97984,11.33673,-3.53998,15.5129,48.64219,76.80911
4586,54:11.5,9.97984,11.33673,-3.53998,15.5129,48.64219,76.80911
4587,54:11.5,9.97984,11.33673,-3.53998,15.5129,48.64219,76.80911
4588,54:11.5,9.86896,11.33673,-3.40198,15.41075,48.95946,77.24668
4589,54:11.6,9.86896,11.33673,-3.40198,15.41075,48.95946,77.24668
4590,54:11.6,9.86896,11.33673,-3.40198,15.41075,48.95946,77.24668
4591,54:11.6,9.97984,11.33673,-3.23698,15.44658,48.64219,77.90344
4592,54:11.6,9.97984,11.33673,-3.23698,15.44658,48.64219,77.90344
4593,54:11.7,9.97984,11.33673,-3.23698,15.44658,48.64219,77.90344
4594,54:11.7,9.97984,11.33673,-3.10098,15.41865,48.64219,78.3976
4595,54:11.7,9.97984,11.33673,-3.10098,15.41865,48.64219,78.3976
4596,54:11.8,9.97984,11.33673,-3.10098,15.41865,48.64219,78.3976
4597,54:11.8,9.97984,11.33673,-2.93798,15.38669,48.64219,78.99218
4598,54:11.8,9.97984,11.33673,-2.93798,15.38669,48.64219,78.99218
4599,54:11.9,9.97984,11.33673,-2.93798,15.38669,48.64219,78.99218
4600,54:11.9,9.97984,11.33673,-2.79298,15.35967,48.64219,79.52312
4601,54:11.9,9.97984,11.33673,-2.79298,15.35967,48.64219,79.52312
4602,54:12.0,9.97984,11.33673,-2.79298,15.35967,48.64219,79.52312
4603,54:12.0,10.09073,11.33673,-2.62898,15.40311,48.32797,80.17272
4604,54:12.1,10.09073,11.33673,-2.62898,15.40311,48.32797,80.17272
4605,54:12.1,10.09073,11.33673,-2.62898,15.40311,48.32797,80.17272
4606,54:12.1,10.09073,11.33673,-2.52098,15.38504,48.32797,80.56903
4607,54:12.2,10.09073,11.33673,-2.52098,15.38504,48.32797,80.56903
4608,54:12.2,10.09073,11.33673,-2.52098,15.38504,48.32797,80.56903
4609,54:12.2,10.09073,11.33672,-2.37898,15.36241,48.32797,81.09148
4610,54:12.3,10.09073,11.33672,-2.37898,15.36241,48.32797,81.09148
4611,54:12.3,10.09073,11.33672,-2.37898,15.36241,48.32797,81.09148
4612,54:12.3,10.09073,11.33672,-2.25798,15.34414,48.32797,81.53785
4613,54:12.3,10.09073,11.33672,-2.25798,15.34414,48.32797,81.53785
4614,54:12.4,10.09073,11.33672,-2.25798,15.34414,48.32797,81.53785
4615,54:12.4,10.09073,11.33672,-2.14098,15.32736,48.32797,81.97046
4616,54:12.5,10.09073,11.33672,-2.14098,15.32736,48.32797,81.97046
4617,54:12.5,10.09073,11.33672,-2.14098,15.32736,48.32797,81.97046
4618,54:12.5,10.09073,11.33672,-2.03498,15.31291,48.32797,82.36319
4619,54:12.6,10.09073,11.33672,-2.03498,15.31291,48.32797,82.36319
4620,54:12.6,10.09073,11.33672,-2.03498,15.31291,48.32797,82.36319
4621,54:12.6,10.09073,11.33672,-1.93998,15.30058,48.32797,82.71578
4622,54:12.7,10.09073,11.33672,-1.93998,15.30058,48.32797,82.71578
4623,54:12.7,10.09073,11.33672,-1.93998,15.30058,48.32797,82.71578
4624,54:12.7,10.09073,11.33672,-1.84398,15.2887,48.32797,83.07265
4625,54:12.8,10.09073,11.33672,-1.84398,15.2887,48.32797,83.07265
4626,54:12.8,10.09073,11.33672,-1.84398,15.2887,48.32797,83.07265
4627,54:12.8,10.09073,11.33672,-1.74398,15.27696,48.32797,83.44496
4628,54:12.9,10.09073,11.33672,-1.74398,15.27696,48.32797,83.44496
4629,54:12.9,10.09073,11.33672,-1.74398,15.27696,48.32797,83.44496
4630,54:12.9,10.09073,11.33672,-1.65398,15.26695,48.32797,83.78052
4631,54:13.0,10.09073,11.33672,-1.65398,15.26695,48.32797,83.78052
4632,54:13.0,10.09073,11.33672,-1.65398,15.26695,48.32797,83.78052
4633,54:13.0,10.09073,11.33672,-1.55898,15.25695,48.32797,84.13518
4634,54:13.1,10.09073,11.33672,-1.55898,15.25695,48.32797,84.13518
4635,54:13.1,10.09073,11.33672,-1.55898,15.25695,48.32797,84.13518
4636,54:13.1,10.09073,11.33672,-1.48298,15.24937,48.32797,84.41924
4637,54:13.2,10.09073,11.33672,-1.48298,15.24937,48.32797,84.41924
4638,54:13.2,10.09073,11.33672,-1.48298,15.24937,48.32797,84.41924
4639,54:13.2,10.09073,11.24225,-1.40998,15.17231,48.08974,84.66774
4640,54:13.3,10.09073,11.24225,-1.40998,15.17231,48.08974,84.66774
4641,54:13.3,10.09073,11.24225,-1.40998,15.17231,48.08974,84.66774
4642,54:13.3,10.09073,11.24225,-1.34998,15.16685,48.08974,84.89342
4643,54:13.4,10.09073,11.24225,-1.34998,15.16685,48.08974,84.89342
4644,54:13.4,10.09073,11.24225,-1.34998,15.16685,48.08974,84.89342
4645,54:13.4,10.09073,11.24225,-1.29998,15.16248,48.08974,85.08161
4646,54:13.5,10.09073,11.24225,-1.29998,15.16248,48.08974,85.08161
4647,54:13.5,10.09073,11.24225,-1.29998,15.16248,48.08974,85.08161
4648,54:13.5,10.09073,11.24225,-1.24798,15.15811,48.08974,85.27744
4649,54:13.6,10.09073,11.24225,-1.24798,15.15811,48.08974,85.27744
4650,54:13.6,10.09073,11.24225,-1.24798,15.15811,48.08974,85.27744
4651,54:13.6,10.09073,11.24225,-1.20098,15.15432,48.08974,85.45453
4652,54:13.7,10.09073,11.24225,-1.20098,15.15432,48.08974,85.45453
4653,54:13.7,10.09073,11.24225,-1.20098,15.15432,48.08974,85.45453
4654,54:13.7,10.09073,11.24225,-1.15598,15.15082,48.08974,85.62417
4655,54:13.8,10.09073,11.24225,-1.15598,15.15082,48.08974,85.62417
4656,54:13.8,10.09073,11.24225,-1.15598,15.15082,48.08974,85.62417
4657,54:13.8,10.09073,11.24225,-1.13298,15.14908,48.08974,85.71091
4658,54:13.9,10.09073,11.24225,-1.13298,15.14908,48.08974,85.71091
4659,54:13.9,10.09073,11.24225,-1.13298,15.14908,48.08974,85.71091
4660,54:13.9,10.09073,11.24225,-1.10398,15.14694,48.08974,85.8203
4661,54:14.0,10.09073,11.24225,-1.10398,15.14694,48.08974,85.8203
4662,54:14.0,10.09073,11.24225,-1.10398,15.14694,48.08974,85.8203
4663,54:14.0,10.09073,11.24225,-1.06798,15.14436,48.08974,85.95614
4664,54:14.1,10.09073,11.24225,-1.06798,15.14436,48.08974,85.95614
4665,54:14.1,10.09073,11.24225,-1.06798,15.14436,48.08974,85.95614
4666,54:14.1,10.09073,11.24225,-1.03698,15.1422,48.08974,86.07314
4667,54:14.2,10.09073,11.24225,-1.03698,15.1422,48.08974,86.07314
4668,54:14.2,10.09073,11.24225,-1.03698,15.1422,48.08974,86.07314
4669,54:14.2,9.97984,11.24225,-0.99898,15.06597,48.40427,86.19809
4670,54:14.3,9.97984,11.24225,-0.99898,15.06597,48.40427,86.19809
4671,54:14.3,9.97984,11.24225,-0.99898,15.06597,48.40427,86.19809
4672,54:14.3,9.97984,11.24225,-0.96998,15.06407,48.40427,86.30815
4673,54:14.4,9.97984,11.24225,-0.96998,15.06407,48.40427,86.30815
4674,54:14.4,9.97984,11.24225,-0.96998,15.06407,48.40427,86.30815
4675,54:14.4,9.97984,11.24225,-0.94298,15.06236,48.40427,86.41064
4676,54:14.5,9.97984,11.24225,-0.94298,15.06236,48.40427,86.41064
4677,54:14.5,9.97984,11.24225,-0.94298,15.06236,48.40427,86.41064
4678,54:14.5,9.97984,11.24225,-0.91698,15.06075,48.40427,86.50936
4679,54:14.6,9.97984,11.24225,-0.91698,15.06075,48.40427,86.50936
4680,54:14.6,9.97984,11.24225,-0.91698,15.06075,48.40427,86.50936
4681,54:14.6,9.97984,11.24225,-0.88298,15.05872,48.40427,86.63848
4682,54:14.7,9.97984,11.24225,-0.88298,15.05872,48.40427,86.63848
4683,54:14.7,9.97984,11.24225,-0.88298,15.05872,48.40427,86.63848
4684,54:14.7,9.97984,11.24225,-0.85498,15.0571,48.40427,86.74484
4685,54:14.8,9.97984,11.24225,-0.85498,15.0571,48.40427,86.74484
4686,54:14.8,9.97984,11.24225,-0.85498,15.0571,48.40427,86.74484
4687,54:14.8,9.97984,11.24225,-0.82098,15.05521,48.40427,86.87403
4688,54:14.9,9.97984,11.24225,-0.82098,15.05521,48.40427,86.87403
4689,54:14.9,9.97984,11.24225,-0.82098,15.05521,48.40427,86.87403
4690,54:14.9,9.97984,11.24225,-0.79698,15.05392,48.40427,86.96524
4691,54:15.0,9.97984,11.24225,-0.79698,15.05392,48.40427,86.96524
4692,54:15.0,9.97984,11.24225,-0.79698,15.05392,48.40427,86.96524
4693,54:15.0,9.97984,11.24225,-0.75498,15.05176,48.40427,87.12489
4694,54:15.1,9.97984,11.24225,-0.75498,15.05176,48.40427,87.12489
4695,54:15.1,9.97984,11.24225,-0.75498,15.05176,48.40427,87.12489
4696,54:15.1,9.97984,11.24225,-0.72798,15.05043,48.40427,87.22755
4697,54:15.2,9.97984,11.24225,-0.72798,15.05043,48.40427,87.22755
4698,54:15.2,9.97984,11.24225,-0.72798,15.05043,48.40427,87.22755
4699,54:15.2,9.97984,11.24225,-0.70198,15.04919,48.40427,87.32642
4700,54:15.3,9.97984,11.24225,-0.70198,15.04919,48.40427,87.32642
4701,54:15.3,9.97984,11.24225,-0.70198,15.04919,48.40427,87.32642
4702,54:15.3,9.97984,11.24225,-0.67598,15.048,48.40427,87.42531
4703,54:15.4,9.97984,11.24225,-0.67598,15.048,48.40427,87.42531
4704,54:15.4,9.97984,11.24225,-0.67598,15.048,48.40427,87.42531
4705,54:15.4,9.97984,11.24225,-0.64698,15.04673,48.40427,87.53562
4706,54:15.5,9.97984,11.24225,-0.64698,15.04673,48.40427,87.53562
4707,54:15.5,9.97984,11.24225,-0.64698,15.04673,48.40427,87.53562
4708,54:15.5,9.97984,11.24225,-0.62598,15.04584,48.40427,87.61552
4709,54:15.6,9.97984,11.24225,-0.62598,15.04584,48.40427,87.61552
4710,54:15.6,9.97984,11.24225,-0.62598,15.04584,48.40427,87.61552
4711,54:15.6,9.97984,11.24225,-0.60898,15.04514,48.40427,87.6802
4712,54:15.7,9.97984,11.24225,-0.60898,15.04514,48.40427,87.6802
4713,54:15.7,9.97984,11.24225,-0.60898,15.04514,48.40427,87.6802
4714,54:15.7,9.97984,11.24225,-0.59398,15.04454,48.40427,87.73728
4715,54:15.8,9.97984,11.24225,-0.59398,15.04454,48.40427,87.73728
4716,54:15.8,9.97984,11.24225,-0.59398,15.04454,48.40427,87.73728
4717,54:15.8,9.97984,11.24225,-0.58698,15.04426,48.40427,87.76392
4718,54:15.9,9.97984,11.24225,-0.58698,15.04426,48.40427,87.76392
4719,54:15.9,9.97984,11.24225,-0.58698,15.04426,48.40427,87.76392
4720,54:15.9,9.97984,11.14778,-0.57798,14.97345,48.1641,87.78781
4721,54:16.0,9.97984,11.14778,-0.57798,14.97345,48.1641,87.78781
4722,54:16.0,9.97984,11.14778,-0.57798,14.97345,48.1641,87.78781
4723,54:16.0,9.97984,11.14778,-0.56998,14.97314,48.1641,87.8184
4724,54:16.1,9.97984,11.14778,-0.56998,14.97314,48.1641,87.8184
4725,54:16.1,9.97984,11.14778,-0.56998,14.97314,48.1641,87.8184
4726,54:16.1,9.97984,11.14778,-0.56498,14.97295,48.1641,87.83751
4727,54:16.2,9.97984,11.14778,-0.56498,14.97295,48.1641,87.83751
4728,54:16.2,9.97984,11.14778,-0.56498,14.97295,48.1641,87.83751
4729,54:16.2,9.97984,11.14778,-0.55998,14.97276,48.1641,87.85663
4730,54:16.3,9.97984,11.14778,-0.55998,14.97276,48.1641,87.85663
4731,54:16.3,9.97984,11.14778,-0.55998,14.97276,48.1641,87.85663
4732,54:16.3,9.97984,11.14778,-0.55798,14.97269,48.1641,87.86428
4733,54:16.4,9.97984,11.14778,-0.55798,14.97269,48.1641,87.86428
4734,54:16.4,9.97984,11.14778,-0.55798,14.97269,48.1641,87.86428
4735,54:16.4,9.97984,11.14778,-0.54698,14.97228,48.1641,87.90635
4736,54:16.5,9.97984,11.14778,-0.54698,14.97228,48.1641,87.90635
4737,54:16.5,9.97984,11.14778,-0.54698,14.97228,48.1641,87.90635
4738,54:16.5,9.97984,11.14778,-0.52498,14.9715,48.1641,87.99049
4739,54:16.6,9.97984,11.14778,-0.52498,14.9715,48.1641,87.99049
4740,54:16.6,9.97984,11.14778,-0.52498,14.9715,48.1641,87.99049
4741,54:16.6,9.97984,11.14778,-0.48898,14.97028,48.1641,88.12818
4742,54:16.7,9.97984,11.14778,-0.48898,14.97028,48.1641,88.12818
4743,54:16.7,9.97984,11.14778,-0.48898,14.97028,48.1641,88.12818
4744,54:16.7,9.97984,11.14778,-0.45198,14.96911,48.1641,88.26973
4745,54:16.8,9.97984,11.14778,-0.45198,14.96911,48.1641,88.26973
4746,54:16.8,9.97984,11.14778,-0.45198,14.96911,48.1641,88.26973
4747,54:16.8,9.97984,11.14778,-0.40298,14.96771,48.1641,88.45721
4748,54:16.9,9.97984,11.14778,-0.40298,14.96771,48.1641,88.45721
4749,54:16.9,9.97984,11.14778,-0.40298,14.96771,48.1641,88.45721
4750,54:16.9,9.97984,11.24225,-0.35898,15.03709,48.40427,88.63204
4751,54:17.0,9.97984,11.24225,-0.35898,15.03709,48.40427,88.63204
4752,54:17.0,9.97984,11.24225,-0.35898,15.03709,48.40427,88.63204
4753,54:17.0,9.97984,11.24225,-0.30198,15.03584,48.40427,88.84918
4754,54:17.1,9.97984,11.24225,-0.30198,15.03584,48.40427,88.84918
4755,54:17.1,9.97984,11.24225,-0.30198,15.03584,48.40427,88.84918
4756,54:17.1,9.97984,11.24225,-0.25698,15.035,48.40427,89.02064
4757,54:17.2,9.97984,11.24225,-0.25698,15.035,48.40427,89.02064
4758,54:17.2,9.97984,11.24225,-0.25698,15.035,48.40427,89.02064
4759,54:17.2,9.97984,11.24225,-0.21998,15.03442,48.40427,89.16162
4760,54:17.3,9.97984,11.24225,-0.21998,15.03442,48.40427,89.16162
4761,54:17.3,9.97984,11.24225,-0.21998,15.03442,48.40427,89.16162
4762,54:17.3,9.97984,11.24225,-0.18598,15.03396,48.40427,89.29119
4763,54:17.4,9.97984,11.24225,-0.18598,15.03396,48.40427,89.29119
4764,54:17.4,9.97984,11.24225,-0.18598,15.03396,48.40427,89.29119
4765,54:17.4,9.97984,11.24225,-0.15098,15.03357,48.40427,89.42457
4766,54:17.5,9.97984,11.24225,-0.15098,15.03357,48.40427,89.42457
4767,54:17.5,9.97984,11.24225,-0.15098,15.03357,48.40427,89.42457
4768,54:17.5,9.97984,11.14778,-0.12698,14.96283,48.1641,89.51375
4769,54:17.6,9.97984,11.14778,-0.12698,14.96283,48.1641,89.51375
4770,54:17.6,9.97984,11.14778,-0.12698,14.96283,48.1641,89.51375
4771,54:17.6,10.09073,11.14778,-0.10398,15.03684,47.84929,89.60379
4772,54:17.7,10.09073,11.14778,-0.10398,15.03684,47.84929,89.60379
4773,54:17.7,10.09073,11.14778,-0.10398,15.03684,47.84929,89.60379
4774,54:17.7,10.09073,11.14778,-0.08498,15.03672,47.84929,89.67618
4775,54:17.8,10.09073,11.14778,-0.08498,15.03672,47.84929,89.67618
4776,54:17.8,10.09073,11.14778,-0.08498,15.03672,47.84929,89.67618
4777,54:17.8,10.09073,11.14778,-0.06598,15.03662,47.84929,89.74858
4778,54:17.9,10.09073,11.14778,-0.06598,15.03662,47.84929,89.74858
4779,54:17.9,10.09073,11.14778,-0.06598,15.03662,47.84929,89.74858
4780,54:17.9,10.09073,11.14778,-0.04898,15.03656,47.84929,89.81336
4781,54:18.0,10.09073,11.14778,-0.04898,15.03656,47.84929,89.81336
4782,54:18.0,10.09073,11.14778,-0.04898,15.03656,47.84929,89.81336
4783,54:18.0,10.09073,11.14778,-0.03098,15.03651,47.84929,89.88194
4784,54:18.1,10.09073,11.14778,-0.03098,15.03651,47.84929,89.88194
4785,54:18.1,10.09073,11.14778,-0.03098,15.03651,47.84929,89.88194
4786,54:18.1,10.09073,11.0533,-0.01698,14.96658,47.60658,89.93499
4787,54:18.2,10.09073,11.0533,-0.01698,14.96658,47.60658,89.93499
4788,54:18.2,10.09073,11.0533,-0.01698,14.96658,47.60658,89.93499
4789,54:18.2,10.09073,11.0533,-0.00398,14.96657,47.60658,89.98475
4790,54:18.3,10.09073,11.0533,-0.00398,14.96657,47.60658,89.98475
4791,54:18.3,10.09073,11.0533,-0.00398,14.96657,47.60658,89.98475
4792,54:18.3,10.09073,11.0533,0.00402,14.96657,47.60658,90.01538
4793,54:18.4,10.09073,11.0533,0.00402,14.96657,47.60658,90.01538
4794,54:18.4,10.09073,11.0533,0.00402,14.96657,47.60658,90.01538
4795,54:18.4,10.09073,11.0533,0.00602,14.96657,47.60658,90.02304
4796,54:18.5,10.09073,11.0533,0.00602,14.96657,47.60658,90.02304
4797,54:18.5,10.09073,11.0533,0.00602,14.96657,47.60658,90.02304
4798,54:18.5,10.09073,11.0533,0.00702,14.96657,47.60658,90.02687
4799,54:18.6,10.09073,11.0533,0.00702,14.96657,47.60658,90.02687
4800,54:18.6,10.09073,11.0533,0.00702,14.96657,47.60658,90.02687
4801,54:18.6,10.09073,11.0533,0.00902,14.96657,47.60658,90.03452
4802,54:18.7,10.09073,11.0533,0.00902,14.96657,47.60658,90.03452
4803,54:18.7,10.09073,11.0533,0.00902,14.96657,47.60658,90.03452
4804,54:18.7,10.09073,11.0533,0.01102,14.96657,47.60658,90.04218
4805,54:18.8,10.09073,11.0533,0.01102,14.96657,47.60658,90.04218
4806,54:18.8,10.09073,11.0533,0.01102,14.96657,47.60658,90.04218
4807,54:18.8,10.09073,11.0533,0.01202,14.96658,47.60658,90.04601
4808,54:18.9,10.09073,11.0533,0.01202,14.96658,47.60658,90.04601
4809,54:18.9,10.09073,11.0533,0.01202,14.96658,47.60658,90.04601
4810,54:18.9,10.09073,11.0533,0.01102,14.96657,47.60658,90.04218
4811,54:19.0,10.09073,11.0533,0.01102,14.96657,47.60658,90.04218
4812,54:19.0,10.09073,11.0533,0.01102,14.96657,47.60658,90.04218
4813,54:19.0,10.09073,11.0533,0.00502,14.96657,47.60658,90.01921
4814,54:19.0,10.09073,11.0533,0.00502,14.96657,47.60658,90.01921
4815,54:19.1,10.09073,11.0533,0.00502,14.96657,47.60658,90.01921
4816,54:19.1,10.09073,11.0533,0.00402,14.96657,47.60658,90.01538
4817,54:19.1,10.09073,11.0533,0.00402,14.96657,47.60658,90.01538
4818,54:19.2,10.09073,11.0533,0.00402,14.96657,47.60658,90.01538
